tree
version=v4
num_class=1
num_tree_per_iteration=1
label_index=0
max_feature_idx=8
objective=binary sigmoid:1
feature_names=cs_sexo cs_escol_n tratamento agravalcoo hiv agravdroga agravtabac Adult Older
feature_infos=[0:1] [0:3] [0:1] [0:1] [0:1] [0:1] [0:1] [0:1] [0:1]
tree_sizes=1881 1887 1894 1891 1893 1887 1893 1888 1895 1890 1893 1886 1896 1896 1885 1887 1890 1900 1892 1902 1888 1895 1893 1893 1891 1901 1895 1892 1893 1896 1893 1904 1890 1904 1900 1896 1899 1897 1894 1904 1895 1894 1899 1898 1888 1897 1901 1889 1901 1902 1899 1893 1895 1905 1892 1902 1903 1900 1900 1899 1904 1905 1904 1888 1904 1901 1896 1900 1898 1894 1911 1899 1904 1891 1906 1903 1900 1903 1898 1901 1898 1909 1893 1908 1901 1895 1901 1893 1900 1904 1903 1901 1902 1905 1896 1903 1899 1908 1904 1904 1907 1911 1908 1905 1916 1910 1895 1907 1911 1907 1896 1905 1910 1900 1907 1901 1909 1894 1896 1910 1899 1910 1893 1904 1905 1891 1904 1898 1908 1904 1897 1896 1901 1910 1895 1898 1895 1909 1899 1891 1902 1896 1898 1893 1902 1896 1904 1905 1902 1892 1906 1904 1905 1909 1907 1893 1910 1914 1903 1909 1898 1908 1907 1896 1910 1891 1910 1910 1898 1909 1904 1912 1917 1900 1905 1894 1911 1909 1897 1910 1913 1899 1904 1906 1915 1906 1904 1913 1900 1906 1899 1896 1909 1910 1799 1902 1802 1899 1913 1907 1803 1896 1907 1799 1910 1791 1894 1908 1904 1796 1903 1913 1796 1892 1897 1908 1801 1910 1802 1915 1798 1906 1795 1912 1785 1912 1790 1918 1798 1904 1794 1905 1792 1911 1896 1914 1794 1795 1909 1902 1787 1794 1908 1906 1799 1910 1796 1905 1801 1906 1798 1915 1797 1898 1798 1904 1905 1899 1908 1899 1906 1902 1907 1904 1915 1912 1905 1903 1907 1906 1914 1897 1919 1907 1803 1905 1922 1800 1795 1900 1910 1920 1929 1908 1802 1918 1907 1920 1806 1909 1918 1920 1802 1919 1907 1795 1910 1801 1928 1801 1927 1912 1912 1904 1798 1915 1918 1798 1928 1801 1912 1795 1929 1805 1916 1805 1922 1804 1914 1915 1809 1923 1805 1917 1807 1919 1802 1906 1907 1924 1806 1911 1918 1909 1921 1917 1804 1912 1917 1934 1808 1910 1921 1916 1810 1931 1909 1910 1909 1916 1925 1917 1913 1809 1916 1813 1919 1921 1919 1927 1924 1807 1917 1926 1915 1922 1808 1932 1919 1927 1922 1921 1916 1922 1925 1806 1923 1808 1916 1928 1935 1920 1932 1917 1937 1805 1936 1918 1927 1805 1934 1923 1926 1924 1929 1808 1927 1914 1934 1932 1811 1928 1919 1934 1926 1809 1935 1922 1918 1937 1933 1808 1924 1916 1938 1815 1922 1918 1924 1924 1931 1922 1915 1926 1932 1923 1928 1921 1936 1926 1811 1934 1812 1938 1921 1926 1818 1923 1918 1938 1927 1935 1807 1923 1925 1927 1928 1922 1912 1922 1934 1817 1935 1922 1916 1920 1920 1926 1918 1930 1917 1928 1815 1937 1924 1923 1928 1928 1816 1933 1921 1933 1812 1936 1929 1933 1819 1940 1916 1820 1927 1820 1931 1826 1923 1937 1929 1932 1924 1933 1824 1935 1926 1944 1822 1935 1926 1935 1821 1931

Tree=0
num_leaves=16
num_cat=0
split_feature=2 5 7 5 3 0 7 3 8 0 1 8 4 7 1
split_gain=3893.17 2316.09 493.369 334.726 281.856 277.528 160.212 76.5169 20.7544 15.4818 14.3807 13.4553 12.0237 4.62716 2.66717
threshold=1.0000000180025095e-35 1.0000000180025095e-35 1.0000000180025095e-35 1.0000000180025095e-35 1.0000000180025095e-35 1.0000000180025095e-35 1.0000000180025095e-35 1.0000000180025095e-35 1.0000000180025095e-35 1.0000000180025095e-35 2.5000000000000004 1.0000000180025095e-35 1.0000000180025095e-35 1.0000000180025095e-35 1.5000000000000002
decision_type=2 2 2 2 2 2 2 2 2 2 2 2 2 2 2
left_child=1 2 4 6 -1 -4 7 -2 9 -3 -8 13 -10 -5 -13
right_child=3 8 5 11 -6 -7 10 -9 12 -11 -12 14 -14 -15 -16
leaf_value=-0.0045654796944216963 0.0068753103540880219 0.013049386265137731 -0.0023984734249479856 0.017031388409481728 0.0011491932959260833 0.003188642189551449 0.014196673230540816 0.012291562565901512 0.004373268064162739 0.010600043341356785 0.0053398230967998967 0.010870869777573205 0.013495396638427817 0.018476109123209298 0.015065828798227651
leaf_weight=4733.9895597696304 929.99794900417328 319.49929538369179 1415.2468788474798 360.49920496344566 1055.4976722300053 2391.2447264045477 823.49818387627602 362.49920055270195 73.249838456511497 1341.9970403909683 18.749958649277687 28.999936044216156 17.99996030330658 575.74873025715351 31.74992997944355
leaf_count=18936 3720 1278 5661 1442 4222 9565 3294 1450 293 5368 75 116 72 2303 127
internal_value=0.00296951 0.000245683 -0.00168504 0.0128401 -0.00352362 0.00111136 0.0106058 0.00839438 0.010816 0.011071 0.0139995 0.0176239 0.0061727 0.0179198 0.0130633
internal_weight=0 11348.7 9595.98 3131.74 5789.49 3806.49 2134.75 1292.5 1752.75 1661.5 842.248 996.998 91.2498 936.248 60.7499
internal_count=57922 45395 38384 12527 23158 15226 8539 5170 7011 6646 3369 3988 365 3745 243
is_linear=0
shrinkage=1


Tree=1
num_leaves=16
num_cat=0
split_feature=2 5 7 5 3 0 7 3 8 0 1 8 4 7 1
split_gain=3815.84 2270.03 483.554 328.128 276.25 272.005 157.042 75.0002 20.3428 15.1757 14.0962 13.1911 11.7852 4.53663 2.61454
threshold=1.0000000180025095e-35 1.0000000180025095e-35 1.0000000180025095e-35 1.0000000180025095e-35 1.0000000180025095e-35 1.0000000180025095e-35 1.0000000180025095e-35 1.0000000180025095e-35 1.0000000180025095e-35 1.0000000180025095e-35 2.5000000000000004 1.0000000180025095e-35 1.0000000180025095e-35 1.0000000180025095e-35 1.5000000000000002
decision_type=2 2 2 2 2 2 2 2 2 2 2 2 2 2 2
left_child=1 2 4 6 -1 -4 7 -2 9 -3 -8 13 -10 -5 -13
right_child=3 8 5 11 -6 -7 10 -9 12 -11 -12 14 -14 -15 -16
leaf_value=-0.0074596648555020533 0.0038667767399273184 0.0099794787156606227 -0.0053143021490391022 0.013922239888131497 -0.0018021129789753073 0.00021693829214912443 0.01111542648108732 0.009229158587516979 0.0013897206057157531 0.0075544213846160495 0.0023466181751597534 0.0078225579645587705 0.010421078041743009 0.015352812152342282 0.011976008540690697
leaf_weight=4733.9754513502121 929.98902440071106 319.4864028096199 1415.2479754686356 360.47384974360466 1055.4996225237846 2391.2438712269068 823.45852366089821 362.4863013625145 73.249650716781616 1341.9623249769211 18.749865889549255 28.999142646789551 17.999180316925049 575.70085752010345 31.748198390007019
leaf_count=18936 3720 1278 5661 1442 4222 9565 3294 1450 293 5368 75 116 72 2303 127
internal_value=0 -0.00269661 -0.00460801 0.00977227 -0.00642822 -0.00183957 0.00756018 0.0053707 0.00776827 0.00802075 0.0109202 0.014509 0.00317119 0.014802 0.00999326
internal_weight=0 11348.7 9595.97 3131.61 5789.48 3806.49 2134.68 1292.48 1752.7 1661.45 842.208 996.922 91.2488 936.175 60.7473
internal_count=57922 45395 38384 12527 23158 15226 8539 5170 7011 6646 3369 3988 365 3745 243
is_linear=0
shrinkage=0.01


Tree=2
num_leaves=16
num_cat=0
split_feature=2 5 7 5 3 0 7 3 8 0 4 8 4 7 1
split_gain=3740.22 2224.93 473.956 321.753 270.773 266.597 153.96 73.5213 19.941 14.8785 14.0171 12.9372 11.5524 4.45028 2.56359
threshold=1.0000000180025095e-35 1.0000000180025095e-35 1.0000000180025095e-35 1.0000000180025095e-35 1.0000000180025095e-35 1.0000000180025095e-35 1.0000000180025095e-35 1.0000000180025095e-35 1.0000000180025095e-35 1.0000000180025095e-35 1.0000000180025095e-35 1.0000000180025095e-35 1.0000000180025095e-35 1.0000000180025095e-35 1.5000000000000002
decision_type=2 2 2 2 2 2 2 2 2 2 2 2 2 2 2
left_child=1 2 4 6 -1 -4 7 -2 9 -3 -8 13 -10 -5 -13
right_child=3 8 5 11 -6 -7 10 -9 12 -11 -12 14 -14 -15 -16
leaf_value=-0.0073852973473284992 0.0038281748178216075 0.0098805769735694042 -0.0052612301991660079 0.013785329397937343 -0.0017840911361865323 0.00021476875432606724 0.010304313672337299 0.0091375828397487133 0.0013758285976048815 0.0074792848565532043 0.014089671477855557 0.0077447823546611559 0.010317878016526531 0.015202349217782341 0.011857749505377234
leaf_weight=4733.8290059566498 929.9731707572937 319.45764684677124 1415.2289111316204 360.41366332769394 1055.4998741745949 2391.2430160492659 729.13553102314472 362.45803982019424 73.249393120408058 1341.8894546031952 112.98230196535587 28.997465968132019 17.997426152229309 575.58531092107296 31.744195863604546
leaf_count=18936 3720 1278 5661 1442 4222 9565 2917 1450 293 5368 452 116 72 2303 127
internal_value=0 -0.0026697 -0.00456201 0.00967553 -0.0063641 -0.00182118 0.00748505 0.00531718 0.00769104 0.00794103 0.0108122 0.0143665 0.00313955 0.0146567 0.00989426
internal_weight=0 11348.4 9595.8 3131.29 5789.33 3806.47 2134.55 1292.43 1752.59 1661.35 842.118 996.741 91.2468 935.999 60.7417
internal_count=57922 45395 38384 12527 23158 15226 8539 5170 7011 6646 3369 3988 365 3745 243
is_linear=0
shrinkage=0.01


Tree=3
num_leaves=16
num_cat=0
split_feature=2 5 7 5 3 0 7 3 8 0 1 8 4 7 1
split_gain=3666.28 2180.78 464.572 315.591 265.422 261.301 150.961 72.0787 19.5486 14.5898 13.8251 12.6933 11.325 4.36786 2.51424
threshold=1.0000000180025095e-35 1.0000000180025095e-35 1.0000000180025095e-35 1.0000000180025095e-35 1.0000000180025095e-35 1.0000000180025095e-35 1.0000000180025095e-35 1.0000000180025095e-35 1.0000000180025095e-35 1.0000000180025095e-35 2.5000000000000004 1.0000000180025095e-35 1.0000000180025095e-35 1.0000000180025095e-35 1.5000000000000002
decision_type=2 2 2 2 2 2 2 2 2 2 2 2 2 2 2
left_child=1 2 4 6 -1 -4 7 -2 9 -3 -8 13 -10 -5 -13
right_child=3 8 5 11 -6 -7 10 -9 12 -11 -12 14 -14 -15 -16
leaf_value=-0.0073118714146017932 0.0037899849447216236 0.0097831302714035968 -0.0052087607911563026 0.013651053013335005 -0.0017662526931537346 0.00021262067269369367 0.010899196897419011 0.0090472912941434551 0.0013620771818526076 0.0074051012683779205 0.0022147372259572083 0.0076680075875169883 0.010216238086698883 0.015055086653151891 0.011741478245696007
leaf_weight=4733.5541739463806 929.95066523551941 319.41350358724594 1415.190445035696 360.31967711448669 1055.498427182436 2391.2421608716249 823.23109339177608 362.41482645273209 73.249065667390823 1341.7795491218567 18.748379841446877 28.994933664798737 17.994726777076721 575.40411518514156 31.73799242079258
leaf_count=18936 3720 1278 5661 1442 4222 9565 3294 1450 293 5368 75 116 72 2303 127
internal_value=0 -0.00264312 -0.00451654 0.00958027 -0.00630076 -0.00180299 0.00741092 0.00526428 0.00761482 0.00786235 0.0107058 0.0142269 0.00310826 0.0145144 0.00979673
internal_weight=0 11347.9 9595.49 3130.8 5789.05 3806.43 2134.34 1292.37 1752.44 1661.19 841.979 996.457 91.2438 935.724 60.7329
internal_count=57922 45395 38384 12527 23158 15226 8539 5170 7011 6646 3369 3988 365 3745 243
is_linear=0
shrinkage=0.01


Tree=4
num_leaves=16
num_cat=0
split_feature=2 5 7 5 3 0 7 3 8 0 4 8 4 7 1
split_gain=3593.96 2137.55 455.393 309.629 260.193 256.114 148.044 70.6713 19.1654 14.3091 13.753 12.4587 11.103 4.28915 2.46642
threshold=1.0000000180025095e-35 1.0000000180025095e-35 1.0000000180025095e-35 1.0000000180025095e-35 1.0000000180025095e-35 1.0000000180025095e-35 1.0000000180025095e-35 1.0000000180025095e-35 1.0000000180025095e-35 1.0000000180025095e-35 1.0000000180025095e-35 1.0000000180025095e-35 1.0000000180025095e-35 1.0000000180025095e-35 1.5000000000000002
decision_type=2 2 2 2 2 2 2 2 2 2 2 2 2 2 2
left_child=1 2 4 6 -1 -4 7 -2 9 -3 -8 13 -10 -5 -13
right_child=3 8 5 11 -6 -7 10 -9 12 -11 -12 14 -14 -15 -16
leaf_value=-0.0072393656657751375 0.0037522027858936341 0.0096870978733412001 -0.0051568830071194458 0.013519321715057236 -0.0017485957254998851 0.00021049466328569919 0.01009799877957916 0.0089582505317262369 0.0013484633081244186 0.0073318509105276333 0.013848371862551683 0.0075922127625075086 0.01011611836397522 0.014910912196096263 0.011627133369973904
leaf_weight=4733.1549056768417 929.92161870002747 319.35446816682816 1415.13299895823 360.19290101528168 1055.4953444600105 2391.2411631643772 728.86268925666809 362.35715821385384 73.248677089810371 1341.6338083744049 112.92989477515221 28.991568207740784 17.991111159324646 575.15926072001457 31.729652404785156
leaf_count=18936 3720 1278 5661 1442 4222 9565 2917 1450 293 5368 452 116 72 2303 127
internal_value=0 -0.00261684 -0.00447159 0.00948647 -0.00623819 -0.00178499 0.00733775 0.00521199 0.00753957 0.00778469 0.0106011 0.0140901 0.00307731 0.014375 0.00970065
internal_weight=0 11347.3 9595.02 3130.14 5788.65 3806.37 2134.07 1292.28 1752.23 1660.99 841.793 996.073 91.2398 935.352 60.7212
internal_count=57922 45395 38384 12527 23158 15226 8539 5170 7011 6646 3369 3988 365 3745 243
is_linear=0
shrinkage=0.01


Tree=5
num_leaves=16
num_cat=0
split_feature=2 5 7 5 3 0 7 3 8 1 1 8 4 7 1
split_gain=3523.23 2095.22 446.416 303.861 255.083 251.035 145.204 69.298 18.7911 14.2634 13.5653 12.233 10.8861 4.21393 2.42005
threshold=1.0000000180025095e-35 1.0000000180025095e-35 1.0000000180025095e-35 1.0000000180025095e-35 1.0000000180025095e-35 1.0000000180025095e-35 1.0000000180025095e-35 1.0000000180025095e-35 1.0000000180025095e-35 1.5000000000000002 2.5000000000000004 1.0000000180025095e-35 1.0000000180025095e-35 1.0000000180025095e-35 1.5000000000000002
decision_type=2 2 2 2 2 2 2 2 2 2 2 2 2 2 2
left_child=1 2 4 6 -1 -4 7 -2 9 -3 -8 13 -10 -5 -13
right_child=3 8 5 11 -6 -7 10 -9 12 -11 -12 14 -14 -15 -16
leaf_value=-0.0071677631168198799 0.0037148221752503698 0.0087064199777218774 -0.0051055892569955496 0.013390051239561149 -0.0017311171191003955 0.00020839068366620883 0.010689651816724217 0.0088704314842553127 0.0013349863853188983 0.0068477844511345906 0.0020864573753845428 0.0075173772444543964 0.010017476616887171 0.014769713948516042 0.011514657566526715
leaf_weight=4732.6351515054703 929.88630831241608 768.64634341001511 1415.0572477430105 360.03436642885208 1055.4906260073185 2391.2401654571295 822.81545144319534 362.28546723723412 73.248223021626472 892.08796834945679 18.745343267917633 28.987397253513336 17.986608266830444 574.85266929864883 31.719243943691254
leaf_count=18936 3720 3076 5661 1442 4222 9565 3294 1450 293 3570 75 116 72 2303 127
internal_value=0 -0.00259087 -0.00442715 0.00939408 -0.00617637 -0.00176717 0.00726554 0.0051603 0.00746529 0.00770803 0.010498 0.0139559 0.00304671 0.0142384 0.00960596
internal_weight=0 11346.4 9594.42 3129.33 5788.13 3806.3 2133.73 1292.17 1751.97 1660.73 841.561 995.594 91.2348 934.887 60.7066
internal_count=57922 45395 38384 12527 23158 15226 8539 5170 7011 6646 3369 3988 365 3745 243
is_linear=0
shrinkage=0.01


Tree=6
num_leaves=16
num_cat=0
split_feature=2 5 7 5 3 0 7 3 7 1 4 8 8 7 6
split_gain=3454.04 2053.77 437.635 298.275 250.088 246.06 142.439 67.9575 18.4421 14.4539 13.504 12.0156 9.81239 4.14201 2.37813
threshold=1.0000000180025095e-35 1.0000000180025095e-35 1.0000000180025095e-35 1.0000000180025095e-35 1.0000000180025095e-35 1.0000000180025095e-35 1.0000000180025095e-35 1.0000000180025095e-35 1.0000000180025095e-35 1.5000000000000002 1.0000000180025095e-35 1.0000000180025095e-35 1.0000000180025095e-35 1.0000000180025095e-35 1.0000000180025095e-35
decision_type=2 2 2 2 2 2 2 2 2 2 2 2 2 2 2
left_child=1 2 4 6 -1 -4 7 -2 12 -10 -8 13 -3 -5 -13
right_child=3 8 5 11 -6 -7 10 -9 9 -11 -12 14 -14 -15 -16
leaf_value=-0.0070970451187224032 0.0036778389165073315 0.0065532612356751976 -0.0050548683803591831 0.013263158606203185 -0.0017138161548203822 0.00020630580552599077 0.0098978245422811778 0.0087838050478213064 0.0094475846345854382 0.0071443082595356493 0.013615447327383654 0.0069315760455500039 0.0030164377073591464 0.014631386652161672 0.011030823481761556
leaf_weight=4731.998579621315 929.84495580196381 559.64038395881653 1414.9637818783522 359.84504029154778 1055.484397649765 2391.2391677498817 728.4386942833662 362.20018565654755 495.42072284221649 605.37512731552124 112.84467336535454 22.476761519908905 91.22895060479641 574.48633132874966 38.21251280605793
leaf_count=18936 3720 2240 5661 1442 4222 9565 2917 1450 1983 2423 452 90 365 2303 153
internal_value=0 -0.0025652 -0.00438322 0.00930306 -0.00611529 -0.00174955 0.00719425 0.0051092 0.00739192 0.00818091 0.0103965 0.0138244 0.00605752 0.0141044 0.00951263
internal_weight=0 11345.4 9593.69 3128.35 5787.48 3806.2 2133.33 1292.05 1751.67 1100.8 841.283 995.021 650.869 934.331 60.6893
internal_count=57922 45395 38384 12527 23158 15226 8539 5170 7011 4406 3369 3988 2605 3745 243
is_linear=0
shrinkage=0.01


Tree=7
num_leaves=16
num_cat=0
split_feature=2 5 7 5 3 0 7 3 7 1 1 8 8 7 1
split_gain=3386.36 2013.17 429.044 292.863 245.204 241.188 139.745 66.6489 18.0869 14.1771 13.3158 11.807 9.62232 4.07321 2.38026
threshold=1.0000000180025095e-35 1.0000000180025095e-35 1.0000000180025095e-35 1.0000000180025095e-35 1.0000000180025095e-35 1.0000000180025095e-35 1.0000000180025095e-35 1.0000000180025095e-35 1.0000000180025095e-35 1.5000000000000002 2.5000000000000004 1.0000000180025095e-35 1.0000000180025095e-35 1.0000000180025095e-35 1.5000000000000002
decision_type=2 2 2 2 2 2 2 2 2 2 2 2 2 2 2
left_child=1 2 4 6 -1 -4 7 -2 12 -10 -8 13 -3 -5 -13
right_child=3 8 5 11 -6 -7 10 -9 9 -11 -12 14 -14 -15 -16
leaf_value=-0.0070271937842055323 0.0036412468667215347 0.0064888766116932804 -0.0050047139534453635 0.013138568365703278 -0.0016966907121460492 0.00020424295722698286 0.010486424963823349 0.0086983429022632914 0.0093555977533831894 0.0070742134775194651 0.001961644286806286 0.0073488907178487781 0.0029863785458489594 0.014495833009143051 0.011314342378402181
leaf_weight=4731.2485760450363 929.7976166009903 559.54185889661312 1414.8530231416225 359.62588953971863 1055.4767223000526 2391.238170042634 822.22295106947422 362.10172399878502 495.28956085443497 605.26033027470112 18.740879446268082 28.974862053990364 91.225757390260696 574.06199699640274 31.695129379630089
leaf_count=18936 3720 2240 5661 1442 4222 9565 3294 1450 1983 2423 75 116 365 2303 127
internal_value=0 -0.00253982 -0.00433978 0.00921338 -0.00605493 -0.0017321 0.00712387 0.00505868 0.00731946 0.00810092 0.0102965 0.0136953 0.00599789 0.0139731 0.00942052
internal_weight=0 11344.1 9592.82 3127.22 5786.73 3806.09 2132.86 1291.9 1751.32 1100.55 840.964 994.358 650.768 933.688 60.67
internal_count=57922 45395 38384 12527 23158 15226 8539 5170 7011 4406 3369 3988 2605 3745 243
is_linear=0
shrinkage=0.01


Tree=8
num_leaves=16
num_cat=0
split_feature=2 5 7 5 3 0 7 3 7 1 4 8 4 7 6
split_gain=3320.13 1973.42 420.639 287.619 240.429 236.416 137.121 65.3711 17.7407 13.908 13.2688 11.6053 9.51441 4.00735 2.33703
threshold=1.0000000180025095e-35 1.0000000180025095e-35 1.0000000180025095e-35 1.0000000180025095e-35 1.0000000180025095e-35 1.0000000180025095e-35 1.0000000180025095e-35 1.0000000180025095e-35 1.0000000180025095e-35 1.5000000000000002 1.0000000180025095e-35 1.0000000180025095e-35 1.0000000180025095e-35 1.0000000180025095e-35 1.0000000180025095e-35
decision_type=2 2 2 2 2 2 2 2 2 2 2 2 2 2 2
left_child=1 2 4 6 -1 -4 7 -2 12 -10 -8 13 -3 -5 -13
right_child=3 8 5 11 -6 -7 10 -9 9 -11 -12 14 -14 -15 -16
leaf_value=-0.0069581924368455096 0.0036050409908048261 0.0053723754510697176 -0.0049551149278848341 0.013016204877171486 -0.001679738440336557 0.0002022003997778118 0.0097034671816613686 0.008614019335772969 0.0092648912321021907 0.0070049703903918518 0.013390407191966569 0.0067704362222597353 0.0085198790738933907 0.014362953448284026 0.010835437391191399
leaf_weight=4730.3885267972946 929.74462330341339 533.53249284625053 1414.7255620211363 359.37783813476562 1055.4675370454788 2391.2370298057795 727.87286870181561 361.99049279093742 495.13797156512737 605.13146479427814 112.7285079061985 22.463221192359924 117.12220551073551 573.58158807456493 38.184202462434769
leaf_count=18936 3720 2136 5661 1442 4222 9565 2917 1450 1983 2423 452 90 469 2303 153
internal_value=0 -0.00251473 -0.00429684 0.009125 -0.00599529 -0.00171484 0.00705439 0.00500874 0.0072479 0.00802197 0.0101979 0.0135686 0.00593895 0.0138442 0.0093298
internal_weight=0 11342.7 9591.82 3125.94 5785.86 3805.96 2132.34 1291.74 1750.92 1100.27 840.601 993.607 650.655 932.959 60.6474
internal_count=57922 45395 38384 12527 23158 15226 8539 5170 7011 4406 3369 3988 2605 3745 243
is_linear=0
shrinkage=0.01


Tree=9
num_leaves=16
num_cat=0
split_feature=2 5 7 5 3 0 7 3 8 0 1 8 4 7 1
split_gain=3255.34 1934.48 412.414 282.534 235.76 231.742 134.563 64.1231 17.6288 14.0586 13.076 11.4115 10.6041 3.94427 2.3422
threshold=1.0000000180025095e-35 1.0000000180025095e-35 1.0000000180025095e-35 1.0000000180025095e-35 1.0000000180025095e-35 1.0000000180025095e-35 1.0000000180025095e-35 1.0000000180025095e-35 1.0000000180025095e-35 1.0000000180025095e-35 2.5000000000000004 1.0000000180025095e-35 1.0000000180025095e-35 1.0000000180025095e-35 1.5000000000000002
decision_type=2 2 2 2 2 2 2 2 2 2 2 2 2 2 2
left_child=1 2 4 6 -1 -4 7 -2 9 -3 -8 13 -10 -5 -13
right_child=3 8 5 11 -6 -7 10 -9 12 -11 -12 14 -14 -15 -16
leaf_value=-0.0068900253001050607 0.0035692166692588697 0.0092994174148242886 -0.0049060649195590495 0.012895997814480687 -0.0016629579875026804 0.00020017869471389637 0.010289177145588864 0.0085308061232984983 0.0012080145015576742 0.0069634785065672763 0.0018401723318561547 0.0071848431988451459 0.009780183833712203 0.014232660613624156 0.011119944156545261
leaf_weight=4729.422382235527 929.68603134155273 318.95349331200123 1414.5819046497345 359.10178855061531 1055.4569677114487 2391.2358895689249 821.46432057023048 361.86690255999565 73.240682870149612 1340.3239270448685 18.735101759433746 28.958402127027512 17.971868991851807 573.04678611457348 31.664695009589195
leaf_count=18936 3720 1278 5661 1442 4222 9565 3294 1450 293 5368 75 116 72 2303 127
internal_value=0 -0.00248993 -0.00425437 0.00903788 -0.00593634 -0.00169776 0.00698577 0.00495935 0.00717721 0.0074125 0.0101008 0.0134443 0.00289701 0.0137177 0.00924023
internal_weight=0 11341.2 9590.7 3124.52 5784.88 3805.82 2131.75 1291.55 1750.49 1659.28 840.199 992.772 91.2126 932.149 60.6231
internal_count=57922 45395 38384 12527 23158 15226 8539 5170 7011 6646 3369 3988 365 3745 243
is_linear=0
shrinkage=0.01


Tree=10
num_leaves=16
num_cat=0
split_feature=2 5 7 5 3 0 7 3 7 1 4 8 4 7 1
split_gain=3191.93 1896.35 404.366 277.601 231.194 227.164 132.07 62.904 17.3083 13.6544 13.0463 11.2239 9.24807 3.88381 2.3001
threshold=1.0000000180025095e-35 1.0000000180025095e-35 1.0000000180025095e-35 1.0000000180025095e-35 1.0000000180025095e-35 1.0000000180025095e-35 1.0000000180025095e-35 1.0000000180025095e-35 1.0000000180025095e-35 1.5000000000000002 1.0000000180025095e-35 1.0000000180025095e-35 1.0000000180025095e-35 1.0000000180025095e-35 1.5000000000000002
decision_type=2 2 2 2 2 2 2 2 2 2 2 2 2 2 2
left_child=1 2 4 6 -1 -4 7 -2 12 -10 -8 13 -3 -5 -13
right_child=3 8 5 11 -6 -7 10 -9 9 -11 -12 14 -14 -15 -16
leaf_value=-0.006822675165709286 0.0035337682167098073 0.0052556182205151713 -0.0048575538628535557 0.012777878168616712 -0.0016463469084800845 0.00019817785387746221 0.0095146249295943001 0.0084486781095403224 0.0091042278612354817 0.0068643374576108545 0.013172800683413997 0.00711503009838801 0.0083596473003830895 0.014104864706523002 0.011015459944668012
leaf_weight=4728.3532462120056 929.62211787700653 533.32294155657291 1414.4226415157318 358.79864326119423 1055.4450142979622 2391.2346068024635 727.17401541769505 361.73134222626686 494.81321476399899 604.82061234116554 112.58317542076111 28.950160026550293 117.05005887150764 572.45934130251408 31.645486637949944
leaf_count=18936 3720 2136 5661 1442 4222 9565 2917 1450 1983 2423 452 116 469 2303 127
internal_value=0 -0.00246541 -0.00421238 0.008952 -0.00587808 -0.00168085 0.00691801 0.00491052 0.00710741 0.00787224 0.0100051 0.0133222 0.00581426 0.0135936 0.00915199
internal_weight=0 11339.5 9589.46 3122.96 5783.8 3805.66 2131.11 1291.35 1750.01 1099.63 839.757 991.854 650.373 931.258 60.5956
internal_count=57922 45395 38384 12527 23158 15226 8539 5170 7011 4406 3369 3988 2605 3745 243
is_linear=0
shrinkage=0.01


Tree=11
num_leaves=16
num_cat=0
split_feature=2 5 7 5 3 0 7 3 8 0 1 8 4 7 6
split_gain=3129.87 1859 396.489 272.814 226.727 222.679 129.638 61.713 17.2013 13.7918 12.845 11.0427 10.329 3.82585 2.30205
threshold=1.0000000180025095e-35 1.0000000180025095e-35 1.0000000180025095e-35 1.0000000180025095e-35 1.0000000180025095e-35 1.0000000180025095e-35 1.0000000180025095e-35 1.0000000180025095e-35 1.0000000180025095e-35 1.0000000180025095e-35 2.5000000000000004 1.0000000180025095e-35 1.0000000180025095e-35 1.0000000180025095e-35 1.0000000180025095e-35
decision_type=2 2 2 2 2 2 2 2 2 2 2 2 2 2 2
left_child=1 2 4 6 -1 -4 7 -2 9 -3 -8 13 -10 -5 -13
right_child=3 8 5 11 -6 -7 10 -9 12 -11 -12 14 -14 -15 -16
leaf_value=-0.0067561265118967987 0.0034986922992732094 0.0091406296116589743 -0.0048095742466565915 0.012661781435067621 -0.0016299037476104946 0.00019619607281940764 0.010097596786667773 0.0083676121876870308 0.0011434770102291794 0.0068261281387983217 0.0017219250388747355 0.0065233876677524387 0.0096065308449631119 0.013979482841395854 0.010560455561417855
leaf_weight=4727.1842225790024 929.55299377441406 318.712277084589 1414.2481943964958 358.46926176548004 1055.4317397177219 2391.233466565609 820.54983334243298 361.58420071005821 73.234574779868126 1339.5852984189987 18.728117674589157 22.43608470261097 17.957510590553284 571.8209695070982 38.129729881882668
leaf_count=18936 3720 1278 5661 1442 4222 9565 3294 1450 293 5368 75 90 72 2303 153
internal_value=0 -0.00244116 -0.00417085 0.00886731 -0.0058205 -0.00166412 0.00685108 0.00486224 0.00703843 0.00727096 0.0099107 0.0132024 0.00281002 0.0134717 0.00906496
internal_weight=0 11337.6 9588.1 3121.27 5782.62 3805.48 2130.42 1291.14 1749.49 1658.3 839.278 990.856 91.1921 930.29 60.5658
internal_count=57922 45395 38384 12527 23158 15226 8539 5170 7011 6646 3369 3988 365 3745 243
is_linear=0
shrinkage=0.01


Tree=12
num_leaves=16
num_cat=0
split_feature=2 5 7 5 3 1 7 3 7 1 4 8 4 7 1
split_gain=3069.13 1822.41 388.78 268.165 222.357 218.915 127.266 60.549 16.8915 13.4099 12.8355 10.8685 8.99198 3.77024 2.26497
threshold=1.0000000180025095e-35 1.0000000180025095e-35 1.0000000180025095e-35 1.0000000180025095e-35 1.0000000180025095e-35 2.5000000000000004 1.0000000180025095e-35 1.0000000180025095e-35 1.0000000180025095e-35 1.5000000000000002 1.0000000180025095e-35 1.0000000180025095e-35 1.0000000180025095e-35 1.0000000180025095e-35 1.5000000000000002
decision_type=2 2 2 2 2 2 2 2 2 2 2 2 2 2 2
left_child=1 2 4 6 -1 -4 7 -2 12 -10 -8 13 -3 -5 -13
right_child=3 8 5 11 -6 -7 10 -9 9 -11 -12 14 -14 -15 -16
leaf_value=-0.0066903653976412535 0.0034639828127720836 0.0051416174732717554 -0.00096722449528227898 0.012547643561805003 -0.0016136277038301394 -0.010103510159368315 0.0093310187922152031 0.0082875838744172776 0.0089475958241727483 0.0067270753243633572 0.012962205407301893 0.0069571048483351942 0.0082034197906918852 0.013856435220869347 0.010829549552876825
leaf_weight=4725.9186973571777 929.47888076305389 533.07998886704445 3521.9280641824007 358.11448207497597 1055.4172068834305 283.36318904161453 726.35055185854435 361.42584532499313 494.42765027284622 604.45480792224407 112.41039872169495 28.928548991680145 116.96367114782333 571.13328364491463 31.606009349226952
leaf_count=18936 3720 2136 14092 1442 4222 1134 2917 1450 1983 2423 452 116 469 2303 127
internal_value=0 -0.00241718 -0.00412978 0.00878381 -0.00576358 -0.00164756 0.00678497 0.00481449 0.0069703 0.00772617 0.00981767 0.0130846 0.00569253 0.0133521 0.00897897
internal_weight=0 11335.6 9586.63 3119.45 5781.34 3805.29 2129.67 1290.9 1748.93 1098.88 838.761 989.782 650.044 929.248 60.5346
internal_count=57922 45395 38384 12527 23158 15226 8539 5170 7011 4406 3369 3988 2605 3745 243
is_linear=0
shrinkage=0.01


Tree=13
num_leaves=16
num_cat=0
split_feature=2 5 7 5 3 0 7 3 8 0 1 8 4 7 6
split_gain=3009.66 1786.56 381.251 263.65 218.083 217.796 124.952 59.4114 16.7874 13.5345 12.6222 10.6995 10.0632 3.71686 2.2645
threshold=1.0000000180025095e-35 1.0000000180025095e-35 1.0000000180025095e-35 1.0000000180025095e-35 1.0000000180025095e-35 1.0000000180025095e-35 1.0000000180025095e-35 1.0000000180025095e-35 1.0000000180025095e-35 1.0000000180025095e-35 2.5000000000000004 1.0000000180025095e-35 1.0000000180025095e-35 1.0000000180025095e-35 1.0000000180025095e-35
decision_type=2 2 2 2 2 2 2 2 2 2 2 2 2 2 2
left_child=1 2 4 6 -1 -4 7 -2 9 -3 -8 13 -10 -5 -13
right_child=3 8 5 11 -6 -7 10 -9 12 -11 -12 14 -14 -15 -16
leaf_value=-0.0066253768315793042 0.0034296359818443913 0.0089857999691849676 -0.0047423132121345015 0.012435404530679912 -0.0015975147247346191 0.00020856747848776235 0.009911389974280909 0.0082085695527008441 0.0010807384076410955 0.006692039619572555 0.0016067925252843066 0.0063724772331266132 0.0094374208178344497 0.013735643729758468 0.010378502317432477
leaf_weight=4724.5597743988037 929.39983427524567 318.43275198340416 1413.9722537100315 357.73516368865967 1055.4014787077904 2391.2378486245871 819.48933725059032 361.25666499137878 73.227174341678619 1338.7306486368179 18.720027133822441 22.41584287583828 17.940560102462769 570.39793094992638 38.084455773234367
leaf_count=18936 3720 1278 5661 1442 4222 9565 3294 1450 293 5368 75 90 72 2303 153
internal_value=0 -0.00239344 -0.00408911 0.00870144 -0.00570731 -0.00163112 0.00671966 0.00476727 0.00690296 0.0071328 0.00972592 0.0129689 0.00272522 0.0132345 0.00889424
internal_weight=0 11333.5 9585.17 3117.5 5779.96 3805.21 2128.87 1290.66 1748.33 1657.16 838.209 988.633 91.1677 928.133 60.5003
internal_count=57922 45395 38384 12527 23158 15226 8539 5170 7011 6646 3369 3988 365 3745 243
is_linear=0
shrinkage=0.01


Tree=14
num_leaves=16
num_cat=0
split_feature=2 5 7 5 4 1 7 4 7 1 4 8 8 7 1
split_gain=2951.46 1751.46 373.864 259.262 215.832 214.13 122.693 58.5722 16.4894 13.1738 12.6354 10.5367 8.76648 3.66559 2.23124
threshold=1.0000000180025095e-35 1.0000000180025095e-35 1.0000000180025095e-35 1.0000000180025095e-35 1.0000000180025095e-35 2.5000000000000004 1.0000000180025095e-35 1.0000000180025095e-35 1.0000000180025095e-35 1.5000000000000002 1.0000000180025095e-35 1.0000000180025095e-35 1.0000000180025095e-35 1.0000000180025095e-35 1.5000000000000002
decision_type=2 2 2 2 2 2 2 2 2 2 2 2 2 2 2
left_child=1 2 4 6 -1 -4 7 -2 12 -10 -8 13 -3 -5 -13
right_child=3 8 5 11 -6 -7 10 -9 9 -11 -12 14 -14 -15 -16
leaf_value=-0.0061748040571703864 0.0038717618432978101 0.0060429496744656367 -0.00094208718400713416 0.012325007177592726 0.0014882246513473313 -0.0099791358027903794 0.0091523874391631291 0.010068214305497893 0.0087948232541015092 0.0065930542216387335 0.012758234445589829 0.0068031547498470469 0.0026983132331282185 0.013617036763311184 0.010648821087287534
leaf_weight=5384.016491740942 1113.6325163543224 558.51361298561096 3521.7147806435823 357.33208015561104 394.47827592492104 283.28513759374619 725.41054867208004 176.76057732105255 493.98490808904171 604.03763374686241 112.21180139482021 28.903614789247513 91.156190678477287 569.61642138659954 31.561134979128838
leaf_count=21577 4462 2240 14092 1442 1581 1134 2917 708 1983 2423 452 116 365 2303 127
internal_value=0 -0.00237 -0.00404893 0.00862019 -0.00565168 -0.0016149 0.00665514 0.00472056 0.00683644 0.0075836 0.00963544 0.0128551 0.00557366 0.013119 0.0088105
internal_weight=0 11331.2 9583.49 3115.43 5778.49 3805 2128.02 1290.39 1747.69 1098.02 837.622 987.413 649.67 926.949 60.4647
internal_count=57922 45395 38384 12527 23158 15226 8539 5170 7011 4406 3369 3988 2605 3745 243
is_linear=0
shrinkage=0.01


Tree=15
num_leaves=16
num_cat=0
split_feature=2 5 7 5 3 0 7 3 7 1 4 8 4 7 6
split_gain=2894.43 1717.04 366.624 255.01 214.095 213.026 120.499 58.4206 16.1843 12.9339 12.4251 10.3786 8.75279 3.61633 2.22842
threshold=1.0000000180025095e-35 1.0000000180025095e-35 1.0000000180025095e-35 1.0000000180025095e-35 1.0000000180025095e-35 1.0000000180025095e-35 1.0000000180025095e-35 1.0000000180025095e-35 1.0000000180025095e-35 1.5000000000000002 1.0000000180025095e-35 1.0000000180025095e-35 1.0000000180025095e-35 1.0000000180025095e-35 1.0000000180025095e-35
decision_type=2 2 2 2 2 2 2 2 2 2 2 2 2 2 2
left_child=1 2 4 6 -1 -4 7 -2 12 -10 -8 13 -3 -5 -13
right_child=3 8 5 11 -6 -7 10 -9 9 -11 -12 14 -14 -15 -16
leaf_value=-0.0065066047084424341 0.0033478830403920945 0.0049758332994172556 -0.0046761922749869187 0.012216394673668297 -0.0015244799930839189 0.00022051266438719857 0.0090670874274870802 0.0080882887119177911 0.0087116278536123037 0.006529489121753663 0.01264467054200295 0.0062252806984388707 0.0079983098846730556 0.013500543304928459 0.01020151767356251
leaf_weight=4721.7918607294559 929.188093572855 532.65839771926403 1413.6625948995352 356.90604799985886 1055.3118242025375 2391.235678806901 724.91506627202034 360.97405734658241 493.71671718358994 603.8198916465044 112.08801287412643 22.393331587314606 116.82633665204048 568.79033355414867 38.033011004328728
leaf_count=18936 3720 2136 5661 1442 4222 9565 2917 1450 1983 2423 452 90 469 2303 153
internal_value=0 -0.00234675 -0.00400907 0.00853989 -0.00559651 -0.0015988 0.00659124 0.0046742 0.00677069 0.0075111 0.00954618 0.0127433 0.0055195 0.0130054 0.00872797
internal_weight=0 11329 9582 3113.29 5777.1 3804.9 2127.17 1290.16 1747.02 1097.54 837.003 986.123 649.485 925.696 60.4263
internal_count=57922 45395 38384 12527 23158 15226 8539 5170 7011 4406 3369 3988 2605 3745 243
is_linear=0
shrinkage=0.01


Tree=16
num_leaves=16
num_cat=0
split_feature=2 5 7 5 4 1 7 4 8 0 1 8 4 7 1
split_gain=2838.63 1683.35 359.543 250.861 211.762 209.47 118.346 57.5436 16.0792 13.2996 12.4235 10.2262 9.80823 3.56897 2.19878
threshold=1.0000000180025095e-35 1.0000000180025095e-35 1.0000000180025095e-35 1.0000000180025095e-35 1.0000000180025095e-35 2.5000000000000004 1.0000000180025095e-35 1.0000000180025095e-35 1.0000000180025095e-35 1.0000000180025095e-35 2.5000000000000004 1.0000000180025095e-35 1.0000000180025095e-35 1.0000000180025095e-35 1.5000000000000002
decision_type=2 2 2 2 2 2 2 2 2 2 2 2 2 2 2
left_child=1 2 4 6 -1 -4 7 -2 9 -3 -8 13 -10 -5 -13
right_child=3 8 5 11 -6 -7 10 -9 12 -11 -12 14 -14 -15 -16
leaf_value=-0.0060605186583244063 0.0037870972402668239 0.008769112107655257 -0.00091751886719940406 0.012109515209963151 0.0015307972248718106 -0.0098571839663820059 0.0096424516415745572 0.0099305576850760111 0.00099336909682686816 0.0064937494602128687 0.0013994312529455313 0.0066530138892749212 0.0092478294176441198 0.013386096131123909 0.010473020131747605
leaf_weight=5381.0758446156979 1113.2117439806461 317.96608681976795 3521.484380364418 356.45779779553413 394.39634343981743 283.18488481640816 817.64906439185143 176.66070267558098 73.21445606648922 1337.2201046198606 18.702231839299202 28.875580728054047 17.91800594329834 567.92114309966564 31.511195674538612
leaf_count=21577 4462 1278 14092 1442 1581 1134 3294 708 293 5368 75 116 72 2303 127
internal_value=0 -0.00232381 -0.00396975 0.00846078 -0.00554212 -0.00158291 0.00652824 0.0046285 0.0067057 0.00693085 0.00945812 0.0126334 0.00261632 0.0128938 0.00864638
internal_weight=0 11326.5 9580.14 3110.99 5775.47 3804.67 2126.22 1289.87 1746.32 1655.19 836.351 984.766 91.1325 924.379 60.3868
internal_count=57922 45395 38384 12527 23158 15226 8539 5170 7011 6646 3369 3988 365 3745 243
is_linear=0
shrinkage=0.01


Tree=17
num_leaves=16
num_cat=0
split_feature=2 5 7 5 3 0 7 3 7 1 4 8 4 7 6
split_gain=2783.96 1650.31 352.601 246.837 210.203 208.367 116.253 57.453 15.8058 12.7124 12.2427 10.078 8.51559 3.52341 2.19371
threshold=1.0000000180025095e-35 1.0000000180025095e-35 1.0000000180025095e-35 1.0000000180025095e-35 1.0000000180025095e-35 1.0000000180025095e-35 1.0000000180025095e-35 1.0000000180025095e-35 1.0000000180025095e-35 1.5000000000000002 1.0000000180025095e-35 1.0000000180025095e-35 1.0000000180025095e-35 1.0000000180025095e-35 1.0000000180025095e-35
decision_type=2 2 2 2 2 2 2 2 2 2 2 2 2 2 2
left_child=1 2 4 6 -1 -4 7 -2 12 -10 -8 13 -3 -5 -13
right_child=3 8 5 11 -6 -7 10 -9 9 -11 -12 14 -14 -15 -16
leaf_value=-0.0063904589758114376 0.0032679609174424452 0.0048683295049038785 -0.0046111845376695043 0.012004316439620619 -0.0014533078292412655 0.00023204477395159789 0.0088954322001209528 0.0079705501237509885 0.0085644755157470616 0.0064000818700509507 0.012450269437408554 0.0060816486231398004 0.0078509483949302846 0.013273630015194434 0.010029261687017737
leaf_weight=4718.7239707112312 928.9479061961174 532.34165887534618 1413.3208174258471 355.98812457919121 1055.1956131309271 2391.2270836383104 723.81608928740025 360.66770718991756 493.19176954030991 603.33288024365902 111.85191598534584 22.368712663650513 116.71001267433167 567.01029135286808 37.97578276693821
leaf_count=18936 3720 2136 5661 1442 4222 9565 2917 1450 1983 2423 452 90 469 2303 153
internal_value=0 -0.00230106 -0.00393075 0.00838258 -0.00548818 -0.00156713 0.00646583 0.00458314 0.00664148 0.00737358 0.00937124 0.0125252 0.00540465 0.0127841 0.00856595
internal_weight=0 11324 9578.47 3108.63 5773.92 3804.55 2125.28 1289.62 1745.58 1096.52 835.668 983.343 649.052 922.998 60.3445
internal_count=57922 45395 38384 12527 23158 15226 8539 5170 7011 4406 3369 3988 2605 3745 243
is_linear=0
shrinkage=0.01


Tree=18
num_leaves=16
num_cat=0
split_feature=2 5 7 5 4 1 7 4 8 0 1 8 4 7 1
split_gain=2730.46 1617.97 345.811 242.907 207.787 204.931 114.199 56.5431 15.6994 13.0599 12.2163 9.93502 9.55939 3.47956 2.16751
threshold=1.0000000180025095e-35 1.0000000180025095e-35 1.0000000180025095e-35 1.0000000180025095e-35 1.0000000180025095e-35 2.5000000000000004 1.0000000180025095e-35 1.0000000180025095e-35 1.0000000180025095e-35 1.0000000180025095e-35 2.5000000000000004 1.0000000180025095e-35 1.0000000180025095e-35 1.0000000180025095e-35 1.5000000000000002
decision_type=2 2 2 2 2 2 2 2 2 2 2 2 2 2 2
left_child=1 2 4 6 -1 -4 7 -2 9 -3 -8 13 -10 -5 -13
right_child=3 8 5 11 -6 -7 10 -9 12 -11 -12 14 -14 -15 -16
leaf_value=-0.0059487507915784955 0.0037042793382462752 0.0086233261432847857 -0.00089350600593661488 0.01190075022539654 0.0015718656983229201 -0.0097375729903759686 0.0094685264346652809 0.0097959965907565005 0.00093488406296235742 0.0063673398687461918 0.0012920557069350414 0.0065065235968656309 0.009088086553969095 0.013163083248525095 0.010301907733846318
leaf_weight=5377.8205767571926 1112.7568336427212 317.60262835025787 3521.2376248389482 355.49771595001221 394.3131145387888 283.06333959102631 816.26370625197887 176.54446032643318 73.204374879598618 1336.1047570556402 18.691405832767487 28.844660937786102 17.896037578582764 566.05925396084785 31.456513360142708
leaf_count=21577 4462 1278 14092 1442 1581 1134 3294 708 293 5368 75 116 72 2303 127
internal_value=0 -0.00227862 -0.00389227 0.00830551 -0.00543499 -0.00155156 0.00640429 0.00453842 0.00657798 0.00680061 0.00928549 0.0124188 0.00253652 0.0126761 0.00848641
internal_weight=0 11321.2 9576.43 3106.11 5772.13 3804.3 2124.26 1289.3 1744.81 1653.71 834.955 981.858 91.1004 921.557 60.3012
internal_count=57922 45395 38384 12527 23158 15226 8539 5170 7011 6646 3369 3988 365 3745 243
is_linear=0
shrinkage=0.01


Tree=19
num_leaves=16
num_cat=0
split_feature=2 5 7 5 3 0 7 3 7 1 4 8 4 7 6
split_gain=2678.02 1586.26 339.154 239.094 206.403 203.815 112.201 56.5073 15.4398 12.4978 12.0689 9.79579 8.28684 3.43734 2.16026
threshold=1.0000000180025095e-35 1.0000000180025095e-35 1.0000000180025095e-35 1.0000000180025095e-35 1.0000000180025095e-35 1.0000000180025095e-35 1.0000000180025095e-35 1.0000000180025095e-35 1.0000000180025095e-35 1.5000000000000002 1.0000000180025095e-35 1.0000000180025095e-35 1.0000000180025095e-35 1.0000000180025095e-35 1.0000000180025095e-35
decision_type=2 2 2 2 2 2 2 2 2 2 2 2 2 2 2
left_child=1 2 4 6 -1 -4 7 -2 12 -10 -8 13 -3 -5 -13
right_child=3 8 5 11 -6 -7 10 -9 9 -11 -12 14 -14 -15 -16
leaf_value=-0.0062768496237392678 0.0031898191409354872 0.0047632781371882071 -0.0045472637705138855 0.011798766335288971 -0.0013839488795610079 0.00024317189357358763 0.0087281807543197996 0.0078552674374884265 0.0084207905483262881 0.0062736273197411653 0.012261619969774854 0.0059414412149747606 0.0077070563709929598 0.013054395076557175 0.0098615098150981063
leaf_weight=4715.3753304481506 928.68129247426987 531.99897752702236 1412.9485666006804 354.98732396960258 1055.0546761006117 2391.2124165296555 722.61895802617073 360.33895310759544 492.61816197633743 602.80250090360641 111.59386563301086 22.342137381434441 116.58223608136177 565.06933498382568 37.913136601448059
leaf_count=18936 3720 2136 5661 1442 4222 9565 2917 1450 1983 2423 452 90 469 2303 153
internal_value=0 -0.00225636 -0.0038541 0.00822931 -0.00538224 -0.0015361 0.00634332 0.00449402 0.00651522 0.00723922 0.00920085 0.0123141 0.00529242 0.0125699 0.00840798
internal_weight=0 11318.6 9574.59 3103.55 5770.43 3804.16 2123.23 1289.02 1744 1095.42 834.213 980.312 648.581 920.057 60.2553
internal_count=57922 45395 38384 12527 23158 15226 8539 5170 7011 4406 3369 3988 2605 3745 243
is_linear=0
shrinkage=0.01


Tree=20
num_leaves=16
num_cat=0
split_feature=2 5 7 5 4 1 7 4 8 0 6 8 4 7 1
split_gain=2626.7 1555.22 332.641 235.366 203.902 200.51 110.239 55.5692 15.3309 12.8278 12.0351 9.6614 9.31834 3.39666 2.13734
threshold=1.0000000180025095e-35 1.0000000180025095e-35 1.0000000180025095e-35 1.0000000180025095e-35 1.0000000180025095e-35 2.5000000000000004 1.0000000180025095e-35 1.0000000180025095e-35 1.0000000180025095e-35 1.0000000180025095e-35 1.0000000180025095e-35 1.0000000180025095e-35 1.0000000180025095e-35 1.0000000180025095e-35 1.5000000000000002
decision_type=2 2 2 2 2 2 2 2 2 2 2 2 2 2 2
left_child=1 2 4 6 -1 -4 7 -2 9 -3 -8 13 -10 -5 -13
right_child=3 8 5 11 -6 -7 10 -9 12 -11 -12 14 -14 -15 -16
leaf_value=-0.005839417953356546 0.0036232571754893105 0.0084809560674775821 -0.00087003662328274326 0.011698322672482692 0.0016114697152682458 -0.0096202259866007486 0.0085375937702015722 0.0096644123372200252 0.0008780390314493782 0.0062437917257013196 0.011608246592633186 0.0063635392042645546 0.0089322652277153622 0.012947510503949535 0.010135260806944149
leaf_weight=5374.2707429975271 1112.2702535539865 317.20842856168747 3520.9756208062172 354.45761474967003 394.2289100587368 282.92140373587608 676.09699761867523 176.41270582377911 73.193372458219528 1334.8981932848692 157.34590296447277 28.811059162020683 17.871957778930664 564.04194143414497 31.397392183542252
leaf_count=21577 4462 1278 14092 1442 1581 1134 2733 708 293 5368 636 116 72 2303 127
internal_value=0 -0.0022344 -0.00381644 0.00815419 -0.00533021 -0.00152085 0.00628319 0.00445025 0.00645316 0.00667333 0.0091173 0.0122111 0.00245872 0.0124654 0.00833041
internal_weight=0 11315.6 9572.4 3100.83 5768.5 3803.9 2122.13 1288.68 1743.17 1652.11 833.443 978.708 91.0653 918.5 60.2085
internal_count=57922 45395 38384 12527 23158 15226 8539 5170 7011 6646 3369 3988 365 3745 243
is_linear=0
shrinkage=0.01


Tree=21
num_leaves=16
num_cat=0
split_feature=2 5 7 5 3 0 7 3 7 1 1 8 4 7 6
split_gain=2576.39 1524.77 326.254 231.746 202.69 199.367 108.327 55.5828 15.0855 12.2898 12.0279 9.53036 8.06606 3.35745 2.128
threshold=1.0000000180025095e-35 1.0000000180025095e-35 1.0000000180025095e-35 1.0000000180025095e-35 1.0000000180025095e-35 1.0000000180025095e-35 1.0000000180025095e-35 1.0000000180025095e-35 1.0000000180025095e-35 1.5000000000000002 2.5000000000000004 1.0000000180025095e-35 1.0000000180025095e-35 1.0000000180025095e-35 1.0000000180025095e-35
decision_type=2 2 2 2 2 2 2 2 2 2 2 2 2 2 2
left_child=1 2 4 6 -1 -4 7 -2 12 -10 -8 13 -3 -5 -13
right_child=3 8 5 11 -6 -7 10 -9 9 -11 -12 14 -14 -15 -16
leaf_value=-0.0061656940001450933 0.0031134115342566987 0.0046606015186148571 -0.0044844063585547031 0.011599372611086038 -0.0013163561348563638 0.0002539048091877538 0.0092167691549664872 0.0077423580953029439 0.0082804337058124296 0.006150021714932812 0.0010986279506635416 0.0058045251257308429 0.0075664965250826308 0.012842371789336426 0.0096980530789490225
leaf_weight=4711.7637948393822 928.39007653295994 531.63220097124577 1412.5472346693277 353.90929737687111 1054.8910841494799 2391.1920381635427 813.98260217905045 359.98914916813374 491.99898314476013 602.23179548978806 18.669235721230507 22.313752636313438 116.44375714659691 562.97837737202644 37.845424368977547
leaf_count=18936 3720 2136 5661 1442 4222 9565 3294 1450 1983 2423 75 90 469 2303 153
internal_value=0 -0.00221262 -0.00377907 0.00807987 -0.00527861 -0.0015057 0.00622359 0.0044068 0.00639181 0.00710792 0.00903475 0.0121096 0.00518272 0.0123626 0.0082539
internal_weight=0 11312.7 9570.39 3098.08 5766.65 3803.74 2121.03 1288.38 1742.31 1094.23 832.652 977.047 648.076 916.888 60.1592
internal_count=57922 45395 38384 12527 23158 15226 8539 5170 7011 4406 3369 3988 2605 3745 243
is_linear=0
shrinkage=0.01


Tree=22
num_leaves=16
num_cat=0
split_feature=2 5 7 5 4 6 7 4 8 0 4 8 4 7 1
split_gain=2527.16 1494.97 320.006 228.204 200.104 198.03 106.452 54.6207 14.973 12.6028 11.933 9.40376 9.08471 3.31963 2.1082
threshold=1.0000000180025095e-35 1.0000000180025095e-35 1.0000000180025095e-35 1.0000000180025095e-35 1.0000000180025095e-35 1.0000000180025095e-35 1.0000000180025095e-35 1.0000000180025095e-35 1.0000000180025095e-35 1.0000000180025095e-35 1.0000000180025095e-35 1.0000000180025095e-35 1.0000000180025095e-35 1.0000000180025095e-35 1.5000000000000002
decision_type=2 2 2 2 2 2 2 2 2 2 2 2 2 2 2
left_child=1 2 4 6 -1 -4 7 -2 9 -3 -8 13 -10 -5 -13
right_child=3 8 5 11 -6 -7 10 -9 12 -11 -12 14 -14 -15 -16
leaf_value=-0.0057324416824266824 0.0035439839968113836 0.0083418658950502947 -0.0024326303012133757 0.011501874643317254 0.0016496441094038146 0.0040371475233160039 0.0084828221217397512 0.009535695095457878 0.00082278988756275754 0.0061230051376048268 0.012002457174694892 0.0062239231291371733 0.0087801976745093269 0.012738928386341138 0.0099728714150569293
leaf_weight=5370.4455519467592 1111.7541472762823 316.78544569015503 3249.7498533129692 353.34301647543907 394.14401979744434 553.70934021472931 720.6367215514183 176.26624605059624 73.181540489196777 1333.6067459732294 111.1919701397419 28.774966478347778 17.84589958190918 561.87994685769081 31.334124177694321
leaf_count=21577 4462 1278 13010 1442 1581 2216 2917 708 293 5368 452 116 72 2303 127
internal_value=0 -0.00219112 -0.00374221 0.00800661 -0.0052277 -0.00149076 0.00616481 0.00436395 0.00633114 0.00654891 0.0089533 0.0120097 0.00238284 0.0122613 0.0081782
internal_weight=0 11309.5 9568.05 3095.18 5764.59 3803.46 2119.85 1288.02 1741.42 1650.39 831.829 975.332 91.0274 915.223 60.1091
internal_count=57922 45395 38384 12527 23158 15226 8539 5170 7011 6646 3369 3988 365 3745 243
is_linear=0
shrinkage=0.01


Tree=23
num_leaves=16
num_cat=0
split_feature=2 5 7 5 3 1 7 3 7 1 6 8 4 7 6
split_gain=2478.89 1465.73 313.883 224.761 199.06 195.909 104.626 54.6784 14.7424 12.088 11.8602 9.28017 7.8528 3.28313 2.09682
threshold=1.0000000180025095e-35 1.0000000180025095e-35 1.0000000180025095e-35 1.0000000180025095e-35 1.0000000180025095e-35 2.5000000000000004 1.0000000180025095e-35 1.0000000180025095e-35 1.0000000180025095e-35 1.5000000000000002 1.0000000180025095e-35 1.0000000180025095e-35 1.0000000180025095e-35 1.0000000180025095e-35 1.0000000180025095e-35
decision_type=2 2 2 2 2 2 2 2 2 2 2 2 2 2 2
left_child=1 2 4 6 -1 -4 7 -2 12 -10 -8 13 -3 -5 -13
right_child=3 8 5 11 -6 -7 10 -9 9 -11 -12 14 -14 -15 -16
leaf_value=-0.006056912192842422 0.0030386913526455166 0.0045602262233251749 -0.00083273221922400135 0.011405789240581601 -0.0012504834354390908 -0.0094846814258292642 0.0082966206914330837 0.0076317412974002911 0.0081432747896982849 0.0060291655501092268 0.011349711594240825 0.0056707779897631413 0.0074291392005957461 0.012637125757028736 0.0095386952449778
leaf_weight=4707.9067337214947 928.07592909038067 531.24316802620888 3520.6050415039062 352.75941666960716 1054.7066049724817 282.73103106021881 674.14304167032242 359.6195630133152 491.33719067275524 601.62361836433411 156.83781306445599 22.283694595098495 116.29528264701366 560.74791963398457 37.772980853915215
leaf_count=18936 3720 2136 14092 1442 4222 1134 2733 1450 1983 2423 636 90 469 2303 153
internal_value=0 -0.00216979 -0.0037056 0.00793413 -0.00517721 -0.0014759 0.00610656 0.00432141 0.00627116 0.00697956 0.00887286 0.0119113 0.00507547 0.0121616 0.00810353
internal_weight=0 11306.4 9565.95 3092.24 5762.61 3803.34 2118.68 1287.7 1740.5 1092.96 830.981 973.564 647.538 913.507 60.0567
internal_count=57922 45395 38384 12527 23158 15226 8539 5170 7011 4406 3369 3988 2605 3745 243
is_linear=0
shrinkage=0.01


Tree=24
num_leaves=16
num_cat=0
split_feature=2 5 7 5 4 0 7 4 8 0 1 8 4 7 1
split_gain=2431.63 1437.1 307.899 221.391 196.389 194.699 102.828 53.6962 14.6253 12.3845 11.8473 9.16067 8.85814 3.24789 2.08
threshold=1.0000000180025095e-35 1.0000000180025095e-35 1.0000000180025095e-35 1.0000000180025095e-35 1.0000000180025095e-35 1.0000000180025095e-35 1.0000000180025095e-35 1.0000000180025095e-35 1.0000000180025095e-35 1.0000000180025095e-35 2.5000000000000004 1.0000000180025095e-35 1.0000000180025095e-35 1.0000000180025095e-35 1.5000000000000002
decision_type=2 2 2 2 2 2 2 2 2 2 2 2 2 2 2
left_child=1 2 4 6 -1 -4 7 -2 9 -3 -8 13 -10 -5 -13
right_child=3 8 5 11 -6 -7 10 -9 12 -11 -12 14 -14 -15 -16
leaf_value=-0.0056277488048380956 0.0034664123767187411 0.0082059277032464715 -0.0044056046821588221 0.011311075991313211 0.0016864259475677902 0.00027748399051789522 0.0089744241909628427 0.0094097381617755903 0.00076909637334418341 0.0060048847744039605 0.00091196098907489324 0.006087545482992846 0.0086317268375023654 0.0125369195696894 0.0098145438674606886
leaf_weight=5366.3635691702366 1111.2107444256544 316.33555787801743 1412.0006144344807 352.15912109613419 394.05869391560555 2391.1569777280092 811.47011388838291 176.10585454106331 73.168970659375191 1332.2364020645618 18.64449580013752 28.736569374799728 17.817994952201843 559.58346249163151 31.266987383365631
leaf_count=21577 4462 1278 5661 1442 1581 9565 3294 708 293 5368 75 116 72 2303 127
internal_value=0 -0.00214873 -0.00366946 0.00786263 -0.0051274 -0.00146121 0.00604908 0.00427946 0.00621182 0.00642723 0.00879334 0.0118144 0.00230884 0.0120634 0.00802963
internal_weight=0 11303.1 9563.58 3089.18 5760.42 3803.16 2117.43 1287.32 1739.56 1648.57 830.115 971.746 90.987 911.743 60.0036
internal_count=57922 45395 38384 12527 23158 15226 8539 5170 7011 6646 3369 3988 365 3745 243
is_linear=0
shrinkage=0.01


Tree=25
num_leaves=16
num_cat=0
split_feature=2 5 7 5 3 6 7 3 4 8 4 8 0 7 6
split_gain=2385.3 1409.04 302.004 218.112 195.511 193.461 101.08 53.7933 14.4401 19.4914 11.8061 9.04388 3.58854 3.21386 2.06667
threshold=1.0000000180025095e-35 1.0000000180025095e-35 1.0000000180025095e-35 1.0000000180025095e-35 1.0000000180025095e-35 1.0000000180025095e-35 1.0000000180025095e-35 1.0000000180025095e-35 1.0000000180025095e-35 1.0000000180025095e-35 1.0000000180025095e-35 1.0000000180025095e-35 1.0000000180025095e-35 1.0000000180025095e-35 1.0000000180025095e-35
decision_type=2 2 2 2 2 2 2 2 2 2 2 2 2 2 2
left_child=1 2 4 6 -1 -4 7 -2 9 -3 -8 13 -10 -5 -13
right_child=3 8 5 11 -6 -7 10 -9 12 -11 -12 14 -14 -15 -16
leaf_value=-0.0059504294353504173 0.0029656164175437599 0.006052828632084316 -0.0023778018182762984 0.011217695996692376 -0.0011862875984084715 0.0040170596500687149 0.0082463743575890321 0.0075233437670229678 0.010305501367725556 0.00076142500796448089 0.011753952412071816 0.0055400833905482347 0.0076300555358812163 0.01243826090084516 0.0093832520949769741
leaf_weight=4703.8206506073475 927.74057629704475 1433.8722199499607 3249.1636306643486 351.54277437925339 1054.5029470920563 553.69478552043438 718.46597307920456 359.23139134049416 73.401958808302879 73.167084529995918 110.75301639735699 22.252095982432365 158.14599226415157 558.3878108561039 37.69612717628479
leaf_count=18936 3720 5783 13010 1442 4222 2216 2917 1450 297 293 452 90 638 2303 153
internal_value=0 -0.00212788 -0.00363369 0.0077919 -0.00507799 -0.00144671 0.00599212 0.00423781 0.00615316 0.00579593 0.00871486 0.0117188 0.00847819 0.0119667 0.00795671
internal_weight=0 11299.8 9561.18 3086.07 5758.32 3802.86 2116.19 1286.97 1738.59 1507.04 829.219 969.879 231.548 909.931 59.9482
internal_count=57922 45395 38384 12527 23158 15226 8539 5170 7011 6076 3369 3988 935 3745 243
is_linear=0
shrinkage=0.01


Tree=26
num_leaves=16
num_cat=0
split_feature=2 5 7 5 4 1 7 3 7 1 6 8 4 7 1
split_gain=2339.94 1381.54 296.265 214.899 192.755 191.435 99.3613 52.8102 14.3632 11.9012 11.6964 8.93085 7.49315 3.18096 2.05267
threshold=1.0000000180025095e-35 1.0000000180025095e-35 1.0000000180025095e-35 1.0000000180025095e-35 1.0000000180025095e-35 2.5000000000000004 1.0000000180025095e-35 1.0000000180025095e-35 1.0000000180025095e-35 1.5000000000000002 1.0000000180025095e-35 1.0000000180025095e-35 1.0000000180025095e-35 1.0000000180025095e-35 1.5000000000000002
decision_type=2 2 2 2 2 2 2 2 2 2 2 2 2 2 2
left_child=1 2 4 6 -1 -4 7 -2 12 -10 -8 13 -3 -5 -13
right_child=3 8 5 11 -6 -7 10 -9 9 -11 -12 14 -14 -15 -16
leaf_value=-0.0055252675227985514 0.0029363936182198159 0.0044107896103735061 -0.00079667447195438262 0.011125615958568869 0.0017218487998930912 -0.0093523272164386054 0.0080642678364734478 0.0074535565114483646 0.0079511052374296228 0.0058514184864101549 0.011101505496727252 0.0059542864065902715 0.007216080546591631 0.012341102030128644 0.009660096541829347
leaf_weight=5362.0422516614199 927.60419185459614 530.60148721933365 3520.1998307853937 350.91095668077469 393.97317023575306 282.51527792215347 672.02247507870197 358.97023433446884 490.3149503916502 600.63952277600765 156.27893966436386 28.696038782596588 116.03870977461338 557.16216583549976 31.196244701743126
leaf_count=21577 3720 2136 14092 1442 1581 1134 2733 1450 1983 2423 636 116 469 2303 127
internal_value=0 -0.00210725 -0.00359828 0.00772211 -0.00502924 -0.0014323 0.00593591 0.00419674 0.00609512 0.00679509 0.00863732 0.0116247 0.0049142 0.0118714 0.00788454
internal_weight=0 11296.3 9558.73 3082.84 5756.02 3802.72 2114.88 1286.57 1737.59 1090.95 828.301 967.965 646.64 908.073 59.8923
internal_count=57922 45395 38384 12527 23158 15226 8539 5170 7011 4406 3369 3988 2605 3745 243
is_linear=0
shrinkage=0.01


Tree=27
num_leaves=16
num_cat=0
split_feature=2 5 7 5 3 0 7 4 7 1 1 8 8 7 6
split_gain=2295.48 1354.58 290.618 211.763 192.039 190.146 97.6761 52.894 14.1088 11.6957 11.6736 8.82027 7.44367 3.14915 2.03746
threshold=1.0000000180025095e-35 1.0000000180025095e-35 1.0000000180025095e-35 1.0000000180025095e-35 1.0000000180025095e-35 1.0000000180025095e-35 1.0000000180025095e-35 1.0000000180025095e-35 1.0000000180025095e-35 1.5000000000000002 2.5000000000000004 1.0000000180025095e-35 1.0000000180025095e-35 1.0000000180025095e-35 1.0000000180025095e-35
decision_type=2 2 2 2 2 2 2 2 2 2 2 2 2 2 2
left_child=1 2 4 6 -1 -4 7 -2 12 -10 -8 13 -3 -5 -13
right_child=3 8 5 11 -6 -7 10 -9 9 -11 -12 14 -14 -15 -16
leaf_value=-0.0058461721499600307 0.003348976627348546 0.0053012866000188034 -0.004328636884926699 0.011034797032574841 -0.0011237270249169812 0.00029999749441329175 0.008740861319604866 0.0092514099889963747 0.0078782956971256042 0.005796076898507513 0.00073174978328550521 0.0054123323622852458 0.0022147529796707403 0.012245402743265764 0.0092315527000019632
leaf_weight=4699.5207570791245 1110.2916927486658 555.44415727257729 1411.4129467904568 350.26426964998245 1054.2817673385143 2391.1042976975441 808.75040870904922 175.87519678473473 489.89998579025269 600.31240309774876 18.617521807551384 22.219078436493874 90.92548856139183 555.90759126842022 37.615165069699287
leaf_count=18936 4462 2240 5661 1442 4222 9565 3294 708 1983 2423 75 90 365 2303 153
internal_value=0 -0.00208681 -0.0035632 0.00765314 -0.00498087 -0.00141805 0.00588031 0.0041561 0.00603771 0.00673175 0.00856064 0.0115319 0.0048671 0.0117775 0.00781331
internal_weight=0 11292.9 9556.32 3079.54 5753.8 3802.52 2113.53 1286.17 1736.58 1090.21 827.368 966.006 646.37 906.172 59.8342
internal_count=57922 45395 38384 12527 23158 15226 8539 5170 7011 4406 3369 3988 2605 3745 243
is_linear=0
shrinkage=0.01


Tree=28
num_leaves=16
num_cat=0
split_feature=2 5 7 5 4 6 7 3 4 8 4 8 0 7 1
split_gain=2251.91 1328.18 285.09 208.706 189.198 189 96.0362 51.9638 14.1339 18.7595 11.6871 8.71316 3.53366 3.11837 2.02617
threshold=1.0000000180025095e-35 1.0000000180025095e-35 1.0000000180025095e-35 1.0000000180025095e-35 1.0000000180025095e-35 1.0000000180025095e-35 1.0000000180025095e-35 1.0000000180025095e-35 1.0000000180025095e-35 1.0000000180025095e-35 1.0000000180025095e-35 1.0000000180025095e-35 1.0000000180025095e-35 1.0000000180025095e-35 1.5000000000000002
decision_type=2 2 2 2 2 2 2 2 2 2 2 2 2 2 2
left_child=1 2 4 6 -1 -4 7 -2 9 -3 -8 13 -10 -5 -13
right_child=3 8 5 11 -6 -7 10 -9 12 -11 -12 14 -14 -15 -16
leaf_value=-0.0054249313452085189 0.0028656286189460761 0.0058797171385526897 -0.0023244382641854221 0.010945208703162726 0.0017559480984481843 0.0039964333413298877 0.0080182592994068134 0.0073485671403027602 0.010099627542007661 0.00068774540155053254 0.011515345256637102 0.0058240311879362077 0.0074415014709638414 0.012151119408228417 0.0095093570836406165
leaf_weight=5357.4983541965485 927.24272753298283 1431.3527615517378 3248.5225898325443 349.60325047373772 393.88767910003662 553.67796690762043 716.12694881856441 358.55376352369785 73.209428295493126 73.147908881306648 110.28073388338089 28.653541028499603 157.8336006551981 554.62521962821484 31.122152984142303
leaf_count=21577 3720 5783 13010 1442 1581 2216 2917 1450 297 293 452 116 638 2303 127
internal_value=0 -0.00206663 -0.00352859 0.00758487 -0.00493314 -0.00140399 0.0058252 0.00411573 0.00598093 0.00562729 0.00848493 0.0114404 0.00828377 0.0116849 0.00774279
internal_weight=0 11289.1 9553.59 3076.21 5751.39 3802.2 2112.2 1285.8 1735.54 1504.5 826.408 964.004 231.043 904.228 59.7757
internal_count=57922 45395 38384 12527 23158 15226 8539 5170 7011 6076 3369 3988 935 3745 243
is_linear=0
shrinkage=0.01


Tree=29
num_leaves=16
num_cat=0
split_feature=2 5 0 7 5 4 7 4 4 8 6 8 0 7 6
split_gain=2209.21 1302.29 282.009 251.368 205.709 203.806 94.4222 52.0131 13.8868 18.4098 11.5427 8.60826 3.47682 3.08857 2.00913
threshold=1.0000000180025095e-35 1.0000000180025095e-35 1.0000000180025095e-35 1.0000000180025095e-35 1.0000000180025095e-35 1.0000000180025095e-35 1.0000000180025095e-35 1.0000000180025095e-35 1.0000000180025095e-35 1.0000000180025095e-35 1.0000000180025095e-35 1.0000000180025095e-35 1.0000000180025095e-35 1.0000000180025095e-35 1.0000000180025095e-35
decision_type=2 2 2 2 2 2 2 2 2 2 2 2 2 2 2
left_child=1 2 5 -4 6 -1 7 -2 9 -3 -8 13 -10 -6 -13
right_child=4 8 3 -5 11 -7 10 -9 12 -11 -12 14 -14 -15 -16
leaf_value=-0.0064642224125262809 0.003275520442586553 0.0058243833134399847 -0.0038260182690481944 0.0003095459385227344 0.010856815846375312 0.0038369341087215202 0.0078399863711528725 0.009131541095516664 0.010010892360973262 0.00068088517196115061 0.010862904380598191 0.00528742325543751 0.0073728113055926935 0.012058211601101019 0.0090834340441725333
leaf_weight=3141.154767781496 1109.6864857971668 1430.5059252381325 3814.3004680722952 2391.0783704221249 348.92850080132484 204.57205606997013 669.75362303853035 175.68576142191887 73.120209619402885 73.146022751927376 155.67435050010681 22.184760510921478 157.71165539324284 553.31614907085896 37.530387192964554
leaf_count=12640 4462 5783 15358 9565 1442 821 2733 708 297 293 636 90 638 2303 153
internal_value=0 -0.00204661 -0.00349422 -0.00223249 0.0075175 -0.00583437 0.00577081 0.00407593 0.00592476 0.00557417 0.0084101 0.0113502 0.00820847 0.0115936 0.00767318
internal_weight=0 11285.6 9551.11 6205.38 3072.76 3345.73 2110.8 1285.37 1734.48 1503.65 825.428 961.96 230.832 902.245 59.7151
internal_count=57922 45395 38384 24923 12527 13461 8539 5170 7011 6076 3369 3988 935 3745 243
is_linear=0
shrinkage=0.01


Tree=30
num_leaves=16
num_cat=0
split_feature=2 5 0 7 5 4 7 3 7 4 1 8 4 7 1
split_gain=2167.35 1276.91 276.639 246.475 202.789 199.876 92.8468 51.1345 13.7733 11.5478 11.5152 8.50655 7.07566 3.0597 2.00042
threshold=1.0000000180025095e-35 1.0000000180025095e-35 1.0000000180025095e-35 1.0000000180025095e-35 1.0000000180025095e-35 1.0000000180025095e-35 1.0000000180025095e-35 1.0000000180025095e-35 1.0000000180025095e-35 1.0000000180025095e-35 1.5000000000000002 1.0000000180025095e-35 1.0000000180025095e-35 1.0000000180025095e-35 1.5000000000000002
decision_type=2 2 2 2 2 2 2 2 2 2 2 2 2 2 2
left_child=1 2 5 -4 6 -1 7 -2 12 -8 -10 13 -3 -6 -13
right_child=4 8 3 -5 11 -7 9 -9 10 -11 -12 14 -14 -15 -16
leaf_value=-0.0064027336568243873 0.0027964072035770926 0.0042224828155178543 -0.0037888965240154876 0.00030645046250580801 0.010769588789513229 0.0037977587134782639 0.0078718582910416376 0.0072456170835647725 0.0076948105802948467 0.011353332867907049 0.0056265959284888456 0.0056966745765170725 0.0069524020393719969 0.011966639574021314 0.0093621658362238475
leaf_weight=3139.6154084652662 926.86370198428631 529.70030085742474 3813.1596873402596 2391.0804965496063 348.24051484465599 204.61525854468346 714.502700060606 358.12168277800083 488.7801805883646 109.93195894360542 599.243797570467 28.60923208296299 115.67823454737663 551.98144343495369 31.044949412345886
leaf_count=12640 3720 2136 15358 9565 1442 821 2917 1450 1983 452 2423 116 469 2303 127
internal_value=0 -0.00202682 -0.00346024 -0.00221057 0.00745078 -0.00577862 0.00571686 0.00403639 0.00586919 0.00833609 0.00655571 0.0112612 0.0047118 0.0115036 0.00760425
internal_weight=0 11281.9 9548.47 6204.24 3069.3 3344.23 2109.42 1284.99 1733.4 824.435 1088.02 959.876 645.379 900.222 59.6542
internal_count=57922 45395 38384 24923 12527 13461 8539 5170 7011 3369 4406 3988 2605 3745 243
is_linear=0
shrinkage=0.01


Tree=31
num_leaves=16
num_cat=0
split_feature=2 5 7 5 3 1 8 4 3 0 8 8 4 7 6
split_gain=2126.35 1252.05 272.197 199.923 188.066 185.865 92.2785 39.0208 34.4253 13.5799 12.4707 8.40685 4.66497 3.03174 1.98163
threshold=1.0000000180025095e-35 1.0000000180025095e-35 1.0000000180025095e-35 1.0000000180025095e-35 1.0000000180025095e-35 2.5000000000000004 1.0000000180025095e-35 1.0000000180025095e-35 1.0000000180025095e-35 1.0000000180025095e-35 1.0000000180025095e-35 1.0000000180025095e-35 1.0000000180025095e-35 1.0000000180025095e-35 1.0000000180025095e-35
decision_type=2 2 2 2 2 2 2 2 2 2 2 2 2 2 2
left_child=1 2 4 6 -1 -4 7 -2 -8 12 -11 13 -3 -5 -13
right_child=3 9 5 11 -6 -7 8 -9 -10 10 -12 14 -14 -15 -16
leaf_value=-0.0056577337938443842 0.0060843343582219628 0.0070021618861611477 -0.00072456905216484861 0.010683495301665843 -0.00098258558491924803 -0.0091605714284985363 -0.00043391229700646467 0.01040419994148933 0.0057304942039309841 0.0056028844238897582 0.0013429685628129487 0.0051652583091503059 0.0098635014710960929 0.011876367705958726 0.0089387468850443044
leaf_weight=4690.9702460765839 1440.8057579398155 260.08244086802006 3518.97961615026 347.53987276554108 1053.7114653140306 282.10816480219364 291.01647885143757 244.59857471287251 131.54212853312492 1326.7851594090462 72.474608168005943 22.149254098534584 72.962897509336472 550.62209792435169 37.442067950963974
leaf_count=18936 5842 1055 14092 1442 4222 1134 1168 996 533 5368 291 90 297 2303 153
internal_value=0 -0.00200723 -0.00342661 0.00738494 -0.0048002 -0.00135067 0.00566363 0.00671127 0.00148506 0.0058142 0.00538224 0.0111735 0.00762902 0.0114148 0.00753619
internal_weight=0 11278.1 9545.77 3065.72 5744.68 3801.09 2107.96 1685.4 422.559 1732.31 1399.26 957.753 333.045 898.162 59.5913
internal_count=57922 45395 38384 12527 23158 15226 8539 6838 1701 7011 5659 3988 1352 3745 243
is_linear=0
shrinkage=0.01


Tree=32
num_leaves=16
num_cat=0
split_feature=2 5 0 7 5 4 7 4 7 1 1 8 4 7 1
split_gain=2086.1 1227.68 270.623 237.827 197.144 196.06 90.816 50.5561 13.4915 11.5452 11.3303 8.31009 6.90043 3.00462 1.97537
threshold=1.0000000180025095e-35 1.0000000180025095e-35 1.0000000180025095e-35 1.0000000180025095e-35 1.0000000180025095e-35 1.0000000180025095e-35 1.0000000180025095e-35 1.0000000180025095e-35 1.0000000180025095e-35 2.5000000000000004 1.5000000000000002 1.0000000180025095e-35 1.0000000180025095e-35 1.0000000180025095e-35 1.5000000000000002
decision_type=2 2 2 2 2 2 2 2 2 2 2 2 2 2 2
left_child=1 2 5 -4 6 -1 7 -2 12 -8 -10 13 -3 -6 -13
right_child=4 8 3 -5 11 -7 9 -9 10 -11 -12 14 -14 -15 -16
leaf_value=-0.0063061227057374424 0.003159650160264863 0.0041305082387254619 -0.0037085119703863315 0.0003149351606678033 0.010598507455366744 0.0037968813755039047 0.0083847458810298852 0.0089382008091393305 0.0075707943236404517 0.00040747707136443747 0.0055177361372457162 0.0055721146079873865 0.0068284194131010183 0.011787358078662706 0.0092183720047114229
leaf_weight=3136.8853040039539 1108.6697185337543 529.23139443993568 3810.4080900996923 2391.0409515798092 346.82704728841782 204.61132016777992 804.01994760334492 175.34955288469791 487.9641093313694 18.561207458376884 598.50403666496277 28.563262149691582 115.49096637964249 549.23914206027985 30.964865863323212
leaf_count=12640 4462 2136 15358 9565 1442 821 3294 708 1983 75 2423 116 469 2303 127
internal_value=0 -0.00198785 -0.00339336 -0.00215723 0.00731956 -0.00568748 0.00561064 0.00394879 0.00575978 0.00820474 0.00643982 0.0110869 0.00461379 0.0113272 0.0074688
internal_weight=0 11274.1 9542.95 6201.45 3062.19 3341.5 2106.6 1284.02 1731.19 822.581 1086.47 955.594 644.722 896.066 59.5281
internal_count=57922 45395 38384 24923 12527 13461 8539 5170 7011 3369 4406 3988 2605 3745 243
is_linear=0
shrinkage=0.01


Tree=33
num_leaves=16
num_cat=0
split_feature=2 5 0 7 5 4 8 7 3 4 8 8 0 7 6
split_gain=2046.69 1203.79 265.49 233.202 194.408 192.287 89.8881 38.0424 33.7937 13.3897 17.6587 8.21515 3.32572 2.9783 1.95489
threshold=1.0000000180025095e-35 1.0000000180025095e-35 1.0000000180025095e-35 1.0000000180025095e-35 1.0000000180025095e-35 1.0000000180025095e-35 1.0000000180025095e-35 1.0000000180025095e-35 1.0000000180025095e-35 1.0000000180025095e-35 1.0000000180025095e-35 1.0000000180025095e-35 1.0000000180025095e-35 1.0000000180025095e-35 1.0000000180025095e-35
decision_type=2 2 2 2 2 2 2 2 2 2 2 2 2 2 2
left_child=1 2 5 -4 6 -1 7 -2 -8 10 -3 13 -11 -6 -13
right_child=4 9 3 -5 11 -7 8 -9 -10 12 -12 14 -14 -15 -16
leaf_value=-0.0062463883427028698 0.0051251655546476248 0.0056070222641934247 -0.0036725789123081875 0.00031178544288771942 0.01051459681149945 0.0037581509766846629 -0.00046713139078357328 0.0081331160803592151 0.005642953883406323 0.0097194844605484193 0.00056813356705930963 0.0050457465793993751 0.0071342807211923088 0.011699576247616566 0.0087973486173952772
leaf_weight=3135.2230400890112 861.25299221277237 1426.8924489766359 3809.2189819514751 2391.0433779060841 346.10257560014725 204.65257062017918 290.95629926025867 821.53251749277115 131.39852437376976 72.798448622226715 73.112464338541031 22.112663984298706 157.25234505534172 547.83353672921658 37.350470364093781
leaf_count=12640 3469 5783 15358 9565 1442 821 1168 3369 533 297 293 90 638 2303 153
internal_value=0 -0.00196867 -0.00336042 -0.00213607 0.00725508 -0.00563336 0.00555842 0.00659364 0.00143377 0.00570594 0.00536142 0.0110014 0.00795236 0.0112408 0.00740223
internal_weight=0 11270.2 9540.14 6200.26 3058.54 3339.88 2105.14 1682.79 422.355 1730.06 1500 953.399 230.051 893.936 59.4631
internal_count=57922 45395 38384 24923 12527 13461 8539 6838 1701 7011 6076 3988 935 3745 243
is_linear=0
shrinkage=0.01


Tree=34
num_leaves=16
num_cat=0
split_feature=2 5 0 7 5 4 8 4 3 0 8 8 4 7 1
split_gain=2008.06 1180.37 260.464 228.667 191.726 188.59 88.2517 38.0067 33.1473 13.2819 11.9592 8.12294 4.44627 2.95276 1.95099
threshold=1.0000000180025095e-35 1.0000000180025095e-35 1.0000000180025095e-35 1.0000000180025095e-35 1.0000000180025095e-35 1.0000000180025095e-35 1.0000000180025095e-35 1.0000000180025095e-35 1.0000000180025095e-35 1.0000000180025095e-35 1.0000000180025095e-35 1.0000000180025095e-35 1.0000000180025095e-35 1.0000000180025095e-35 1.5000000000000002
decision_type=2 2 2 2 2 2 2 2 2 2 2 2 2 2 2
left_child=1 2 5 -4 6 -1 7 -2 -8 12 -11 13 -3 -6 -13
right_child=4 9 3 -5 11 -7 8 -9 -10 10 -12 14 -14 -15 -16
leaf_value=-0.0061873095503114104 0.0059141018045539041 0.0068375394476181883 -0.0036370069970163583 0.00030866811278630591 0.010431735262095738 0.0037198494091050223 -0.00046244732165427223 0.010184348950634539 0.0055902960363167203 0.005441639685025341 0.001268764846821232 0.005450256911103373 0.0096356514995293262 0.011612989359176745 0.0090778334202125336
leaf_weight=3133.5164220929146 1437.6053093075752 259.50880919396877 3808.0162461400032 2391.0457591861486 345.36690893769264 204.69195897877216 290.96432609856129 243.76955954730511 131.31030024588108 1324.2553535103798 72.437112167477608 28.515770509839058 72.698002725839615 546.40620850026608 30.882117569446564
leaf_count=12640 5842 1055 15358 9565 1442 821 1168 996 533 5368 291 116 297 2303 127
internal_value=0 -0.00194968 -0.00332782 -0.00211512 0.00719133 -0.00557982 0.00550676 0.00653321 0.00141971 0.00565268 0.00522522 0.010917 0.00744986 0.0111555 0.0073363
internal_weight=0 11266.2 9537.27 6199.06 3054.82 3338.21 2103.65 1681.37 422.275 1728.9 1396.69 951.171 332.207 891.773 59.3979
internal_count=57922 45395 38384 24923 12527 13461 8539 6838 1701 7011 5659 3988 1352 3745 243
is_linear=0
shrinkage=0.01


Tree=35
num_leaves=16
num_cat=0
split_feature=2 5 8 6 5 7 3 3 7 6 1 8 4 7 6
split_gain=1970.16 1157.42 256.627 285.148 189.117 87.3842 63.5799 49.3304 13.1779 11.4605 11.1611 8.03236 6.59576 2.92796 1.92887
threshold=1.0000000180025095e-35 1.0000000180025095e-35 1.0000000180025095e-35 1.0000000180025095e-35 1.0000000180025095e-35 1.0000000180025095e-35 1.0000000180025095e-35 1.0000000180025095e-35 1.0000000180025095e-35 1.0000000180025095e-35 1.5000000000000002 1.0000000180025095e-35 1.0000000180025095e-35 1.0000000180025095e-35 1.0000000180025095e-35
decision_type=2 2 2 2 2 2 2 2 2 2 2 2 2 2 2
left_child=1 2 3 -1 5 7 -4 -2 12 -7 -10 13 -3 -6 -13
right_child=4 8 6 -5 11 9 -8 -9 10 -11 -12 14 -14 -15 -16
leaf_value=-0.0033663515813113056 0.0026078752217184491 0.0039939637197245895 -0.0073829508933666143 0.001684386503482106 0.010349895667073519 0.0074360024187144517 -0.0029204123648885038 0.0069839651401288937 0.0073969534081066357 0.010459425832831014 0.005356975738161217 0.0049288040203569975 0.0066349345170226707 0.011527562239668982 0.0086591038558494985
leaf_weight=6177.9126772582531 925.68943238258362 528.477383852005 1592.3862896412611 1364.7128705084324 344.62058448791504 665.10840401053429 399.33328001201153 356.92075483500957 486.74029307067394 154.49615310132504 597.33771772682667 22.075089991092682 115.17641979455948 544.958152577281 37.255847215652466
leaf_count=24857 3720 2136 6441 5485 1442 2733 1601 1450 1983 636 2423 90 469 2303 153
internal_value=0 -0.00193089 -0.00329556 -0.0024525 0.0071281 0.00545543 -0.00648823 0.00382564 0.00559996 0.00800592 0.00627291 0.0108337 0.00446654 0.0110713 0.00727118
internal_weight=0 11262.1 9534.35 7542.63 3051.12 2102.21 1991.72 1282.61 1727.73 819.605 1084.08 948.91 643.654 889.579 59.3309
internal_count=57922 45395 38384 30342 12527 8539 8042 5170 7011 3369 4406 3988 2605 3745 243
is_linear=0
shrinkage=0.01


Tree=36
num_leaves=16
num_cat=0
split_feature=2 5 0 7 5 4 8 4 3 0 8 8 4 7 1
split_gain=1933.04 1134.89 255.084 223.13 186.538 184.898 86.1278 37.5153 32.0724 13.0588 11.684 7.94431 4.35163 2.90384 1.92721
threshold=1.0000000180025095e-35 1.0000000180025095e-35 1.0000000180025095e-35 1.0000000180025095e-35 1.0000000180025095e-35 1.0000000180025095e-35 1.0000000180025095e-35 1.0000000180025095e-35 1.0000000180025095e-35 1.0000000180025095e-35 1.0000000180025095e-35 1.0000000180025095e-35 1.0000000180025095e-35 1.0000000180025095e-35 1.5000000000000002
decision_type=2 2 2 2 2 2 2 2 2 2 2 2 2 2 2
left_child=1 2 5 -4 6 -1 7 -2 -8 12 -11 13 -3 -6 -13
right_child=4 9 3 -5 11 -7 8 -9 -10 10 -12 14 -14 -15 -16
leaf_value=-0.0060952592393130871 0.005804861099200225 0.006725412254901547 -0.0035674321083741774 0.0003307001714734116 0.010269054553829466 0.0037146713401686282 -0.00048396140754629422 0.01005207917252293 0.0054731440888947051 0.005337897767455726 0.0012124673570509136 0.0053310118738067848 0.0094966727775155062 0.011443265096428771 0.0089404169608898448
leaf_weight=3130.6646579355001 1435.4123097360134 259.09536527097225 3805.4755699783564 2391.0063442885876 343.86401051282883 204.69460561871529 290.9271674901247 243.20635409653187 131.10653185844421 1322.5174174308777 72.410898178815842 28.466894119977951 72.523119270801544 543.49022689461708 30.796915605664253
leaf_count=12640 5842 1055 15358 9565 1442 821 1168 996 533 5368 291 116 297 2303 127
internal_value=0 -0.00191221 -0.00326347 -0.00206328 0.00706581 -0.00549321 0.00540492 0.00642022 0.00136664 0.00554778 0.00512375 0.0107515 0.00733147 0.0109882 0.00720667
internal_weight=0 11258.4 9531.84 6196.48 3047.27 3335.36 2100.65 1678.62 422.034 1726.55 1394.93 946.618 331.618 887.354 59.2638
internal_count=57922 45395 38384 24923 12527 13461 8539 6838 1701 7011 5659 3988 1352 3745 243
is_linear=0
shrinkage=0.01


Tree=37
num_leaves=16
num_cat=0
split_feature=2 5 7 5 3 1 7 4 4 8 1 8 7 7 6
split_gain=1896.61 1112.84 251.643 184.033 181.546 179.833 85.5017 48.561 12.9188 16.8122 11.4186 7.85775 3.26364 2.8804 1.90352
threshold=1.0000000180025095e-35 1.0000000180025095e-35 1.0000000180025095e-35 1.0000000180025095e-35 1.0000000180025095e-35 2.5000000000000004 1.0000000180025095e-35 1.0000000180025095e-35 1.0000000180025095e-35 1.0000000180025095e-35 2.5000000000000004 1.0000000180025095e-35 1.0000000180025095e-35 1.0000000180025095e-35 1.0000000180025095e-35
decision_type=2 2 2 2 2 2 2 2 2 2 2 2 2 2 2
left_child=1 2 4 6 -1 -4 7 -2 9 -3 -8 13 -10 -5 -13
right_child=3 8 5 11 -6 -7 10 -9 12 -11 -12 14 -14 -15 -16
leaf_value=-0.0053993446188832428 0.0029691585881084222 0.0053976828761324556 -0.00062022603048458955 0.010189185785819968 -0.00080319231453203799 -0.0089268030257737292 0.0080611792596442383 0.008641612745569148 0.0065175019684849157 0.00047976865141474061 0.00011490340050027225 0.0048143472640577107 0.0089040521823935386 0.011360067882904563 0.0085238884366799477
leaf_weight=4677.6451292335987 1106.8009043633938 1423.0598152279854 3516.855348393321 343.09765973687172 1052.8358677923679 281.49209626019001 799.12430576980114 174.74750570952892 114.97230984270573 73.082362711429596 18.5023293197155 22.036628499627113 114.23339229822159 542.00332370400429 37.158436477184296
leaf_count=18936 4462 5783 14092 1442 4222 1134 3294 708 469 293 75 90 466 2303 153
internal_value=0 -0.0018938 -0.00323187 0.00700394 -0.00455491 -0.00123582 0.00535466 0.00374263 0.00549614 0.00515746 0.00788136 0.0106703 0.00770693 0.0109062 0.00714293
internal_weight=0 11254.2 9528.83 3043.47 5730.48 3798.35 2099.18 1281.55 1725.35 1496.14 817.627 944.296 229.206 885.101 59.1951
internal_count=57922 45395 38384 12527 23158 15226 8539 5170 7011 6076 3369 3988 935 3745 243
is_linear=0
shrinkage=0.01


Tree=38
num_leaves=16
num_cat=0
split_feature=2 5 0 8 5 4 7 3 7 6 1 8 4 7 1
split_gain=1860.93 1091.23 249.568 216.822 181.562 181.39 84.1051 48.2606 12.8288 11.3228 11.0003 7.77353 6.35979 2.85759 1.904
threshold=1.0000000180025095e-35 1.0000000180025095e-35 1.0000000180025095e-35 1.0000000180025095e-35 1.0000000180025095e-35 1.0000000180025095e-35 1.0000000180025095e-35 1.0000000180025095e-35 1.0000000180025095e-35 1.0000000180025095e-35 1.5000000000000002 1.0000000180025095e-35 1.0000000180025095e-35 1.0000000180025095e-35 1.5000000000000002
decision_type=2 2 2 2 2 2 2 2 2 2 2 2 2 2 2
left_child=1 2 5 -4 6 -1 7 -2 12 -8 -10 13 -3 -6 -13
right_child=4 8 3 -5 11 -7 9 -9 10 -11 -12 14 -14 -15 -16
leaf_value=-0.006004156720171701 0.0025021004767945814 0.0038617575175797004 -0.0010305559398949918 -0.0055754966293313779 0.010110266379040309 0.0037126301785032601 0.0072459107995125858 0.0068342859889272672 0.0072274540975677901 0.010257411191877903 0.005199820311145258 0.0052142948305086353 0.0064582648659658815 0.011277941158074971 0.008805996114436488
leaf_weight=3127.5756541192532 924.93905618786812 527.69394934177399 4854.2465019226074 1339.2448355257511 342.32198339700699 204.69110594689846 662.67640434205532 356.16370429098606 485.45762757956982 153.83228465914726 596.11240920424461 28.416757300496101 114.86712591350079 540.49830093979836 30.709458559751511
leaf_count=12640 3720 2136 19513 5410 1442 821 2733 1450 1983 636 2423 116 469 2303 127
internal_value=0 -0.00187558 -0.00320059 -0.00201333 0.00694289 -0.00540728 0.0053051 0.00370651 0.00544504 0.00781329 0.00610991 0.0105901 0.00432592 0.0108252 0.00707978
internal_weight=0 11249.9 9525.76 6193.49 3039.56 3332.27 2097.61 1281.1 1724.13 816.509 1081.57 941.947 642.561 882.82 59.1262
internal_count=57922 45395 38384 24923 12527 13461 8539 5170 7011 3369 4406 3988 2605 3745 243
is_linear=0
shrinkage=0.01


Tree=39
num_leaves=16
num_cat=0
split_feature=2 5 7 5 6 3 8 4 3 0 8 8 4 7 6
split_gain=1825.95 1070.02 245.754 179.133 178.763 177.814 83.4278 36.6243 31.0571 12.829 11.1971 7.69065 4.19886 2.83539 1.87879
threshold=1.0000000180025095e-35 1.0000000180025095e-35 1.0000000180025095e-35 1.0000000180025095e-35 1.0000000180025095e-35 1.0000000180025095e-35 1.0000000180025095e-35 1.0000000180025095e-35 1.0000000180025095e-35 1.0000000180025095e-35 1.0000000180025095e-35 1.0000000180025095e-35 1.0000000180025095e-35 1.0000000180025095e-35 1.0000000180025095e-35
decision_type=2 2 2 2 2 2 2 2 2 2 2 2 2 2 2
left_child=1 2 5 6 -4 -1 7 -2 -8 12 -11 13 -3 -5 -13
right_child=3 9 4 11 -6 -7 8 -9 -10 10 -12 14 -14 -15 -16
leaf_value=-0.0053142372072518818 0.005648936938749966 0.0065691474196179749 -0.0020930882775712779 0.010032271874482988 0.0040562847333707637 -0.00076476062929243323 -0.00053977546696169624 0.0098527054588855387 0.0053267859780911442 0.0051838767790598995 0.0011440985861627267 0.0047023013113780647 0.0092960079362130708 0.011196856046423974 0.00839158295613689
leaf_weight=4672.8561579734087 1432.0148043632507 258.48287770152092 3244.1041331589222 341.53741124272346 553.36973641812801 1052.6212017089128 290.8235003054142 242.31839111447334 130.83577218651772 1319.7938374727964 72.37267142534256 21.997365742921829 72.252859428524971 538.97598221898079 37.058464720845222
leaf_count=18936 5842 1055 13010 1442 2216 4222 1168 996 533 5368 291 90 297 2303 153
internal_value=0 -0.00185749 -0.00316953 0.00688257 -0.001197 -0.00447782 0.00525613 0.00625733 0.00128055 0.00539446 0.00497387 0.0105108 0.00716486 0.0107451 0.00701738
internal_weight=0 11245.9 9522.95 3035.56 3797.47 5725.48 2095.99 1674.33 421.659 1722.9 1392.17 939.569 330.736 880.513 59.0558
internal_count=57922 45395 38384 12527 15226 23158 8539 6838 1701 7011 5659 3988 1352 3745 243
is_linear=0
shrinkage=0.01


Tree=40
num_leaves=16
num_cat=0
split_feature=2 5 0 8 4 5 7 4 0 1 8 8 4 7 1
split_gain=1791.62 1049.25 244.267 211.463 178 176.769 82.3061 47.2357 12.6126 11.2576 10.9917 7.60995 4.13459 2.81376 1.88132
threshold=1.0000000180025095e-35 1.0000000180025095e-35 1.0000000180025095e-35 1.0000000180025095e-35 1.0000000180025095e-35 1.0000000180025095e-35 1.0000000180025095e-35 1.0000000180025095e-35 1.0000000180025095e-35 2.5000000000000004 1.0000000180025095e-35 1.0000000180025095e-35 1.0000000180025095e-35 1.0000000180025095e-35 1.5000000000000002
decision_type=2 2 2 2 2 2 2 2 2 2 2 2 2 2 2
left_child=1 2 4 -4 -1 6 7 -2 12 -8 -10 13 -3 -7 -13
right_child=5 8 3 -5 -6 11 9 -9 10 -11 -12 14 -14 -15 -16
leaf_value=-0.0059150555717973098 0.0028633040456228537 0.0065095219172256139 -0.00099378036186311422 -0.0054841012685005698 0.0037109048836817472 0.0099551823121400065 0.0078716236357187688 0.0084638925836628843 0.0051354974783032106 -2.5241647283354504e-05 0.0011327402459842626 0.0051000267003893443 0.0092173412030520079 0.011116784473300088 0.0086744547758506735
leaf_weight=3124.4316056966782 1105.6584638804197 258.24320478737354 4852.8301064372063 1337.9084552973509 204.68719831109047 340.74435153603554 795.99182221293449 174.33738999068737 1318.9092120826244 18.471393242478371 72.367419555783272 28.365481466054916 72.14137601852417 537.43722547590733 30.619931399822235
leaf_count=12640 4462 1055 19513 5410 821 1442 3294 708 5368 75 291 116 297 2303 127
internal_value=0 -0.00183963 -0.00313886 -0.0019642 -0.00532321 0.00682265 0.0052074 0.00362611 0.00534438 0.00769253 0.00492729 0.0104325 0.00710079 0.0106661 0.00695555
internal_weight=0 11241.5 9519.86 6190.74 3329.12 3031.63 2094.46 1280 1721.66 814.463 1391.28 937.167 330.385 878.182 58.9854
internal_count=57922 45395 38384 24923 13461 12527 8539 5170 7011 3369 5659 3988 1352 3745 243
is_linear=0
shrinkage=0.01


Tree=41
num_leaves=16
num_cat=0
split_feature=2 5 4 0 5 8 4 3 1 7 1 8 4 7 6
split_gain=1757.98 1028.86 240.445 258.235 174.438 81.2957 35.6399 30.4899 14.9481 12.5376 10.8408 7.53046 6.16221 2.79269 1.85465
threshold=1.0000000180025095e-35 1.0000000180025095e-35 1.0000000180025095e-35 1.0000000180025095e-35 1.0000000180025095e-35 1.0000000180025095e-35 1.0000000180025095e-35 1.0000000180025095e-35 2.5000000000000004 1.0000000180025095e-35 1.5000000000000002 1.0000000180025095e-35 1.0000000180025095e-35 1.0000000180025095e-35 1.0000000180025095e-35
decision_type=2 2 2 2 2 2 2 2 2 2 2 2 2 2 2
left_child=1 2 3 -1 5 6 -2 -7 -4 12 -11 13 -3 -6 -13
right_child=4 9 8 -5 11 7 -8 -9 -10 10 -12 14 -14 -15 -16
leaf_value=-0.0058595433746503021 0.0055487279211477985 0.0037305855804408744 0.0030013903809898539 -0.0022842944235383685 0.0098789727901204532 -0.000568803089746314 0.0097011896042548292 0.0052465124937897583 -0.0038651946693013446 0.0070640906758979742 0.00504873524340129 0.0045925933927844567 0.0062897216946155386 0.011037702004340511 0.0082620757345060348
leaf_weight=3122.5011579692364 1429.7754004001617 526.87045139074326 638.19103598594666 5722.9190700054169 339.94323402643204 290.76545639336109 241.62223365902901 130.67955948412418 33.360481098294258 484.13580513000488 594.85289897024632 21.957389876246452 114.54788339138031 535.88278569281101 36.95614942908287
leaf_count=12640 5842 2136 2561 23049 1442 1168 996 533 134 1983 2423 90 469 2303 153
internal_value=0 -0.00182191 -0.00310842 -0.00354638 0.0067635 0.00515934 0.00614902 0.00123438 0.00266028 0.00529482 0.00595301 0.0103552 0.00418761 0.010588 0.00689444
internal_weight=0 11237.4 9516.97 8845.42 3027.58 2092.84 1671.4 421.445 671.552 1720.41 1078.99 934.74 641.418 875.826 58.9135
internal_count=57922 45395 38384 35689 12527 8539 6838 1701 2695 7011 4406 3988 2605 3745 243
is_linear=0
shrinkage=0.01


Tree=42
num_leaves=16
num_cat=0
split_feature=2 5 7 1 3 5 7 3 0 6 8 8 4 7 1
split_gain=1724.95 1008.87 240.335 174.883 173.638 172.161 80.5609 46.9407 12.4053 11.2148 10.7395 7.45299 4.04995 2.77213 1.85914
threshold=1.0000000180025095e-35 1.0000000180025095e-35 1.0000000180025095e-35 2.5000000000000004 1.0000000180025095e-35 1.0000000180025095e-35 1.0000000180025095e-35 1.0000000180025095e-35 1.0000000180025095e-35 1.0000000180025095e-35 1.0000000180025095e-35 1.0000000180025095e-35 1.0000000180025095e-35 1.0000000180025095e-35 1.5000000000000002
decision_type=2 2 2 2 2 2 2 2 2 2 2 2 2 2 2
left_child=1 2 4 -4 -1 6 7 -2 12 -8 -10 13 -3 -7 -13
right_child=5 8 3 -5 -6 11 9 -9 10 -11 -12 14 -14 -15 -16
leaf_value=-0.0052006745976908783 0.0023595327075635751 0.0064039733175862189 -0.0005207329575995476 -0.0087202812672048501 -0.00070368863066310361 0.0098036252857888421 0.007008324897497256 0.0066374446771173467 0.0050379668174790103 0.010013728004906438 0.0010805380236135894 0.0049881311873844446 0.0090872251239518965 0.010959580986628199 0.0085456804893336846
leaf_weight=4666.0454596877098 923.80837500095367 257.79957002401352 3515.0350889116526 280.9031205624342 1052.250383079052 339.13444548845291 659.41074585914612 355.09192223846912 1317.0508268475533 152.96320888400078 72.340370431542397 28.313180565834045 71.949477642774582 534.31345216929913 30.528515696525574
leaf_count=18936 3720 1055 14092 1134 4222 1442 2733 1450 5368 636 291 116 297 2303 127
internal_value=0 -0.00180434 -0.00307823 -0.00112751 -0.00437316 0.00670483 0.0051116 0.00354731 0.00524575 0.00757422 0.00483192 0.0102787 0.00698944 0.0105108 0.00683388
internal_weight=0 11233.4 9514.23 3795.94 5718.3 3023.56 2091.27 1278.9 1719.14 812.374 1389.39 932.29 329.749 873.448 58.8417
internal_count=57922 45395 38384 15226 23158 12527 8539 5170 7011 3369 5659 3988 1352 3745 243
is_linear=0
shrinkage=0.01


Tree=43
num_leaves=16
num_cat=0
split_feature=2 5 8 6 5 8 3 4 3 4 8 8 7 7 6
split_gain=1692.63 989.307 238.577 273.464 169.908 79.3607 58.9103 35.2023 29.4961 12.3277 15.734 7.37662 3.21707 2.75207 1.83105
threshold=1.0000000180025095e-35 1.0000000180025095e-35 1.0000000180025095e-35 1.0000000180025095e-35 1.0000000180025095e-35 1.0000000180025095e-35 1.0000000180025095e-35 1.0000000180025095e-35 1.0000000180025095e-35 1.0000000180025095e-35 1.0000000180025095e-35 1.0000000180025095e-35 1.0000000180025095e-35 1.0000000180025095e-35 1.0000000180025095e-35
decision_type=2 2 2 2 2 2 2 2 2 2 2 2 2 2 2
left_child=1 2 3 -1 5 7 -4 -2 -7 10 -3 13 -11 -6 -13
right_child=4 9 6 -5 11 8 -8 -9 -10 12 -12 14 -14 -15 -16
leaf_value=-0.0031317093196420297 0.0054469134578378894 0.0050991843558926778 -0.006998542530791154 0.0018180624114391172 0.009729118156769757 -0.00058677679266597367 -0.0026988086307431903 0.009578891497311311 0.0051364020323658071 0.0061792519151650785 0.00033939303643802285 0.004485154530159666 0.0085556391368183243 0.010882397635422978 0.0081352628995658254
leaf_weight=6164.5908185690641 1427.405686751008 1416.9624878615141 1584.6154332458973 1362.9447495490313 338.31837269663811 290.73177160322666 398.84900291264057 240.99463130533695 130.46000181138515 114.32852272689342 73.027705922722816 21.916778907179832 113.54369860887527 532.72997988760471 36.851693257689476
leaf_count=24857 5842 5783 6441 5485 1442 1168 1601 996 533 469 293 90 466 2303 153
internal_value=0 -0.00178702 -0.00304849 -0.0022355 0.00664697 0.00506459 -0.00613392 0.00604376 0.00118592 0.00519718 0.0048659 0.0102031 0.00736335 0.0104345 0.00677401
internal_weight=0 11228.9 9511 7527.54 3019.41 2089.59 1983.46 1668.4 421.192 1717.86 1489.99 929.817 227.872 871.048 58.7685
internal_count=57922 45395 38384 30342 12527 8539 8042 6838 1701 7011 6076 3988 935 3745 243
is_linear=0
shrinkage=0.01


Tree=44
num_leaves=16
num_cat=0
split_feature=2 5 4 0 5 7 3 1 7 1 1 8 4 7 1
split_gain=1660.87 970.094 235.742 252.382 167.712 78.8522 45.8309 14.4622 12.21 11.1191 10.6881 7.30214 5.94453 2.73249 1.83741
threshold=1.0000000180025095e-35 1.0000000180025095e-35 1.0000000180025095e-35 1.0000000180025095e-35 1.0000000180025095e-35 1.0000000180025095e-35 1.0000000180025095e-35 2.5000000000000004 1.0000000180025095e-35 2.5000000000000004 1.5000000000000002 1.0000000180025095e-35 1.0000000180025095e-35 1.0000000180025095e-35 1.5000000000000002
decision_type=2 2 2 2 2 2 2 2 2 2 2 2 2 2 2
left_child=1 2 3 -1 5 6 -2 -4 12 -7 -10 13 -3 -6 -13
right_child=4 8 7 -5 11 9 -8 -9 10 -11 -12 14 -14 -15 -16
leaf_value=-0.0057416852135607479 0.0022968216943354911 0.0036066107470801197 0.0030291729370401192 -0.0022050743689968517 0.0096554331228097031 0.0076368492251814015 0.0065269311680213986 -0.0037278816175050061 0.0069045242368588567 -0.00022137660752501555 0.0049008639679042412 0.0048785381186489179 0.0061234879155794572 0.010806129011745633 0.0084195683211613134
leaf_weight=3117.9359332919121 923.27924410998821 526.03979115188122 638.04434509575367 5718.9122030586004 337.49538093805313 791.83089077472687 354.45721861720085 33.329930916428566 482.76722568273544 18.425072088837624 593.54740484058857 28.259961053729057 114.21653620898724 531.13305519521236 30.435380518436432
leaf_count=12640 3720 2136 2561 23049 1442 3294 1450 134 1983 75 2423 116 469 2303 127
internal_value=0 -0.00176979 -0.0030189 -0.00345291 0.0065895 0.00501781 0.0034703 0.00269372 0.0051491 0.00745815 0.00579958 0.0101284 0.0040556 0.010359 0.00671467
internal_weight=0 11224.8 9508.22 8836.85 3015.32 2087.99 1277.74 671.374 1716.57 810.256 1076.31 927.324 640.256 868.628 58.6953
internal_count=57922 45395 38384 35689 12527 8539 5170 2695 7011 3369 4406 3988 2605 3745 243
is_linear=0
shrinkage=0.01


Tree=45
num_leaves=16
num_cat=0
split_feature=2 5 7 6 3 5 7 4 0 6 1 8 4 7 1
split_gain=1629.78 951.26 234.761 171.319 168.113 165.537 77.5739 45.5364 12.1926 11.089 10.6221 7.22865 3.91166 2.71336 1.80958
threshold=1.0000000180025095e-35 1.0000000180025095e-35 1.0000000180025095e-35 1.0000000180025095e-35 1.0000000180025095e-35 1.0000000180025095e-35 1.0000000180025095e-35 1.0000000180025095e-35 1.0000000180025095e-35 1.0000000180025095e-35 2.5000000000000004 1.0000000180025095e-35 1.0000000180025095e-35 1.0000000180025095e-35 1.5000000000000002
decision_type=2 2 2 2 2 2 2 2 2 2 2 2 2 2 2
left_child=1 2 4 -4 -1 6 7 -2 12 -8 -10 13 -3 -7 -13
right_child=5 8 3 -5 -6 11 9 -9 10 -11 -12 14 -14 -15 -16
leaf_value=-0.0050859163485713621 0.002688022499351064 0.0062570082091802674 -0.0019394981170954093 0.0040814230806670857 -0.00065993909857750663 0.0095825494604134115 0.0068308696382611582 0.0081971438684491204 0.0047978051742973045 0.0098261852815691789 -0.0024764132984721413 0.0048335418398109944 0.0088989970047267403 0.010730750635695365 0.008349819171380642
leaf_weight=4658.8820010721684 1103.5700875967741 257.14966388046741 3241.2977846562862 553.25027126073837 1051.9694217592478 336.66587847471237 656.81806614995003 173.64293003082275 1366.0921311527491 152.2453535348177 20.373622015118599 28.237919017672539 71.656096756458282 529.52346739172935 30.382985204458237
leaf_count=18936 4462 1055 13010 2216 4222 1442 2733 708 5576 636 83 116 297 2303 127
internal_value=0 -0.00175274 -0.0029896 -0.00106164 -0.00427063 0.00653283 0.00497174 0.00343701 0.00510149 0.00739451 0.00469091 0.0100545 0.00683277 0.0102845 0.00665601
internal_weight=0 11220.7 9505.4 3794.55 5710.85 3011.09 2086.28 1277.21 1715.27 809.063 1386.47 924.81 328.806 866.189 58.6209
internal_count=57922 45395 38384 15226 23158 12527 8539 5170 7011 3369 5659 3988 1352 3745 243
is_linear=0
shrinkage=0.01


Tree=46
num_leaves=16
num_cat=0
split_feature=2 5 8 6 5 8 3 4 3 7 1 8 4 7 6
split_gain=1599.27 932.815 232.637 264.606 163.409 76.9004 56.6251 34.3987 28.5579 12.026 10.5089 7.15649 5.80422 2.69466 1.81381
threshold=1.0000000180025095e-35 1.0000000180025095e-35 1.0000000180025095e-35 1.0000000180025095e-35 1.0000000180025095e-35 1.0000000180025095e-35 1.0000000180025095e-35 1.0000000180025095e-35 1.0000000180025095e-35 1.0000000180025095e-35 1.5000000000000002 1.0000000180025095e-35 1.0000000180025095e-35 1.0000000180025095e-35 1.0000000180025095e-35
decision_type=2 2 2 2 2 2 2 2 2 2 2 2 2 2 2
left_child=1 2 3 -1 5 7 -4 -2 -7 12 -11 13 -3 -6 -13
right_child=4 9 6 -5 11 8 -8 -9 -10 10 -12 14 -14 -15 -16
leaf_value=-0.0030400678603332587 0.0053015848957064125 0.0035247941075103096 -0.0068594453685873894 0.0018298289980359895 0.0095104495038441633 -0.00063655544195198273 -0.002642481229991066 0.0093940052485006215 0.0049994646655725766 0.0067973728171085599 0.0048088488893716337 0.0043169123375669518 0.0060140794018479094 0.010656240105326965 0.0079561445555668235
leaf_weight=6159.427875071764 1423.7757806628942 525.49287827312946 1581.4457767158747 1362.5470172315836 335.83018761873245 290.63118749856949 398.70689362287521 240.01498644053936 130.17246471345425 481.80473966896534 592.69690561294556 21.849912866950035 113.98684062063694 527.90190282464027 36.695959225296974
leaf_count=24857 5842 2136 6441 5485 1442 1168 1601 996 533 1983 2423 90 469 2303 153
internal_value=0 -0.00173592 -0.00296073 -0.00215792 0.00647663 0.00492602 -0.00601035 0.00589195 0.00110691 0.0050543 0.0057005 0.0099814 0.00396851 0.0102107 0.00659795
internal_weight=0 11216.1 9502.13 7521.97 3006.87 2084.59 1980.15 1663.79 420.804 1713.98 1074.5 922.278 639.48 863.732 58.5459
internal_count=57922 45395 38384 30342 12527 8539 8042 6838 1701 7011 4406 3988 2605 3745 243
is_linear=0
shrinkage=0.01


Tree=47
num_leaves=16
num_cat=0
split_feature=2 5 4 0 5 7 3 1 0 1 1 8 4 7 1
split_gain=1569.32 914.712 231.144 246.764 161.326 75.9416 44.8542 14.16 11.9956 10.9653 10.412 7.08608 3.83377 2.67637 1.7888
threshold=1.0000000180025095e-35 1.0000000180025095e-35 1.0000000180025095e-35 1.0000000180025095e-35 1.0000000180025095e-35 1.0000000180025095e-35 1.0000000180025095e-35 2.5000000000000004 1.0000000180025095e-35 2.5000000000000004 2.5000000000000004 1.0000000180025095e-35 1.0000000180025095e-35 1.0000000180025095e-35 1.5000000000000002
decision_type=2 2 2 2 2 2 2 2 2 2 2 2 2 2 2
left_child=1 2 3 -1 5 6 -2 -4 12 -7 -10 13 -3 -6 -13
right_child=4 8 7 -5 11 9 -8 -9 10 -11 -12 14 -14 -15 -16
leaf_value=-0.0056273058109604134 0.0022014259446984995 0.0061564250241221054 0.0030571005522819425 -0.0021281330885670135 0.0094391170235346555 0.0074598558995621978 0.0063902894753053198 -0.0036313951538486889 0.0047061626094411111 -0.00035090623552747681 -0.0024967884343088747 0.004727175422216982 0.0087753893443568796 0.010582576051138166 0.0082276088516227489
leaf_weight=3113.2713983356953 922.42841984331608 256.68713966012001 637.89132358133793 5714.7898944914341 334.98865216970444 788.50436647236347 353.62904787063599 33.304945215582848 1364.1543187946081 18.392762869596481 20.368088021874428 28.183630183339119 71.453315809369087 526.26897920668125 30.287463903427124
leaf_count=12640 3720 1055 2561 23049 1442 3294 1450 134 5576 75 83 116 297 2303 127
internal_value=0 -0.00171921 -0.00293202 -0.00336214 0.00642087 0.00488063 0.00336227 0.00272522 0.00500763 0.00728181 0.0046002 0.00990912 0.00672671 0.0101378 0.00654037
internal_weight=0 11211.9 9499.26 8828.06 3002.68 2082.95 1276.06 671.196 1712.66 806.897 1384.52 919.729 328.14 861.258 58.4711
internal_count=57922 45395 38384 35689 12527 8539 5170 2695 7011 3369 5659 3988 1352 3745 243
is_linear=0
shrinkage=0.01


Tree=48
num_leaves=16
num_cat=0
split_feature=2 5 7 1 4 5 8 4 3 7 1 8 8 7 6
split_gain=1539.99 896.96 229.326 170.105 164.502 159.262 75.0816 33.9811 27.6238 11.8452 10.3336 7.01647 5.73567 2.65848 1.79111
threshold=1.0000000180025095e-35 1.0000000180025095e-35 1.0000000180025095e-35 2.5000000000000004 1.0000000180025095e-35 1.0000000180025095e-35 1.0000000180025095e-35 1.0000000180025095e-35 1.0000000180025095e-35 1.0000000180025095e-35 1.5000000000000002 1.0000000180025095e-35 1.0000000180025095e-35 1.0000000180025095e-35 1.0000000180025095e-35
decision_type=2 2 2 2 2 2 2 2 2 2 2 2 2 2 2
left_child=1 2 4 -4 -1 6 7 -2 -8 12 -11 13 -3 -7 -13
right_child=5 9 3 -5 -6 11 8 -9 -10 10 -12 14 -14 -15 -16
leaf_value=-0.0046329221337932753 0.0052047183997324517 0.0042680179930246224 -0.0003999930799003664 -0.0084961363435582422 0.0020721792482631244 0.0093685321818458584 -0.00065227209768069954 0.0092775630917717126 0.0048942673932966304 0.0066922708357255323 0.004718650670762858 0.0042149880204849118 0.0015495675482608757 0.010509738143533688 0.0078355681045384849
leaf_weight=5310.2533624321222 1421.3083878457546 548.27935734391212 3512.9162608981133 280.21484412252903 392.97604504227638 334.14165890216827 290.60025958716869 239.34984189271927 129.94371281564236 480.82673490047455 591.8353777974844 21.807942286133766 90.413085773587227 524.62541720271111 36.587092861533165
leaf_count=21577 5842 2240 14092 1134 1581 1442 1168 996 533 1983 2423 90 365 2303 153
internal_value=0 -0.00170266 -0.00290359 -0.00099809 -0.00417091 0.00636588 0.00483592 0.00579174 0.00106155 0.00496136 0.00560334 0.00983762 0.0038832 0.0100657 0.00648344
internal_weight=0 11207.7 9496.36 3793.13 5703.23 2998.36 2081.2 1660.66 420.544 1711.35 1072.66 917.162 638.692 858.767 58.395
internal_count=57922 45395 38384 15226 23158 12527 8539 6838 1701 7011 4406 3988 2605 3745 243
is_linear=0
shrinkage=0.01


Tree=49
num_leaves=16
num_cat=0
split_feature=2 5 8 6 5 7 3 4 4 8 6 8 7 7 1
split_gain=1511.18 879.578 226.577 259.332 157.249 74.345 55.5614 43.8265 11.8705 15.1164 10.9922 6.94849 3.15474 2.64094 1.76841
threshold=1.0000000180025095e-35 1.0000000180025095e-35 1.0000000180025095e-35 1.0000000180025095e-35 1.0000000180025095e-35 1.0000000180025095e-35 1.0000000180025095e-35 1.0000000180025095e-35 1.0000000180025095e-35 1.0000000180025095e-35 1.0000000180025095e-35 1.0000000180025095e-35 1.0000000180025095e-35 1.0000000180025095e-35 1.5000000000000002
decision_type=2 2 2 2 2 2 2 2 2 2 2 2 2 2 2
left_child=1 2 3 -1 5 7 -4 -2 9 -3 -7 13 -10 -6 -13
right_child=4 8 6 -5 11 10 -8 -9 12 -11 -12 14 -14 -15 -16
leaf_value=-0.0029571207917075677 0.0025545559303026505 0.0048196149327301638 -0.0067304479984691048 0.0018650369009752877 0.0092986809631426838 0.0066088271310019188 -0.002551414327563692 0.0079687364737715833 0.0058722023194538297 0.00015114997233760526 0.0095999112409163329 0.0046229508557472437 0.0082325932746591494 0.010437703981040906 0.0081078200770993477
leaf_weight=6154.2752922773361 1101.8574387580156 1410.5745847672224 1578.2998498678207 1362.082510009408 333.2894871532917 653.37919786572456 398.46098859608173 172.98201897740364 113.67774096131325 72.945346847176552 151.31946289539337 28.128662154078484 112.81908702850342 522.97183452546597 30.190618813037872
leaf_count=24857 4462 5783 6441 5485 1442 2733 1601 708 469 293 636 116 466 2303 127
internal_value=0 -0.00168632 -0.00287555 -0.00208327 0.00631121 0.00479141 -0.00588807 0.0032892 0.00491562 0.00459006 0.00717129 0.00976688 0.00704792 0.00999435 0.00642699
internal_weight=0 11203.1 9493.12 7516.36 2994.12 2079.54 1976.76 1274.84 1710.02 1483.52 804.699 914.581 226.497 856.261 58.3193
internal_count=57922 45395 38384 30342 12527 8539 8042 5170 7011 6076 3369 3988 935 3745 243
is_linear=0
shrinkage=0.01


Tree=50
num_leaves=16
num_cat=0
split_feature=2 5 0 7 4 5 8 4 3 0 1 8 4 7 6
split_gain=1482.94 862.518 223.79 195.5 164.3 155.26 73.1802 33.1025 27.1205 11.8076 10.2106 6.88124 3.73541 2.62376 1.76886
threshold=1.0000000180025095e-35 1.0000000180025095e-35 1.0000000180025095e-35 1.0000000180025095e-35 1.0000000180025095e-35 1.0000000180025095e-35 1.0000000180025095e-35 1.0000000180025095e-35 1.0000000180025095e-35 1.0000000180025095e-35 2.5000000000000004 1.0000000180025095e-35 1.0000000180025095e-35 1.0000000180025095e-35 1.0000000180025095e-35
decision_type=2 2 2 2 2 2 2 2 2 2 2 2 2 2 2
left_child=1 2 4 -4 -1 6 7 -2 -8 12 -11 13 -3 -7 -13
right_child=5 9 3 -5 -6 11 8 -9 -10 10 -12 14 -14 -15 -16
leaf_value=-0.0055158417350308119 0.0051130534162248985 0.0060151728782310071 -0.0031364774770912792 0.00051614380915521976 0.0037348537930409686 0.0092295458578022446 -0.00067690574086360104 0.0091389794581766132 0.0048214392647710283 0.004570888182437117 -0.0025654291274406246 0.0041151168229112836 0.0086052267131760674 0.010366456192666277 0.0077173638110348752
leaf_weight=3108.4835696518421 1418.9120445251465 256.0065828114748 3786.7669529020786 2390.2918758243322 204.63344067335129 332.43248072266579 290.54588642716408 238.57432870566845 129.77854537963867 1361.1554287821054 20.349215567111969 21.765590876340866 71.160617381334305 521.30888320505619 36.476723149418831
leaf_count=12640 5842 1055 15358 9565 821 1442 1168 996 533 5576 83 90 297 2303 153
internal_value=0 -0.0016701 -0.00284768 -0.00172305 -0.00494448 0.0062572 0.00474747 0.00569253 0.00102075 0.00487031 0.00446577 0.00969688 0.00657852 0.00992376 0.00637118
internal_weight=0 11198.8 9490.18 6177.06 3313.12 2989.79 2077.81 1657.49 420.324 1708.67 1381.5 911.984 327.167 853.741 58.2423
internal_count=57922 45395 38384 24923 13461 12527 8539 6838 1701 7011 5659 3988 1352 3745 243
is_linear=0
shrinkage=0.01


Tree=51
num_leaves=16
num_cat=0
split_feature=2 5 4 0 5 7 3 1 0 6 1 8 4 7 1
split_gain=1455.24 845.813 221.401 236.968 153.311 72.7893 43.6516 13.6643 11.6127 10.8578 10.0172 6.81552 3.68095 2.60693 1.74836
threshold=1.0000000180025095e-35 1.0000000180025095e-35 1.0000000180025095e-35 1.0000000180025095e-35 1.0000000180025095e-35 1.0000000180025095e-35 1.0000000180025095e-35 2.5000000000000004 1.0000000180025095e-35 1.0000000180025095e-35 2.5000000000000004 1.0000000180025095e-35 1.0000000180025095e-35 1.0000000180025095e-35 1.5000000000000002
decision_type=2 2 2 2 2 2 2 2 2 2 2 2 2 2 2
left_child=1 2 3 -1 5 6 -2 -4 12 -7 -10 13 -3 -6 -13
right_child=4 8 7 -5 11 9 -8 -9 10 -11 -12 14 -14 -15 -16
leaf_value=-0.005464481259032582 0.0020723820462690444 0.0059611793800023044 0.0030421516191396314 -0.0020324048737395532 0.0091611112249344144 0.0065031939458338166 0.0062103799981533675 -0.0035306165020721394 0.0045283532980934012 0.0094807659388392324 -0.0025388771569463358 0.0045208088976504985 0.008534353587318206 0.01029597614995735 0.0079903670265687923
leaf_weight=3106.3338291198015 921.16630360484123 255.7434318959713 637.90613716840744 5709.2164319604635 331.57096192240715 651.67531371116638 352.47536908090115 33.279491364955902 1360.2061676383018 150.80739052593708 20.35637603700161 28.073105841875076 71.034687206149101 519.63711231946945 30.092595174908638
leaf_count=12640 3720 1055 2561 23049 1442 2733 1450 134 5576 636 83 116 297 2303 127
internal_value=0 -0.00165411 -0.00282024 -0.00324177 0.0062036 0.00470384 0.00321756 0.00271625 0.00482539 0.00706276 0.00442415 0.00962761 0.00652053 0.00985391 0.00631582
internal_weight=0 11194.1 9486.74 8815.55 2985.5 2076.12 1273.64 671.186 1707.34 802.483 1380.56 909.374 326.778 851.208 58.1657
internal_count=57922 45395 38384 35689 12527 8539 5170 2695 7011 3369 5659 3988 1352 3745 243
is_linear=0
shrinkage=0.01


Tree=52
num_leaves=16
num_cat=0
split_feature=2 5 8 6 5 7 3 3 7 1 1 8 4 7 6
split_gain=1428.09 829.411 221.324 253.769 151.38 71.6173 54.3759 42.8741 11.6172 10.8501 10.1754 6.75045 5.53909 2.59041 1.74704
threshold=1.0000000180025095e-35 1.0000000180025095e-35 1.0000000180025095e-35 1.0000000180025095e-35 1.0000000180025095e-35 1.0000000180025095e-35 1.0000000180025095e-35 1.0000000180025095e-35 1.0000000180025095e-35 2.5000000000000004 1.5000000000000002 1.0000000180025095e-35 1.0000000180025095e-35 1.0000000180025095e-35 1.0000000180025095e-35
decision_type=2 2 2 2 2 2 2 2 2 2 2 2 2 2 2
left_child=1 2 3 -1 5 7 -4 -2 12 -7 -10 13 -3 -6 -13
right_child=4 8 6 -5 11 9 -8 -9 10 -11 -12 14 -14 -15 -16
leaf_value=-0.0028748671934717748 0.0020520626009723287 0.0032781421712696273 -0.0066078059566374164 0.0018963468486800704 0.0090933621774637406 0.0071810399336293589 -0.002471812051667265 0.0061546915424081743 0.0065007975668932684 -0.00060309045130092255 0.0045388956038793773 0.0040172439271493861 0.0057165343963421324 0.010226242443691113 0.0076014493723522494
leaf_weight=6148.7471963018179 920.98589140176773 523.69374749064445 1575.1466798335314 1361.6160913109779 330.70523157715797 782.9172645509243 398.23228971660137 352.10981225967407 478.95526076853275 18.325840473175049 590.03443624079227 21.722922295331955 113.31870239973068 517.95717389881611 36.365012884140015
leaf_count=24857 3720 2136 6441 5485 1442 3294 1601 1450 1983 75 2423 90 469 2303 153
internal_value=0 -0.00163821 -0.00279292 -0.00200985 0.00615071 0.00466084 -0.00577315 0.00318676 0.0047809 0.007003 0.00541792 0.00955905 0.00371191 0.00978478 0.00626108
internal_weight=0 11189.7 9483.74 7510.36 2981.09 2074.34 1973.38 1273.1 1706 801.243 1068.99 906.75 637.012 848.662 58.0879
internal_count=57922 45395 38384 30342 12527 8539 8042 5170 7011 3369 4406 3988 2605 3745 243
is_linear=0
shrinkage=0.01


Tree=53
num_leaves=16
num_cat=0
split_feature=2 5 7 1 3 5 8 4 3 4 8 8 7 7 1
split_gain=1401.45 813.332 219.791 165.665 158.948 149.477 71.0519 32.8325 25.8606 11.4639 14.8008 6.6868 3.12183 2.57419 1.72865
threshold=1.0000000180025095e-35 1.0000000180025095e-35 1.0000000180025095e-35 2.5000000000000004 1.0000000180025095e-35 1.0000000180025095e-35 1.0000000180025095e-35 1.0000000180025095e-35 1.0000000180025095e-35 1.0000000180025095e-35 1.0000000180025095e-35 1.0000000180025095e-35 1.0000000180025095e-35 1.0000000180025095e-35 1.5000000000000002
decision_type=2 2 2 2 2 2 2 2 2 2 2 2 2 2 2
left_child=1 2 4 -4 -1 6 7 -2 -8 10 -3 13 -11 -7 -13
right_child=5 9 3 -5 -6 11 8 -9 -10 12 -12 14 -14 -15 -16
leaf_value=-0.0048039739360618916 0.0049739372625318542 0.0046444321499599216 -0.00031041224225797365 -0.0083091509188485697 -0.00049676154721917608 0.0090262845613851301 -0.00071154960284125599 0.0089910024088548715 0.0046630382357909297 0.0056653362748385972 2.2693635921399284e-05 0.0044206928902675484 0.0080186097682417336 0.010157239089534946 0.007875168183603903
leaf_weight=4639.4717317968607 1415.0202331095934 1406.2656301110983 3510.8933463543653 279.5499829351902 1050.8213422596455 329.835569024086 290.47531573474407 237.63221594691277 129.41055010259151 113.19994319975376 72.881557539105415 28.017044112086296 112.29222536087036 516.26961702108383 29.993526130914688
leaf_count=18936 5842 5783 14092 1134 4222 1442 1168 996 533 469 293 116 466 2303 127
internal_value=0 -0.00162246 -0.00276588 -0.000900329 -0.00400856 0.00609834 0.00461827 0.00555154 0.00094492 0.0047369 0.00441671 0.00949118 0.00683724 0.00971636 0.00620678
internal_weight=0 11185.4 9480.74 3790.44 5690.29 2976.65 2072.54 1652.65 419.886 1704.64 1479.15 904.116 225.492 846.105 58.0106
internal_count=57922 45395 38384 15226 23158 12527 8539 6838 1701 7011 6076 3988 935 3745 243
is_linear=0
shrinkage=0.01


Tree=54
num_leaves=16
num_cat=0
split_feature=2 5 4 0 5 7 4 1 0 3 1 8 4 7 6
split_gain=1375.3 797.591 217.084 231.644 147.62 70.1197 42.2852 13.2165 11.4192 10.7865 9.8239 6.62374 3.55901 2.55826 1.7256
threshold=1.0000000180025095e-35 1.0000000180025095e-35 1.0000000180025095e-35 1.0000000180025095e-35 1.0000000180025095e-35 1.0000000180025095e-35 1.0000000180025095e-35 2.5000000000000004 1.0000000180025095e-35 1.0000000180025095e-35 2.5000000000000004 1.0000000180025095e-35 1.0000000180025095e-35 1.0000000180025095e-35 1.0000000180025095e-35
decision_type=2 2 2 2 2 2 2 2 2 2 2 2 2 2 2
left_child=1 2 3 -1 5 6 -2 -4 12 -7 -10 13 -3 -6 -13
right_child=4 8 7 -5 11 9 -8 -9 10 -11 -12 14 -14 -15 -16
leaf_value=-0.0053567158906171544 0.0023958429683194849 0.0058266528831708358 0.0030640028947570733 -0.0019611915114904131 0.0089598638096556014 0.006439032555427022 0.0077251198546218645 -0.0034035119864500381 0.0043985163422250754 0.0098420260122004249 -0.0026033451241730195 0.0039213191744209433 0.0083620308360461554 0.010088949957247765 0.007487748312114505
leaf_weight=3101.3331423550844 1099.6361023634672 255.05639614164829 637.76614356040955 5704.9137683063745 328.9622750878334 691.34050840139389 172.20028226077557 33.243604823946953 1357.1569271534681 107.64869584143162 20.338413238525391 21.679992377758026 70.716812655329704 514.57499076426029 36.252118065953255
leaf_count=12640 4462 1055 2561 23049 1442 2914 708 134 5576 455 83 90 297 2303 153
internal_value=0 -0.00160694 -0.00273923 -0.00315701 0.00604627 0.00457589 0.0031174 0.00274359 0.00469332 0.00689752 0.00429514 0.00942399 0.00637702 0.00964863 0.00615308
internal_weight=0 11180.5 9477.26 8806.25 2972.29 2070.83 1271.84 671.01 1703.27 798.989 1377.5 901.469 325.773 843.537 57.9321
internal_count=57922 45395 38384 35689 12527 8539 5170 2695 7011 3369 5659 3988 1352 3745 243
is_linear=0
shrinkage=0.01


Tree=55
num_leaves=16
num_cat=0
split_feature=2 5 7 1 3 5 8 4 3 7 1 8 8 7 1
split_gain=1349.66 782.13 215.95 162.139 155.532 145.784 69.2591 31.9875 25.3894 11.3698 10.0224 6.56202 5.37555 2.54261 1.70925
threshold=1.0000000180025095e-35 1.0000000180025095e-35 1.0000000180025095e-35 2.5000000000000004 1.0000000180025095e-35 1.0000000180025095e-35 1.0000000180025095e-35 1.0000000180025095e-35 1.0000000180025095e-35 1.0000000180025095e-35 1.5000000000000002 1.0000000180025095e-35 1.0000000180025095e-35 1.0000000180025095e-35 1.5000000000000002
decision_type=2 2 2 2 2 2 2 2 2 2 2 2 2 2 2
left_child=1 2 4 -4 -1 6 7 -2 -8 12 -11 13 -3 -7 -13
right_child=5 9 3 -5 -6 11 8 -9 -10 10 -12 14 -14 -15 -16
leaf_value=-0.0047328845151987159 0.0048866916818177276 0.003965562628682388 -0.00028018831728777375 -0.0081987351756931739 -0.00047144379002801267 0.0088940853998979389 -0.00073391827065953825 0.0088580320209492146 0.0045940276249294421 0.0063578214879603159 0.0044080584827886522 0.0043225484162062369 0.001330273124657615 0.010021356307245686 0.0077621474844590125
leaf_weight=4634.2626629769802 1412.5716719031334 545.56382387876511 3510.179922580719 279.14438642561436 1050.6233825236559 328.08565059304237 290.42338487505913 236.82096444070339 129.24241478741169 477.48782207071781 588.65853676199913 27.960557520389557 90.202394425868988 512.87387852370739 29.893538013100624
leaf_count=18936 5842 2240 14092 1134 4222 1442 1168 996 533 1983 2423 116 365 2303 127
internal_value=0 -0.0015915 -0.00271272 -0.000863516 -0.00394533 0.00599479 0.00453403 0.0054569 0.000906903 0.00465011 0.00528129 0.00935746 0.00359167 0.00958157 0.00609981
internal_weight=0 11176.1 9474.21 3789.32 5684.89 2967.87 2069.06 1649.39 419.666 1701.91 1066.15 898.814 635.766 840.96 57.8541
internal_count=57922 45395 38384 15226 23158 12527 8539 6838 1701 7011 4406 3988 2605 3745 243
is_linear=0
shrinkage=0.01


Tree=56
num_leaves=16
num_cat=0
split_feature=2 5 8 6 5 7 3 3 0 6 1 8 4 7 6
split_gain=1324.49 766.997 214.359 247.423 143.983 68.6583 51.2933 41.7353 11.2508 10.7442 9.62944 6.50084 3.51888 2.52721 1.70454
threshold=1.0000000180025095e-35 1.0000000180025095e-35 1.0000000180025095e-35 1.0000000180025095e-35 1.0000000180025095e-35 1.0000000180025095e-35 1.0000000180025095e-35 1.0000000180025095e-35 1.0000000180025095e-35 1.0000000180025095e-35 2.5000000000000004 1.0000000180025095e-35 1.0000000180025095e-35 1.0000000180025095e-35 1.0000000180025095e-35
decision_type=2 2 2 2 2 2 2 2 2 2 2 2 2 2 2
left_child=1 2 3 -1 5 7 -4 -2 12 -7 -10 13 -3 -6 -13
right_child=4 8 6 -5 11 9 -8 -9 10 -11 -12 14 -14 -15 -16
leaf_value=-0.0027708261672999808 0.001929850896676597 0.0057329065661807189 -0.0064361417230754678 0.0019419141676357357 0.0088289371533818214 0.0062355779470373478 -0.0024172458753754051 0.0059833655685892356 0.0043144359878146375 0.0092093579368391042 -0.0026185878770904102 0.0038272924581871054 0.0082572959105108555 0.0099544426371036415 0.0073761870471097148
leaf_weight=6141.1794055849314 919.67759042978287 254.56174847483635 1570.5564466565847 1360.8900458365679 327.20593190193176 647.15252913534641 398.06739403307438 350.92436012625694 1355.1198626756668 149.57463060319424 20.334052994847298 21.636859238147736 70.515722349286079 511.16679506003857 36.138184398412704
leaf_count=24857 3720 1055 6441 5485 1442 2733 1601 1450 5576 636 83 90 297 2303 153
internal_value=0 -0.00157628 -0.0026866 -0.00191593 0.00594371 0.00449247 -0.0056235 0.00304938 0.00460737 0.00679386 0.00421194 0.00929159 0.0062805 0.00951517 0.00604712
internal_weight=0 11171.2 9470.69 7502.07 2963.48 2067.33 1968.62 1270.6 1700.53 796.727 1375.45 896.148 325.077 838.373 57.775
internal_count=57922 45395 38384 30342 12527 8539 8042 5170 7011 3369 5659 3988 1352 3745 243
is_linear=0
shrinkage=0.01


Tree=57
num_leaves=16
num_cat=0
split_feature=2 5 4 0 5 8 4 3 1 7 1 8 4 7 1
split_gain=1299.83 752.133 212.855 226.453 142.195 67.6306 31.6198 24.5506 12.7822 11.1997 9.85749 6.4409 5.32147 2.51207 1.69013
threshold=1.0000000180025095e-35 1.0000000180025095e-35 1.0000000180025095e-35 1.0000000180025095e-35 1.0000000180025095e-35 1.0000000180025095e-35 1.0000000180025095e-35 1.0000000180025095e-35 2.5000000000000004 1.0000000180025095e-35 1.5000000000000002 1.0000000180025095e-35 1.0000000180025095e-35 1.0000000180025095e-35 1.5000000000000002
decision_type=2 2 2 2 2 2 2 2 2 2 2 2 2 2 2
left_child=1 2 3 -1 5 6 -2 -7 -4 12 -11 13 -3 -6 -13
right_child=4 9 8 -5 11 7 -8 -9 -10 10 -12 14 -14 -15 -16
leaf_value=-0.0052517184717000634 0.0047977038427269563 0.0030884987340995935 0.0030841037494830992 -0.0018922097669034654 0.0087644051649787297 -0.00074594152371957191 0.0087517505316519802 0.0044966957901017941 -0.0032797311703486416 0.0062610262151388098 0.0043255615530191534 0.0042263251861530153 0.0054840231871092424 0.0098881933265265714 0.0076512321754741777
leaf_weight=3096.2372371703386 1409.9948337227106 522.18782539665699 637.62700161337852 5700.5460951477289 326.32341983914375 290.39812237024307 236.11113126575947 129.00259231030941 33.205836564302444 476.46064034104347 587.76146084070206 27.903721436858177 112.7558788061142 509.45422081649303 29.792754128575325
leaf_count=12640 5842 2136 2561 23049 1442 1168 996 533 134 1983 2423 116 469 2303 127
internal_value=0 -0.00156114 -0.00266061 -0.00307467 0.00589327 0.00445149 0.00536486 0.00086663 0.0027691 0.00456498 0.00519208 0.00922634 0.00351391 0.00944942 0.00599485
internal_weight=0 11166.8 9467.62 8796.78 2958.98 2065.51 1646.11 419.401 670.833 1699.17 1064.22 893.474 634.944 835.778 57.6965
internal_count=57922 45395 38384 35689 12527 8539 6838 1701 2695 7011 4406 3988 2605 3745 243
is_linear=0
shrinkage=0.01


Tree=58
num_leaves=16
num_cat=0
split_feature=2 5 7 1 4 5 7 3 4 8 1 8 7 7 6
split_gain=1275.6 737.563 210.957 159.931 152.014 140.447 67.2262 40.766 11.1122 14.291 10.75 6.38144 3.05398 2.49716 1.68382
threshold=1.0000000180025095e-35 1.0000000180025095e-35 1.0000000180025095e-35 1.5000000000000002 1.0000000180025095e-35 1.0000000180025095e-35 1.0000000180025095e-35 1.0000000180025095e-35 1.0000000180025095e-35 1.0000000180025095e-35 2.5000000000000004 1.0000000180025095e-35 1.0000000180025095e-35 1.0000000180025095e-35 1.0000000180025095e-35
decision_type=2 2 2 2 2 2 2 2 2 2 2 2 2 2 2
left_child=1 2 4 -4 -1 6 7 -2 9 -3 -8 13 -10 -7 -13
right_child=5 8 3 -5 -6 11 10 -9 12 -11 -12 14 -14 -15 -16
leaf_value=-0.004300448578052082 0.0018765885635595994 0.0044319558847171437 0.0025899849844419139 -0.0020500641514846472 0.0021485562284500308 0.0087004774187283921 0.0068703976718436982 0.0058859921687716733 0.0054350472845932042 -0.00011211606106451553 -0.00089594950537690606 0.0037351177330898519 0.0077689610006592023 0.0098225921155595218 0.007266697320160863
leaf_weight=5284.1615196168423 919.08693979680538 1400.7030896097422 1014.6101219505072 2773.0843699723482 392.66926100850105 325.4383507668972 776.20641633868217 350.22865250706673 112.63482376933098 72.808241277933121 18.241605624556541 21.593572586774826 111.63203930854797 507.73670487105846 36.023351937532425
leaf_count=21577 3720 5783 4072 11154 1581 1442 3294 1450 469 293 75 90 466 2303 153
internal_value=0 -0.00154615 -0.00263487 -0.000807134 -0.00385437 0.00584314 0.00441073 0.00298286 0.00452305 0.00420743 0.00669207 0.00916172 0.00659679 0.00938429 0.00594314
internal_weight=0 11162.3 9464.53 3787.69 5676.83 2954.56 2063.76 1269.32 1697.78 1473.51 794.448 890.792 224.267 833.175 57.6169
internal_count=57922 45395 38384 15226 23158 12527 8539 5170 7011 6076 3369 3988 935 3745 243
is_linear=0
shrinkage=0.01


Tree=59
num_leaves=16
num_cat=0
split_feature=2 5 8 6 5 7 3 4 0 3 1 8 4 7 1
split_gain=1251.86 723.286 208.82 242.428 138.711 66.1501 50.3467 40.8106 11.0648 10.6465 9.4437 6.32316 3.40354 2.48246 1.67129
threshold=1.0000000180025095e-35 1.0000000180025095e-35 1.0000000180025095e-35 1.0000000180025095e-35 1.0000000180025095e-35 1.0000000180025095e-35 1.0000000180025095e-35 1.0000000180025095e-35 1.0000000180025095e-35 1.0000000180025095e-35 2.5000000000000004 1.0000000180025095e-35 1.0000000180025095e-35 1.0000000180025095e-35 1.5000000000000002
decision_type=2 2 2 2 2 2 2 2 2 2 2 2 2 2 2
left_child=1 2 3 -1 5 7 -4 -2 12 -7 -10 13 -3 -6 -13
right_child=4 8 6 -5 11 9 -8 -9 10 -11 -12 14 -14 -15 -16
leaf_value=-0.0026956068485864248 0.0022455734016698214 0.0056046390110439069 -0.0063176372491604927 0.0019703077272669807 0.0086371423746561191 0.0061790095146045925 -0.0023340647438761571 0.0074925983884156925 0.0041907556369544068 0.0095738109548045413 -0.0026780224167691088 0.0041319746691830537 0.0080925764092782543 0.009757626032341031 0.007542352437009292
leaf_weight=6135.7974845916033 1097.3711080998182 253.86223331093788 1567.1632677912712 1360.4456064403057 324.55096104741096 686.42287440598011 397.80133435130119 171.38440062105656 1352.0167506784201 106.74628369510174 20.31706677377224 27.846606060862541 70.188609823584557 506.01469334959984 29.691289082169533
leaf_count=24857 4462 1055 6441 5485 1442 2914 1601 708 5576 455 83 116 297 2303 127
internal_value=0 -0.00153134 -0.00260944 -0.00184882 0.00579365 0.00437054 -0.00551117 0.00295435 0.00448152 0.00663589 0.00408907 0.0090977 0.00614352 0.00931979 0.00589183
internal_weight=0 11157.6 9461.21 7496.24 2950.03 2061.92 1964.96 1268.76 1696.38 793.169 1372.33 888.104 324.051 830.566 57.5379
internal_count=57922 45395 38384 30342 12527 8539 8042 5170 7011 3369 5659 3988 1352 3745 243
is_linear=0
shrinkage=0.01


Tree=60
num_leaves=16
num_cat=0
split_feature=2 5 4 0 5 8 4 3 1 7 1 8 8 7 6
split_gain=1228.56 709.274 205.963 222.081 137.007 65.5582 30.9265 23.7586 12.4667 10.9616 9.71053 6.26531 5.16274 2.46799 1.66344
threshold=1.0000000180025095e-35 1.0000000180025095e-35 1.0000000180025095e-35 1.0000000180025095e-35 1.0000000180025095e-35 1.0000000180025095e-35 1.0000000180025095e-35 1.0000000180025095e-35 2.5000000000000004 1.0000000180025095e-35 1.5000000000000002 1.0000000180025095e-35 1.0000000180025095e-35 1.0000000180025095e-35 1.0000000180025095e-35
decision_type=2 2 2 2 2 2 2 2 2 2 2 2 2 2 2
left_child=1 2 3 -1 5 6 -2 -7 -4 12 -11 13 -3 -6 -13
right_child=4 9 8 -5 11 7 -8 -9 -10 10 -12 14 -14 -15 -16
leaf_value=-0.0051499632672213861 0.0046707905787536841 0.0037669490766599522 0.0030675237621998349 -0.0018208180053667659 0.0085743873941799727 -0.00078524978766754991 0.0085898327988007464 0.0043766306705077434 -0.0032190240604014972 0.0061245063319926712 0.0042008283246345807 0.0036447495894322284 0.0011818128920333226 0.0096932796705641467 0.0071592118347756015
leaf_weight=3091.1761261969805 1406.1112989932299 543.63096882402897 637.67558908462524 5696.0486361086369 323.66153001785278 290.30840203166008 235.01317057013512 128.69529308378696 33.186428010463715 474.96379047632217 586.36399997770786 21.550182312726974 90.049031093716621 504.2887010127306 35.907752737402916
leaf_count=12640 5842 2240 2561 23049 1442 1168 996 533 134 1983 2423 90 365 2303 153
internal_value=0 -0.00151664 -0.00258421 -0.00299195 0.00574452 0.00433063 0.00523201 0.000800201 0.00275654 0.00444032 0.00506171 0.00903428 0.00339959 0.00925588 0.00584108
internal_weight=0 11153.1 9458.09 8787.22 2945.54 2060.13 1641.12 419.004 670.862 1695.01 1061.33 885.408 633.68 827.95 57.4579
internal_count=57922 45395 38384 35689 12527 8539 6838 1701 2695 7011 4406 3988 2605 3745 243
is_linear=0
shrinkage=0.01


Tree=61
num_leaves=16
num_cat=0
split_feature=2 5 7 1 3 5 7 0 0 6 1 8 4 7 1
split_gain=1205.68 695.539 206.079 157.516 148.824 135.333 64.7751 40.6678 10.9023 10.636 9.25663 6.20857 3.36593 2.4537 1.65271
threshold=1.0000000180025095e-35 1.0000000180025095e-35 1.0000000180025095e-35 2.5000000000000004 1.0000000180025095e-35 1.0000000180025095e-35 1.0000000180025095e-35 1.0000000180025095e-35 1.0000000180025095e-35 1.0000000180025095e-35 2.5000000000000004 1.0000000180025095e-35 1.0000000180025095e-35 1.0000000180025095e-35 1.5000000000000002
decision_type=2 2 2 2 2 2 2 2 2 2 2 2 2 2 2
left_child=1 2 4 -4 -1 6 7 -2 12 -8 -10 13 -3 -7 -13
right_child=5 8 3 -5 -6 11 9 -9 10 -11 -12 14 -14 -15 -16
leaf_value=-0.0045381805099153263 -3.9471716095458662e-05 0.0055150214408915326 -0.00017818519259557287 -0.0079938368697338377 -0.00036697648398537655 0.0085122011184403726 0.0059796184092489471 0.0039850931690960005 0.0041106514690001971 0.0089505593751022655 -0.002690433905375861 0.0040394502489508642 0.0079925541481976996 0.0096295381075959443 0.0074354437965946105
leaf_weight=4619.0628163963556 344.96908929944038 253.35935735702515 3507.804988861084 278.32566075026989 1049.7612891048193 322.77029404044151 642.55895759165287 922.52591013908386 1349.9522254616022 148.31513884663582 20.31340517103672 27.789279282093048 69.982825264334679 502.55917398631573 29.589251801371574
leaf_count=18936 1403 1055 14092 1134 4222 1442 2733 3767 5576 636 83 116 297 2303 127
internal_value=0 -0.00150209 -0.00255922 -0.000752729 -0.00376575 0.00569576 0.00429102 0.00288974 0.00439958 0.00653677 0.00400983 0.00897144 0.00605125 0.00919257 0.00579071
internal_weight=0 11148.6 9454.95 3786.13 5668.82 2941.08 2058.37 1267.49 1693.61 790.874 1370.27 882.708 323.342 825.329 57.3785
internal_count=57922 45395 38384 15226 23158 12527 8539 5170 7011 3369 5659 3988 1352 3745 243
is_linear=0
shrinkage=0.01


Tree=62
num_leaves=16
num_cat=0
split_feature=2 5 8 6 5 8 3 4 3 4 8 8 7 7 6
split_gain=1183.24 682.086 203.686 236.85 133.681 64.0145 48.4071 30.5717 23.2443 10.8323 13.867 6.15221 2.97897 2.43961 1.64337
threshold=1.0000000180025095e-35 1.0000000180025095e-35 1.0000000180025095e-35 1.0000000180025095e-35 1.0000000180025095e-35 1.0000000180025095e-35 1.0000000180025095e-35 1.0000000180025095e-35 1.0000000180025095e-35 1.0000000180025095e-35 1.0000000180025095e-35 1.0000000180025095e-35 1.0000000180025095e-35 1.0000000180025095e-35 1.0000000180025095e-35
decision_type=2 2 2 2 2 2 2 2 2 2 2 2 2 2 2
left_child=1 2 3 -1 5 7 -4 -2 -7 10 -3 13 -11 -6 -13
right_child=4 9 6 -5 11 8 -8 -9 -10 12 -12 14 -14 -15 -16
leaf_value=-0.0026210006702474713 0.0045857178997520502 0.0042690309080966101 -0.0061957794353258676 0.0019918714374875753 0.0084505720408197191 -0.00080485684601536893 -0.0022881884495000245 0.0084878835209084482 0.0043035831877055548 0.0052620025094812619 -0.00020915104998812484 0.003556146063739904 0.0075722702239163333 0.0095663898212992662 0.0070536695523271496
leaf_weight=6130.103414490819 1403.5311728864908 1396.213003963232 1563.5723221302032 1360.0419528484344 321.87746798992157 290.26551039516926 397.64807234704494 234.28884552419186 128.50498308241367 112.18435591459274 72.751181855797768 21.50673334300518 111.07656502723694 500.82655839622021 35.7915108948946
leaf_count=24857 5842 5783 6441 5485 1442 1168 1601 996 533 469 293 90 466 2303 153
internal_value=0 -0.00148774 -0.0025346 -0.00178341 0.00564747 0.00425181 -0.00540349 0.00514392 0.000762732 0.00435916 0.00404725 0.00890917 0.0064114 0.00912983 0.00574088
internal_weight=0 11143.6 9451.37 7490.15 2936.59 2056.59 1961.22 1637.82 418.77 1692.23 1468.96 880.002 223.261 822.704 57.2982
internal_count=57922 45395 38384 30342 12527 8539 8042 6838 1701 7011 6076 3988 935 3745 243
is_linear=0
shrinkage=0.01


Tree=63
num_leaves=16
num_cat=0
split_feature=2 5 4 0 5 7 0 1 7 1 1 8 4 7 1
split_gain=1161.22 668.88 201.954 217.118 132.053 63.4333 39.9167 12.0542 10.7288 10.6325 9.56612 6.0969 5.05452 2.4257 1.63436
threshold=1.0000000180025095e-35 1.0000000180025095e-35 1.0000000180025095e-35 1.0000000180025095e-35 1.0000000180025095e-35 1.0000000180025095e-35 1.0000000180025095e-35 2.5000000000000004 1.0000000180025095e-35 2.5000000000000004 1.5000000000000002 1.0000000180025095e-35 1.0000000180025095e-35 1.0000000180025095e-35 1.5000000000000002
decision_type=2 2 2 2 2 2 2 2 2 2 2 2 2 2 2
left_child=1 2 3 -1 5 6 -2 -4 12 -7 -10 13 -3 -6 -13
right_child=4 8 7 -5 11 9 -8 -9 10 -11 -12 14 -14 -15 -16
leaf_value=-0.0050501571277180779 -7.6203002220203271e-05 0.0028737722577637059 0.0030846181223381768 -0.0017561552924363589 0.0083894902457548205 0.0066177225956316225 0.0039124405400430395 -0.0031006300940205891 0.0059916410345023695 -0.0011210726369415961 0.0040796149412903587 0.0039487062627588231 0.005215108707587241 0.0095038209747438825 0.0073304437941849234
leaf_weight=3085.92871953547 344.78003178536892 520.34562669694424 637.54232735931873 5691.5884367972612 320.98326674103737 770.395248234272 921.47503635287285 33.146371424198151 473.45477509498596 18.172473549842834 584.95795658230782 27.731805548071861 112.06179697811604 499.09126605093479 29.486744031310081
leaf_count=12640 1403 2136 2561 23049 1442 3294 3767 134 1983 75 2423 116 469 2303 127
internal_value=0 -0.00147347 -0.0025101 -0.00291423 0.00559959 0.00421293 0.0028264 0.00277893 0.00431917 0.00643938 0.00493491 0.00884746 0.00328865 0.00906766 0.00569144
internal_weight=0 11139 9448.21 8777.52 2932.12 2054.82 1266.26 670.689 1690.82 788.568 1058.41 877.293 632.407 820.075 57.2185
internal_count=57922 45395 38384 35689 12527 8539 5170 2695 7011 3369 4406 3988 2605 3745 243
is_linear=0
shrinkage=0.01


Tree=64
num_leaves=16
num_cat=0
split_feature=2 5 7 1 3 5 8 4 3 0 1 8 4 7 6
split_gain=1139.61 655.93 201.319 155.348 144.137 130.445 62.5078 30.2171 22.7407 10.723 9.07795 6.04193 3.25646 2.41195 1.62359
threshold=1.0000000180025095e-35 1.0000000180025095e-35 1.0000000180025095e-35 1.5000000000000002 1.0000000180025095e-35 1.0000000180025095e-35 1.0000000180025095e-35 1.0000000180025095e-35 1.0000000180025095e-35 1.0000000180025095e-35 2.5000000000000004 1.0000000180025095e-35 1.0000000180025095e-35 1.0000000180025095e-35 1.0000000180025095e-35
decision_type=2 2 2 2 2 2 2 2 2 2 2 2 2 2 2
left_child=1 2 4 -4 -1 6 7 -2 -8 12 -11 13 -3 -7 -13
right_child=5 9 3 -5 -6 11 8 -9 -10 10 -12 14 -14 -15 -16
leaf_value=-0.0044408441823571279 0.0045022733593893839 0.0053926143551774643 0.0026482626145405007 -0.0019261663393194118 -0.00033473336819477977 0.0083289447415581669 -0.00082365082428051807 0.0083874769048124641 0.0042318678637703576 0.0039927640084364228 -0.0027450889459508182 0.0034692665188774496 0.0078348380291483281 0.0094418173799912051 0.006950011313560084
leaf_weight=4611.1389616280794 1400.938837647438 252.65206599235535 1014.1692440062761 2770.2663802653551 1049.4692881256342 320.08790516853333 290.22339953482151 233.55530375242233 128.31445822119713 1346.8173575252295 20.297426253557205 21.463270783424377 69.648746326565742 497.35377739369869 35.674745947122574
leaf_count=18936 5842 1055 4072 11154 4222 1442 1168 996 533 5576 83 90 297 2303 153
internal_value=0 -0.00145933 -0.00248584 -0.000700291 -0.00367958 0.00555218 0.00417447 0.00505744 0.000726259 0.00427956 0.00389273 0.0087863 0.00592038 0.00900605 0.00564251
internal_weight=0 11134.5 9445.04 3784.44 5660.61 2927.61 2053.03 1634.49 418.538 1689.42 1367.11 874.58 322.301 817.442 57.138
internal_count=57922 45395 38384 15226 23158 12527 8539 6838 1701 7011 5659 3988 1352 3745 243
is_linear=0
shrinkage=0.01


Tree=65
num_leaves=16
num_cat=0
split_feature=2 5 8 6 5 7 3 3 7 6 1 8 8 7 1
split_gain=1118.42 643.242 198.686 231.332 128.862 62.1214 46.5427 39.2297 10.5688 10.555 9.40976 5.98794 4.95711 2.39837 1.61624
threshold=1.0000000180025095e-35 1.0000000180025095e-35 1.0000000180025095e-35 1.0000000180025095e-35 1.0000000180025095e-35 1.0000000180025095e-35 1.0000000180025095e-35 1.0000000180025095e-35 1.0000000180025095e-35 1.0000000180025095e-35 1.5000000000000002 1.0000000180025095e-35 1.0000000180025095e-35 1.0000000180025095e-35 1.5000000000000002
decision_type=2 2 2 2 2 2 2 2 2 2 2 2 2 2 2
left_child=1 2 3 -1 5 7 -4 -2 12 -7 -10 13 -3 -6 -13
right_child=4 8 6 -5 11 9 -8 -9 10 -11 -12 14 -14 -15 -16
leaf_value=-0.0025483996785381482 0.0016790233297216874 0.003577798379654727 -0.0060768415904938582 0.0020113482325565982 0.0082689253726968837 0.0057873504174260635 -0.0022437440380810012 0.0056216775906869415 0.0059014463886989466 0.0087566580163006575 0.0040032833890462464 0.0038597027120627031 0.0010421511483020959 0.0093803687412268161 0.0072272941527927797
leaf_weight=6124.4544034302235 916.77727325260639 541.68216745555401 1559.9276944547892 1359.6507495939732 319.19164112210274 638.93234777450562 397.49489067494869 348.23032876849174 472.40257067978382 147.31744155287743 584.04784673452377 27.674241229891777 89.894373938441277 495.6144355982542 29.383864492177963
leaf_count=24857 3720 2240 6441 5485 1442 2733 1601 1450 1983 636 2423 116 365 2303 127
internal_value=0 -0.00144538 -0.0024619 -0.00172002 0.00550516 0.00413632 -0.00529845 0.00276435 0.00424026 0.0063437 0.00485207 0.00872567 0.00321689 0.00894497 0.00559395
internal_weight=0 11129.6 9441.53 7484.11 2923.12 2051.26 1957.42 1265.01 1688.03 786.25 1056.45 871.864 631.577 814.806 57.0581
internal_count=57922 45395 38384 30342 12527 8539 8042 5170 7011 3369 4406 3988 2605 3745 243
is_linear=0
shrinkage=0.01


Tree=66
num_leaves=16
num_cat=0
split_feature=2 5 4 0 5 7 4 1 4 8 3 8 7 7 6
split_gain=1097.64 630.791 198.043 212.351 127.289 61.1279 39.0432 11.7845 10.569 13.3723 10.505 5.93427 2.91324 2.38493 1.60409
threshold=1.0000000180025095e-35 1.0000000180025095e-35 1.0000000180025095e-35 1.0000000180025095e-35 1.0000000180025095e-35 1.0000000180025095e-35 1.0000000180025095e-35 2.5000000000000004 1.0000000180025095e-35 1.0000000180025095e-35 1.0000000180025095e-35 1.0000000180025095e-35 1.0000000180025095e-35 1.0000000180025095e-35 1.0000000180025095e-35
decision_type=2 2 2 2 2 2 2 2 2 2 2 2 2 2 2
left_child=1 2 3 -1 5 6 -2 -4 9 -3 -7 13 -10 -6 -13
right_child=4 8 7 -5 11 10 -8 -9 12 -11 -12 14 -14 -15 -16
leaf_value=-0.0049531829345619231 0.0020448262785558694 0.0041114089311709836 0.0031021110441607313 -0.0016932957928462026 0.0082094233409120716 0.0058348598565493241 0.0071928607731199948 -0.0030162894705514504 0.0050946609285451739 -0.00028790449248043931 0.009226812619809564 0.0033840710756299509 0.0073844595776949686 0.0093194625428221663 0.0068481807367607754
leaf_weight=3080.6882644146681 1094.2022342979908 1391.6578004658222 637.40816552937031 5687.123960763216 318.2946250140667 679.47763806581497 170.24085769057274 33.115420967340469 111.73513838648796 72.702689960598946 105.47978189587593 21.419833436608315 110.52147798240185 493.87368679046631 35.557569459080696
leaf_count=12640 4462 5783 2561 23049 1442 2914 708 134 469 293 455 90 466 2303 153
internal_value=0 -0.00143152 -0.00243812 -0.0028387 0.00545872 0.0040987 0.00273794 0.00279994 0.00420139 0.00389299 0.00629066 0.00866557 0.00623331 0.00888443 0.0055459
internal_weight=0 11125 9438.34 8767.81 2918.55 2049.4 1264.44 670.524 1686.62 1464.36 784.957 869.146 222.257 812.168 56.9774
internal_count=57922 45395 38384 35689 12527 8539 5170 2695 7011 6076 3369 3988 935 3745 243
is_linear=0
shrinkage=0.01


Tree=67
num_leaves=16
num_cat=0
split_feature=2 5 7 1 4 5 8 4 3 0 1 8 4 7 1
split_gain=1077.23 618.581 196.675 153.05 141.697 125.742 60.5959 29.5677 21.9993 10.5589 8.90235 5.88152 3.17646 2.37164 1.59833
threshold=1.0000000180025095e-35 1.0000000180025095e-35 1.0000000180025095e-35 2.5000000000000004 1.0000000180025095e-35 1.0000000180025095e-35 1.0000000180025095e-35 1.0000000180025095e-35 1.0000000180025095e-35 1.0000000180025095e-35 2.5000000000000004 1.0000000180025095e-35 1.0000000180025095e-35 1.0000000180025095e-35 1.5000000000000002
decision_type=2 2 2 2 2 2 2 2 2 2 2 2 2 2 2
left_child=1 2 4 -4 -1 6 7 -2 -8 12 -11 13 -3 -7 -13
right_child=5 9 3 -5 -6 11 8 -9 -10 10 -12 14 -14 -15 -16
leaf_value=-0.0040281446589137196 0.0043833347369240912 0.0052722452822989898 -8.3793800546233757e-05 -0.0077990074924904479 0.0022010118662928323 0.0081504268620704833 -0.00085809864268014571 0.008235306848058491 0.0041187167709633588 0.0038779741062347477 -0.002797015459721473 0.0037723972984884018 0.0076893828597688653 0.0092590863816602725 0.0071259385840608718
leaf_weight=5259.9128804653883 1397.0091625005007 251.93339301645756 3505.3419320881367 277.47464667260647 392.42123147845268 317.39709320664406 290.14027045667171 232.4288439899683 128.00428199768066 1343.6616832017899 20.281969636678696 27.616645023226738 69.3289754986763 492.13190846145153 29.280705466866493
leaf_count=21577 5842 1055 14092 1134 1581 1442 1168 996 533 5576 83 116 297 2303 127
internal_value=0 -0.0014178 -0.00241456 -0.000649715 -0.00359568 0.0054126 0.00406134 0.00493279 0.000665426 0.00416288 0.00377872 0.00860598 0.00579387 0.00882441 0.00549821
internal_weight=0 11120.4 9435.15 3782.82 5652.33 2914.01 2047.58 1629.44 418.145 1685.21 1363.94 866.426 321.262 809.529 56.8974
internal_count=57922 45395 38384 15226 23158 12527 8539 6838 1701 7011 5659 3988 1352 3745 243
is_linear=0
shrinkage=0.01


Tree=68
num_leaves=16
num_cat=0
split_feature=2 5 6 4 5 8 7 0 1 0 1 8 4 7 6
split_gain=1057.21 606.616 194.823 176.138 124.221 117.11 59.8587 39.1311 10.5159 10.3865 8.73308 5.82905 3.13214 2.35848 1.58486
threshold=1.0000000180025095e-35 1.0000000180025095e-35 1.0000000180025095e-35 1.0000000180025095e-35 1.0000000180025095e-35 1.0000000180025095e-35 1.0000000180025095e-35 1.0000000180025095e-35 2.5000000000000004 1.0000000180025095e-35 2.5000000000000004 1.0000000180025095e-35 1.0000000180025095e-35 1.0000000180025095e-35 1.0000000180025095e-35
decision_type=2 2 2 2 2 2 2 2 2 2 2 2 2 2 2
left_child=1 2 3 -1 6 -4 7 -2 -8 12 -11 13 -3 -6 -13
right_child=4 9 5 -5 11 -7 8 -9 -10 10 -12 14 -14 -15 -16
leaf_value=-0.0035373654495032374 -0.00019838423131484287 0.0052253552088631881 0.0020353422684643734 0.0023696912559834781 0.0080919285641086226 -0.0034980020164773248 0.0063757226164781631 0.0037548900358800943 -0.0013355816682688322 0.0038420177076253677 -0.0027678936514478657 0.003300522590854226 0.0076277347362871672 0.0091992300463273977 0.0067481247622739214
leaf_weight=6996.1072182357311 344.1480892598629 251.65359023213387 1359.2226412892342 544.0454868376255 316.49921759963036 532.27423663437366 764.53669174015522 919.01307162642479 18.103088602423668 1342.6793505996466 20.290365383028984 21.376460507512093 69.191099151968956 490.38947810232639 35.440086171030998
leaf_count=28533 1403 1055 5485 2187 1442 2179 3294 3767 75 5576 83 90 297 2303 153
internal_value=0 -0.00140424 -0.00239131 -0.00311115 0.00536683 0.000478239 0.00402425 0.00267782 0.00619735 0.00412467 0.00374362 0.0085469 0.00574344 0.00876489 0.00545101
internal_weight=0 11115.5 9431.65 7540.15 2909.51 1891.5 2045.8 1263.16 782.64 1683.81 1362.97 863.705 320.845 806.889 56.8165
internal_count=57922 45395 38384 30720 12527 7664 8539 5170 3369 7011 5659 3988 1352 3745 243
is_linear=0
shrinkage=0.01


Tree=69
num_leaves=16
num_cat=0
split_feature=2 5 7 1 3 5 8 4 3 7 1 8 4 7 1
split_gain=1037.55 594.868 193.013 151.051 139.184 122.717 59.1716 29.2281 21.5208 10.3657 9.26932 5.77745 4.82553 2.34545 1.58063
threshold=1.0000000180025095e-35 1.0000000180025095e-35 1.0000000180025095e-35 1.5000000000000002 1.0000000180025095e-35 1.0000000180025095e-35 1.0000000180025095e-35 1.0000000180025095e-35 1.0000000180025095e-35 1.0000000180025095e-35 1.5000000000000002 1.0000000180025095e-35 1.0000000180025095e-35 1.0000000180025095e-35 1.5000000000000002
decision_type=2 2 2 2 2 2 2 2 2 2 2 2 2 2 2
left_child=1 2 4 -4 -1 6 7 -2 -8 12 -11 13 -3 -7 -13
right_child=5 9 3 -5 -6 11 8 -9 -10 10 -12 14 -14 -15 -16
leaf_value=-0.0042888444256823938 0.0043036077777873502 0.0026664329137735883 0.0026823266931056567 -0.001829406435775203 -0.00025162484976991995 0.0080339181095516621 -0.00087489155148581788 0.0081391764940022312 0.004050151191662717 0.0057379208594909182 0.0038504351717462137 0.0036867514046678737 0.0049608025669449479 0.0091398821368022087 0.0070263236735702821
leaf_weight=4598.0964465141296 1394.4032350182533 518.46831487119198 1013.8664536774158 2767.9069508165121 1048.6967927664518 315.60121306777 290.10088329017162 231.68394666910172 127.81350901722908 470.43067494034767 582.16641615331173 27.559069275856018 111.35647749900818 488.64673888683319 29.17735281586647
leaf_count=18936 5842 2136 4072 11154 4222 1442 1168 996 533 1983 2423 116 469 2303 127
internal_value=0 -0.00139076 -0.00236818 -0.000619843 -0.00353907 0.00532149 0.00398754 0.0048501 0.000631367 0.00408683 0.004694 0.00848831 0.00307209 0.00870588 0.00540416
internal_weight=0 11111 9428.57 3781.77 5646.79 2904.99 2044 1626.09 417.914 1682.42 1052.6 860.984 629.825 804.248 56.7364
internal_count=57922 45395 38384 15226 23158 12527 8539 6838 1701 7011 4406 3988 2605 3745 243
is_linear=0
shrinkage=0.01


Tree=70
num_leaves=16
num_cat=0
split_feature=2 5 0 8 4 5 7 0 6 0 8 8 4 7 6
split_gain=1018.27 583.367 191.175 168.664 141.339 121.235 58.6203 38.4092 10.4537 10.223 8.61729 5.72611 3.07369 2.33253 1.56587
threshold=1.0000000180025095e-35 1.0000000180025095e-35 1.0000000180025095e-35 1.0000000180025095e-35 1.0000000180025095e-35 1.0000000180025095e-35 1.0000000180025095e-35 1.0000000180025095e-35 1.0000000180025095e-35 1.0000000180025095e-35 1.0000000180025095e-35 1.0000000180025095e-35 1.0000000180025095e-35 1.0000000180025095e-35 1.0000000180025095e-35
decision_type=2 2 2 2 2 2 2 2 2 2 2 2 2 2 2
left_child=1 2 4 -4 -1 6 7 -2 -8 12 -11 13 -3 -7 -13
right_child=5 9 3 -5 -6 11 8 -9 -10 10 -12 14 -14 -15 -16
leaf_value=-0.0048311412824443515 -0.00023120705066034025 0.0051438210685021222 -0.00043970284676763234 -0.0044754078035769539 0.0037538882966360412 0.0079763883579814805 0.0055502975347801525 0.0036868194885131458 0.0085179145953984698 0.0038589602026507103 0.00029961532921656534 0.0032185864260648967 0.0075272856334097473 0.0090810322036723318 0.0066497924236310572
leaf_weight=3073.7996017187834 343.96398267149925 251.15238659083843 4828.359503313899 1318.3309268951416 204.52920587360859 314.70323002338409 634.28275465965271 917.94048224389553 146.02973699569702 1289.0898789167404 71.807975068688393 21.333187714219093 68.962025746703148 486.90403398871422 35.322396263480186
leaf_count=12640 1403 1055 19513 5410 821 1442 2733 3767 636 5368 291 90 297 2303 153
internal_value=0 -0.00137747 -0.00234538 -0.00130527 -0.00429554 0.00527651 0.00395114 0.00261886 0.00610567 0.00404937 0.00367115 0.00843021 0.00565729 0.00864736 0.0053578
internal_weight=0 11106 9425.02 6146.69 3278.33 2900.48 2042.22 1261.9 780.312 1681.01 1360.9 858.263 320.114 801.607 56.6556
internal_count=57922 45395 38384 24923 13461 12527 8539 5170 3369 7011 5659 3988 1352 3745 243
is_linear=0
shrinkage=0.01


Tree=71
num_leaves=16
num_cat=0
split_feature=2 5 6 4 5 8 8 4 3 4 8 8 7 7 1
split_gain=999.348 572.085 190.442 171.08 119.77 113.178 57.7801 28.8981 21.0523 10.1638 12.9287 5.6756 2.8834 2.31972 1.56312
threshold=1.0000000180025095e-35 1.0000000180025095e-35 1.0000000180025095e-35 1.0000000180025095e-35 1.0000000180025095e-35 1.0000000180025095e-35 1.0000000180025095e-35 1.0000000180025095e-35 1.0000000180025095e-35 1.0000000180025095e-35 1.0000000180025095e-35 1.0000000180025095e-35 1.0000000180025095e-35 1.0000000180025095e-35 1.5000000000000002
decision_type=2 2 2 2 2 2 2 2 2 2 2 2 2 2 2
left_child=1 2 3 -1 6 -4 7 -2 -8 10 -3 13 -11 -6 -13
right_child=4 9 5 -5 11 -7 8 -9 -10 12 -12 14 -14 -15 -16
leaf_value=-0.0034556126343423059 0.0042252531997313478 0.0039250230735545745 0.002045180724182658 0.0023664611799243981 0.0079193312975103809 -0.0033978305113689555 -0.00089094292047874383 0.0080448864804965586 0.0039828176370160402 0.0048753514153633227 -0.00040331816649141219 0.0036027288287349048 0.0071602428879692726 0.0090226707358642914 0.0069284000140428376
leaf_weight=6987.2663967162371 1391.7963329553604 1386.0502345710993 1358.9100356400013 544.008584395051 313.80544036626816 531.404710739851 290.06237460672855 230.93908230960369 127.62301069498062 111.10998766124249 72.626189053058624 27.501561731100082 109.81669825315475 485.16177521646023 29.07388898730278
leaf_count=28533 5842 5783 5485 2187 1442 2179 1168 996 533 469 293 116 466 2303 127
internal_value=0 -0.0013643 -0.00232278 -0.00303507 0.00523195 0.000515043 0.00391509 0.00476884 0.000598226 0.00401226 0.00370952 0.00837258 0.00601111 0.00858932 0.00531178
internal_weight=0 11101.2 9421.59 7531.27 2895.96 1890.31 2040.42 1622.74 417.685 1679.6 1458.68 855.543 220.927 798.967 56.5755
internal_count=57922 45395 38384 30720 12527 7664 8539 6838 1701 7011 6076 3988 935 3745 243
is_linear=0
shrinkage=0.01


Tree=72
num_leaves=16
num_cat=0
split_feature=2 5 7 1 3 5 7 3 3 7 1 8 4 7 6
split_gain=980.772 561.01 188.557 149.065 135.777 118.325 57.4062 37.7588 10.3956 10.097 9.14469 5.6253 4.65729 2.30702 1.54713
threshold=1.0000000180025095e-35 1.0000000180025095e-35 1.0000000180025095e-35 2.5000000000000004 1.0000000180025095e-35 1.0000000180025095e-35 1.0000000180025095e-35 1.0000000180025095e-35 1.0000000180025095e-35 1.0000000180025095e-35 1.5000000000000002 1.0000000180025095e-35 1.0000000180025095e-35 1.0000000180025095e-35 1.0000000180025095e-35
decision_type=2 2 2 2 2 2 2 2 2 2 2 2 2 2 2
left_child=1 2 4 -4 -1 6 7 -2 -8 12 -11 13 -3 -7 -13
right_child=5 9 3 -5 -6 11 8 -9 -10 10 -12 14 -14 -15 -16
leaf_value=-0.0042003983484129445 0.0014961846439622865 0.0025745467380006654 -1.4117622457654805e-05 -0.0076380839919628638 -0.00021163990421930936 0.0078627354808297103 0.005560371694620465 0.0053737119728305442 0.0089516749377099164 0.0056145108240766564 0.0037370269605824505 0.0031382258034770992 0.0048319990276486724 0.0089647851486810582 0.0065531356248302013
leaf_weight=4590.1982042938471 914.42259719967842 517.57728517055511 3503.2782805413008 276.71313478052616 1048.2929892092943 312.90805897116661 673.59146746993065 346.2219565063715 104.39857003092766 468.89570227265358 580.73182334005833 21.290048316121101 110.98641261458397 483.42023710906506 35.204595372080803
leaf_count=18936 3720 2136 14092 1134 4222 1442 2914 1450 455 1983 2423 90 469 2303 153
internal_value=0 -0.00135121 -0.00230032 -0.000572228 -0.00345882 0.00518776 0.00387936 0.0025611 0.00601545 0.0039755 0.00457575 0.00831543 0.00297315 0.00853175 0.00526622
internal_weight=0 11096.7 9418.48 3779.99 5638.49 2891.46 2038.63 1260.64 777.99 1678.19 1049.63 852.823 628.564 796.328 56.4946
internal_count=57922 45395 38384 15226 23158 12527 8539 5170 3369 7011 4406 3988 2605 3745 243
is_linear=0
shrinkage=0.01


Tree=73
num_leaves=16
num_cat=0
split_feature=2 5 0 8 4 5 7 0 1 0 1 8 4 7 1
split_gain=962.573 550.168 186.768 163.55 137.133 116.889 56.4873 37.5654 10.3996 10.0553 8.56234 5.5758 2.97472 2.29442 1.54578
threshold=1.0000000180025095e-35 1.0000000180025095e-35 1.0000000180025095e-35 1.0000000180025095e-35 1.0000000180025095e-35 1.0000000180025095e-35 1.0000000180025095e-35 1.0000000180025095e-35 2.5000000000000004 1.0000000180025095e-35 2.5000000000000004 1.0000000180025095e-35 1.0000000180025095e-35 1.0000000180025095e-35 1.5000000000000002
decision_type=2 2 2 2 2 2 2 2 2 2 2 2 2 2 2
left_child=1 2 4 -4 -1 6 7 -2 -8 12 -11 13 -3 -7 -13
right_child=5 9 3 -5 -6 11 8 -9 -10 10 -12 14 -14 -15 -16
leaf_value=-0.004736183367633511 -0.00028279029900435404 0.0050310911679058001 -0.0003979258133793588 -0.0043749535762650886 0.0037201340017893663 0.0078065956077361552 0.0061436861644207667 0.003594008977410368 -0.0015399099304978 0.0036613944007440019 -0.0028895707797275401 0.0035202936886951919 0.007381170444071581 0.0089073685046911922 0.0068321185258009174
leaf_weight=3068.311589255929 343.67976124584675 250.4406726360321 4825.9537774175406 1316.0071973353624 204.55351035296917 312.0112147629261 758.66060623526573 916.40202367305756 18.033929318189621 1337.4682590812445 20.253929629921913 27.444171294569969 68.619850739836693 481.67972852289677 28.970392271876335
leaf_count=12640 1403 1055 19513 5410 821 1442 3294 3767 75 5576 83 116 297 2303 127
internal_value=0 -0.00133831 -0.00227821 -0.00125006 -0.00420766 0.00514408 0.0038441 0.00253664 0.00596528 0.00393907 0.00356367 0.00825872 0.00553652 0.00847464 0.005221
internal_weight=0 11091.6 9414.83 6141.96 3272.87 2886.88 2036.78 1260.08 776.695 1676.78 1357.72 850.106 319.061 793.691 56.4146
internal_count=57922 45395 38384 24923 13461 12527 8539 5170 3369 7011 5659 3988 1352 3745 243
is_linear=0
shrinkage=0.01


Tree=74
num_leaves=16
num_cat=0
split_feature=2 5 6 4 5 8 8 4 3 7 1 8 8 7 1
split_gain=944.694 539.526 186.212 166.155 115.478 109.392 56.1075 28.6696 20.2852 9.94586 8.99542 5.5265 4.54932 2.28191 1.53488
threshold=1.0000000180025095e-35 1.0000000180025095e-35 1.0000000180025095e-35 1.0000000180025095e-35 1.0000000180025095e-35 1.0000000180025095e-35 1.0000000180025095e-35 1.0000000180025095e-35 1.0000000180025095e-35 1.0000000180025095e-35 1.5000000000000002 1.0000000180025095e-35 1.0000000180025095e-35 1.0000000180025095e-35 1.0000000180025095e-35
decision_type=2 2 2 2 2 2 2 2 2 2 2 2 2 2 2
left_child=1 2 3 -1 6 -4 7 -2 -8 12 -11 13 -3 -6 -13
right_child=4 9 5 -5 11 -7 8 -9 -10 10 -12 14 -14 -15 -16
leaf_value=-0.0033761232260196661 0.0041105060597328323 0.0032549789397567403 0.0020543216826464225 0.0023620179711189345 0.0077509028062056028 -0.0033002219464817913 -0.00092110122784703628 0.0079229816700224602 0.0038675723550562107 0.0055309171399642735 0.0036669987447212936 0.0017011938759900571 0.00082154394356850414 0.0088504100953324272 0.0059602943577118121
leaf_weight=6978.2834670394659 1387.770372658968 538.11486540734768 1358.6015414595604 543.96429680287838 311.1151011288166 530.52898995578289 289.99004565179348 229.92507131397724 127.29000614583492 467.83349397778511 579.82309854030609 10.370410770177839 89.620854020118713 479.94062694907188 45.963433459401131
leaf_count=28533 5842 2240 5485 2187 1442 2179 1168 996 533 1983 2423 44 365 2303 199
internal_value=0 -0.00132551 -0.00225626 -0.00296117 0.00510068 0.000550593 0.00380905 0.00465238 0.000539669 0.00390293 0.00449934 0.00820248 0.00290756 0.00841798 0.00517624
internal_weight=0 11086.8 9411.38 7522.25 2882.37 1889.13 2034.98 1617.7 417.28 1675.39 1047.66 847.39 627.736 791.056 56.3338
internal_count=57922 45395 38384 30720 12527 7664 8539 6838 1701 7011 4406 3988 2605 3745 243
is_linear=0
shrinkage=0.01


Tree=75
num_leaves=16
num_cat=0
split_feature=2 5 7 1 3 5 7 4 6 4 8 8 7 7 6
split_gain=927.138 529.082 184.203 146.555 132.45 114.085 55.3167 37.0389 10.3551 9.91976 12.4654 5.47839 2.82108 2.26947 1.5358
threshold=1.0000000180025095e-35 1.0000000180025095e-35 1.0000000180025095e-35 1.5000000000000002 1.0000000180025095e-35 1.0000000180025095e-35 1.0000000180025095e-35 1.0000000180025095e-35 1.0000000180025095e-35 1.0000000180025095e-35 1.0000000180025095e-35 1.0000000180025095e-35 1.0000000180025095e-35 1.0000000180025095e-35 1.0000000180025095e-35
decision_type=2 2 2 2 2 2 2 2 2 2 2 2 2 2 2
left_child=1 2 4 -4 -1 6 7 -2 -8 10 -3 13 -11 -7 -13
right_child=5 9 3 -5 -6 11 8 -9 -10 12 -12 14 -14 -15 -16
leaf_value=-0.0041141441517853448 0.0018057075546993959 0.0037800266424835027 0.0027268063541136178 -0.0017187398820041131 -0.00017330349048351383 0.0076956506053375501 0.0053229014863468028 0.0068403177270130932 0.0082892423115145525 0.0047212389257950621 -0.00047169960758029663 0.0030085821053751956 0.0069865309752346243 0.0087939008078377536 0.0064175801795450585
leaf_weight=4582.2750947624445 1090.0755476206541 1381.4943583458662 1013.3811089843512 2764.7087689936161 1047.8878169357777 310.21984699368477 629.6334747672081 168.74627895653248 144.73509079217911 110.65943120419979 72.579463690519333 21.219440966844559 109.25034360587597 478.20320692658424 35.035560235381126
leaf_count=18936 4462 5783 4072 11154 4222 1442 2733 708 636 469 293 90 466 2303 153
internal_value=0 -0.00131279 -0.00223445 -0.00052633 -0.00338067 0.00505762 0.00377429 0.0024806 0.00587733 0.00386717 0.0035678 0.00814665 0.00584663 0.00836177 0.0051317
internal_weight=0 11082.2 9408.25 3778.09 5630.16 2877.87 2033.19 1258.82 774.369 1673.98 1454.07 844.678 219.91 788.423 56.255
internal_count=57922 45395 38384 15226 23158 12527 8539 5170 3369 7011 6076 3988 935 3745 243
is_linear=0
shrinkage=0.01


Tree=76
num_leaves=16
num_cat=0
split_feature=2 5 0 7 4 5 8 4 3 0 1 8 4 7 1
split_gain=909.927 518.855 182.534 158.655 133.067 112.706 54.6957 27.9572 19.9136 9.90179 8.3959 5.43029 2.9023 2.25712 1.5195
threshold=1.0000000180025095e-35 1.0000000180025095e-35 1.0000000180025095e-35 1.0000000180025095e-35 1.0000000180025095e-35 1.0000000180025095e-35 1.0000000180025095e-35 1.0000000180025095e-35 1.0000000180025095e-35 1.0000000180025095e-35 2.5000000000000004 1.0000000180025095e-35 1.0000000180025095e-35 1.0000000180025095e-35 1.5000000000000002
decision_type=2 2 2 2 2 2 2 2 2 2 2 2 2 2 2
left_child=1 2 4 -4 -1 6 7 -2 -8 12 -11 13 -3 -7 -13
right_child=5 9 3 -5 -6 11 8 -9 -10 10 -12 14 -14 -15 -16
leaf_value=-0.0046438381208783594 0.0040388746104799578 0.0049201080420316849 -0.0024794955810087038 0.00081837238420693129 0.0036861699690163632 0.0076408304663315805 -0.00093515904226532467 0.0078104203160133277 0.0038117040733320158 0.0035558930386732136 -0.0029333543473823494 0.0033997830036759003 0.0072464542074389803 0.0087378311962190494 0.0066902276727512358
leaf_weight=3062.8602537065744 1385.2571333199739 249.72093498706818 3749.4991468638182 2387.7515098899603 204.5779187977314 309.32560276985168 289.9507372379303 229.03794279694557 127.12325067818165 1334.3197108060122 20.240306735038757 27.359531030058861 68.294712156057358 476.46774299442768 28.815603956580162
leaf_count=12640 5842 1055 15358 9565 821 1442 1168 996 533 5576 83 116 297 2303 127
internal_value=0 -0.00130025 -0.00221295 -0.00119643 -0.00412229 0.00501499 0.00373993 0.00457399 0.000511675 0.00383174 0.00345893 0.00809128 0.0054197 0.008306 0.00508765
internal_weight=0 11077.3 9404.69 6137.25 3267.44 2873.34 2031.37 1614.3 417.074 1672.58 1354.56 841.968 318.016 785.793 56.1751
internal_count=57922 45395 38384 24923 13461 12527 8539 6838 1701 7011 5659 3988 1352 3745 243
is_linear=0
shrinkage=0.01


Tree=77
num_leaves=16
num_cat=0
split_feature=2 5 6 4 5 8 7 0 3 0 1 8 4 7 6
split_gain=893.03 508.827 182.103 161.447 111.347 106.473 54.1663 36.9615 10.2742 9.74022 8.23564 5.38235 2.86235 2.24485 1.51735
threshold=1.0000000180025095e-35 1.0000000180025095e-35 1.0000000180025095e-35 1.0000000180025095e-35 1.0000000180025095e-35 1.0000000180025095e-35 1.0000000180025095e-35 1.0000000180025095e-35 1.0000000180025095e-35 1.0000000180025095e-35 2.5000000000000004 1.0000000180025095e-35 1.0000000180025095e-35 1.0000000180025095e-35 1.0000000180025095e-35
decision_type=2 2 2 2 2 2 2 2 2 2 2 2 2 2 2
left_child=1 2 3 -1 6 -4 7 -2 -8 12 -11 13 -3 -6 -13
right_child=4 9 5 -5 11 -7 8 -9 -10 10 -12 14 -14 -15 -16
leaf_value=-0.0032988957972804097 -0.00037274130522245907 0.0048764375646574423 0.0020678994452830619 0.0023578914801361647 0.0075864358136038361 -0.0032177516282272571 0.0053369894857370993 0.0034760403546677389 0.0087234178373564574 0.0035229160531757599 -0.0029026997758609409 0.0029321252201973068 0.0071888675252976377 0.008682194698589359 0.0063248606466317471
leaf_weight=6969.1537173688412 343.16339302062988 249.43913751840591 1358.172896578908 543.91050034761429 308.43251886963844 529.74969018995762 668.59795373678207 914.37012755870819 103.4532999843359 1333.3467018306255 20.249469339847565 21.176741033792496 68.154082983732224 474.73454400897026 34.917907297611237
leaf_count=28533 1403 1055 5485 2187 1442 2179 2914 3767 455 5576 83 90 297 2303 153
internal_value=0 -0.00128785 -0.00219169 -0.00288937 0.00497267 0.00058475 0.0037058 0.00242576 0.00579076 0.00379659 0.00342679 0.00803633 0.00537267 0.00825066 0.00504404
internal_weight=0 11072.2 9400.99 7513.06 2868.85 1887.92 2029.58 1257.53 772.051 1671.19 1353.6 839.262 317.593 783.167 56.0946
internal_count=57922 45395 38384 30720 12527 7664 8539 5170 3369 7011 5659 3988 1352 3745 243
is_linear=0
shrinkage=0.01


Tree=78
num_leaves=16
num_cat=0
split_feature=2 5 8 6 5 8 3 4 3 7 1 8 4 7 1
split_gain=876.438 498.975 179.451 204.901 110.004 53.4087 43.5881 27.6375 19.4777 9.75306 8.86091 5.3351 4.44588 2.23264 1.51234
threshold=1.0000000180025095e-35 1.0000000180025095e-35 1.0000000180025095e-35 1.0000000180025095e-35 1.0000000180025095e-35 1.0000000180025095e-35 1.0000000180025095e-35 1.0000000180025095e-35 1.0000000180025095e-35 1.0000000180025095e-35 1.5000000000000002 1.0000000180025095e-35 1.0000000180025095e-35 1.0000000180025095e-35 1.0000000180025095e-35
decision_type=2 2 2 2 2 2 2 2 2 2 2 2 2 2 2
left_child=1 2 3 -1 5 7 -4 -2 -7 12 -11 13 -3 -6 -13
right_child=4 9 6 -5 11 8 -8 -9 -10 10 -12 14 -14 -15 -16
leaf_value=-0.0022477794554293276 0.0039653379299739704 0.0023851740458953989 -0.0056373720816059623 0.0020469238328330924 0.0075324583750953078 -0.00094870483578098866 -0.001919819311793328 0.0077210783590102054 0.0037484286907817914 0.0053798393898409685 0.0035264054989252946 0.0015450521662858066 0.0045973085991744102 0.0086269805835734511 0.0057820323868748016
leaf_weight=6098.015387326479 1382.6645374447107 515.71544881165028 1545.1849458366632 1358.368684232235 307.54076719284058 289.91600854694843 396.28087973594666 228.28247313201427 126.93429623544216 465.85979516804218 577.94961017370224 10.32900810241699 110.27970525622368 473.00388450920582 45.685962662100792
leaf_count=24857 5842 2136 6441 5485 1442 1168 1601 996 533 1983 2423 44 469 2303 199
internal_value=0 -0.00127549 -0.00217051 -0.00146539 0.00493072 0.003672 -0.00487857 0.00449755 0.00048161 0.00376176 0.00435361 0.0079818 0.00277488 0.00819573 0.00500074
internal_weight=0 11067.7 9397.85 7456.38 2864.36 2027.8 1941.47 1610.95 416.85 1669.8 1043.81 836.56 625.995 780.545 56.015
internal_count=57922 45395 38384 30342 12527 8539 8042 6838 1701 7011 4406 3988 2605 3745 243
is_linear=0
shrinkage=0.01


Tree=79
num_leaves=16
num_cat=0
split_feature=2 5 0 7 4 5 7 3 1 4 8 8 7 7 6
split_gain=860.156 489.32 178.507 154.751 129.032 108.676 53.0408 36.3495 10.3004 9.59376 12.1998 5.2887 2.79507 2.22049 1.50104
threshold=1.0000000180025095e-35 1.0000000180025095e-35 1.0000000180025095e-35 1.0000000180025095e-35 1.0000000180025095e-35 1.0000000180025095e-35 1.0000000180025095e-35 1.0000000180025095e-35 2.5000000000000004 1.0000000180025095e-35 1.0000000180025095e-35 1.0000000180025095e-35 1.0000000180025095e-35 1.0000000180025095e-35 1.0000000180025095e-35
decision_type=2 2 2 2 2 2 2 2 2 2 2 2 2 2 2
left_child=1 2 4 -4 -1 6 7 -2 -8 10 -3 13 -11 -7 -13
right_child=5 9 3 -5 -6 11 8 -9 -10 12 -12 14 -14 -15 -16
leaf_value=-0.0045540462773382712 0.0013269795140426752 0.003643166835826904 -0.002412513043515108 0.00084540936670744976 0.0036486313518806976 0.0074788942681225084 0.0058843012093445024 0.0051408214729261412 -0.0017811598441732884 0.0045564465473250668 -0.00056519907477983679 0.0028555977959963904 0.006816841279416919 0.0085721825832802464 0.0062342741812247702
leaf_weight=3057.4660003632307 912.05337508022785 1377.0639898329973 3745.1317888051271 2387.3841787278652 204.6052582859993 306.65045517683029 751.79326063394547 344.22074727714062 17.948365062475204 110.15663175284863 72.512559533119202 21.134314760565758 108.67196933925152 471.27600471675396 34.802207052707672
leaf_count=12640 3720 5783 15358 9565 821 1442 3294 1450 75 469 293 90 466 2303 153
internal_value=0 -0.00126327 -0.00214955 -0.00114421 -0.00403955 0.00488911 0.0036385 0.00237198 0.00570556 0.00372728 0.00343265 0.00792767 0.00567898 0.00814122 0.00495772
internal_weight=0 11063 9394.59 6132.52 3262.07 2859.88 2026.02 1256.27 769.742 1668.41 1449.58 833.863 218.829 777.926 55.9365
internal_count=57922 45395 38384 24923 13461 12527 8539 5170 3369 7011 6076 3988 935 3745 243
is_linear=0
shrinkage=0.01


Tree=80
num_leaves=16
num_cat=0
split_feature=2 5 6 4 5 8 7 0 6 0 1 8 4 7 1
split_gain=844.203 479.866 175.479 156.788 107.357 101.587 52.1913 36.149 10.2585 9.58083 8.07522 5.24226 2.77045 2.20841 1.49905
threshold=1.0000000180025095e-35 1.0000000180025095e-35 1.0000000180025095e-35 1.0000000180025095e-35 1.0000000180025095e-35 1.0000000180025095e-35 1.0000000180025095e-35 1.0000000180025095e-35 1.0000000180025095e-35 1.0000000180025095e-35 2.5000000000000004 1.0000000180025095e-35 1.0000000180025095e-35 1.0000000180025095e-35 1.5000000000000002
decision_type=2 2 2 2 2 2 2 2 2 2 2 2 2 2 2
left_child=1 2 3 -1 6 -4 7 -2 -8 12 -11 13 -3 -6 -13
right_child=4 9 5 -5 11 -7 8 -9 -10 10 -12 14 -14 -15 -16
leaf_value=-0.0032184856790243199 -0.00041903106192989464 0.0047705358142705896 0.002044738093106532 0.0023565250384414652 0.0074257346826756354 -0.0031214025801502821 0.0051045879018193144 0.0033891916123760402 0.0080699120014134443 0.0034214663224455197 -0.002943342328583697 0.0032360864467504929 0.0070507696346349133 0.0085177909192713681 0.0065134968229483428
leaf_weight=6959.9482479542494 342.89028787612915 248.73134776949883 1358.2311587631702 543.8729412406683 305.76171174645424 528.82988326251507 625.00416603684425 912.82778663933277 143.43901382386684 1330.2273431718349 20.236765325069427 27.240501716732979 67.809492871165276 469.55121348798275 28.616581574082375
leaf_count=28533 1403 1055 5485 2187 1442 2179 2733 3767 636 5576 83 116 297 2303 127
internal_value=0 -0.00125122 -0.00212891 -0.00281441 0.00484798 0.000596979 0.00360544 0.00234931 0.0056581 0.00369312 0.00332609 0.00787395 0.00525901 0.00808711 0.00491516
internal_weight=0 11057.9 9390.88 7503.82 2855.33 1887.06 2024.16 1255.72 768.443 1667 1350.46 831.17 316.541 775.313 55.8571
internal_count=57922 45395 38384 30720 12527 7664 8539 5170 3369 7011 5659 3988 1352 3745 243
is_linear=0
shrinkage=0.01


Tree=81
num_leaves=16
num_cat=0
split_feature=2 5 7 1 3 5 8 4 3 7 1 8 4 7 1
split_gain=828.52 470.575 175.083 144.121 127.225 106.061 51.8615 27.4259 18.7588 9.54349 8.7292 5.19595 4.29225 2.19638 1.48358
threshold=1.0000000180025095e-35 1.0000000180025095e-35 1.0000000180025095e-35 2.5000000000000004 1.0000000180025095e-35 1.0000000180025095e-35 1.0000000180025095e-35 1.0000000180025095e-35 1.0000000180025095e-35 1.0000000180025095e-35 1.5000000000000002 1.0000000180025095e-35 1.0000000180025095e-35 1.0000000180025095e-35 1.0000000180025095e-35
decision_type=2 2 2 2 2 2 2 2 2 2 2 2 2 2 2
left_child=1 2 4 -4 -1 6 7 -2 -8 12 -11 13 -3 -7 -13
right_child=5 9 3 -5 -6 11 8 -9 -10 10 -12 14 -14 -15 -16
leaf_value=-0.0039489769975089954 0.0038574447508023342 0.0022992112890839124 0.00010545289463766117 -0.0074071213085453533 -8.3979208823702786e-05 0.0073729733964587544 -0.00097474512012157106 0.0076067022654916095 0.0036392550567611016 0.0052660998855309504 0.0034238271465808863 0.0014466043059239854 0.0044761592726488032 0.0084637996113052869 0.0056493008955700594
leaf_weight=4566.5251365453005 1378.6557113081217 514.83465729653835 3498.8069851249456 275.46159994602203 1046.9365335404873 304.87470880150795 289.85044382512569 227.26882500946522 126.60240907967091 464.33655878901482 576.54989612102509 10.302483439445494 109.90573944151402 467.82971672713757 45.47461986541748
leaf_count=18936 5842 2136 14092 1134 4222 1442 1168 996 533 1983 2423 44 469 2303 199
internal_value=0 -0.00123922 -0.00210833 -0.000442846 -0.00322814 0.00480708 0.00357256 0.00438804 0.000427919 0.00365923 0.00424566 0.00782064 0.00268218 0.00803341 0.00487303
internal_weight=0 11053.4 9387.73 3774.27 5613.46 2850.86 2022.38 1605.92 416.453 1665.63 1040.89 828.482 624.74 772.704 55.7771
internal_count=57922 45395 38384 15226 23158 12527 8539 6838 1701 7011 4406 3988 2605 3745 243
is_linear=0
shrinkage=0.01


Tree=82
num_leaves=16
num_cat=0
split_feature=2 5 0 8 4 5 7 0 1 0 1 8 4 7 6
split_gain=813.135 461.481 174.384 151.026 125.189 104.779 51.1047 35.4826 10.1563 9.42992 7.91373 5.15069 2.71951 2.18439 1.48991
threshold=1.0000000180025095e-35 1.0000000180025095e-35 1.0000000180025095e-35 1.0000000180025095e-35 1.0000000180025095e-35 1.0000000180025095e-35 1.0000000180025095e-35 1.0000000180025095e-35 2.5000000000000004 1.0000000180025095e-35 2.5000000000000004 1.0000000180025095e-35 1.0000000180025095e-35 1.0000000180025095e-35 1.0000000180025095e-35
decision_type=2 2 2 2 2 2 2 2 2 2 2 2 2 2 2
left_child=1 2 4 -4 -1 6 7 -2 -8 12 -11 13 -3 -7 -13
right_child=5 9 3 -5 -6 11 8 -9 -10 10 -12 14 -14 -15 -16
leaf_value=-0.0044656785051754482 -0.0004460072436537963 0.0046969280369724697 -0.00027586533636006922 -0.0041058236918511334 0.0036140224097101926 0.0073206067598409743 0.0057531345287246691 0.003328247143073575 -0.0018653465000106062 0.0033559607070487562 -0.0029450622180236612 0.0027339313521839532 0.0069596282851428883 0.0084102010707596854 0.0061065931944455599
leaf_weight=3051.9081367999315 342.71871896088123 248.23260760307312 4818.1532111465931 1309.387915506959 204.62587980926037 303.98951080441475 748.22213749587536 911.74446865916252 17.917531102895737 1328.1882378757 20.236071214079857 21.064640760421753 67.577850103378296 466.11175465583801 34.634408593177795
leaf_count=12640 1403 1055 19513 5410 821 1442 3294 3767 75 5576 83 90 297 2303 153
internal_value=0 -0.00122739 -0.00208807 -0.00109429 -0.00395799 0.00476652 0.00353996 0.00229712 0.00557496 0.00362569 0.0032614 0.0077677 0.00518111 0.00798009 0.0048311
internal_weight=0 11048.3 9384.08 6127.54 3256.53 2846.4 2020.6 1254.46 766.14 1664.23 1348.42 825.8 315.81 770.101 55.699
internal_count=57922 45395 38384 24923 13461 12527 8539 5170 3369 7011 5659 3988 1352 3745 243
is_linear=0
shrinkage=0.01


Tree=83
num_leaves=16
num_cat=0
split_feature=2 5 6 4 5 8 8 4 3 7 1 8 8 7 1
split_gain=798.035 452.555 171.572 152.275 103.512 98.1613 50.6408 27.1125 18.3467 9.39953 8.58643 5.10538 4.26605 2.17246 1.47332
threshold=1.0000000180025095e-35 1.0000000180025095e-35 1.0000000180025095e-35 1.0000000180025095e-35 1.0000000180025095e-35 1.0000000180025095e-35 1.0000000180025095e-35 1.0000000180025095e-35 1.0000000180025095e-35 1.0000000180025095e-35 1.5000000000000002 1.0000000180025095e-35 1.0000000180025095e-35 1.0000000180025095e-35 1.5000000000000002
decision_type=2 2 2 2 2 2 2 2 2 2 2 2 2 2 2
left_child=1 2 3 -1 6 -4 7 -2 -8 12 -11 13 -3 -6 -13
right_child=4 9 5 -5 11 -7 8 -9 -10 10 -12 14 -14 -15 -16
leaf_value=-0.0031450674631207688 0.0037871257872078901 0.0029602365432328938 0.0020506266616275538 0.0023495882458626272 0.0072686245388851834 -0.0030308821176886851 -0.00098664034702348156 0.0075207338780533348 0.0035788278887527876 0.0051884294488804029 0.0033594967197982163 0.0031234017094325024 0.00059935084532995459 0.0083569874022861833 0.0063793871622342714
leaf_weight=6950.8845444619656 1376.0740022063255 534.60109034180641 1357.9462420791388 543.83024756610394 303.10628965497017 527.94570790231228 289.81818319857121 226.51196716725826 126.41525112092495 463.27884796261787 575.65556366741657 27.157131478190422 89.326450735330582 464.39760181307793 28.46294929087162
leaf_count=28533 5842 2240 5485 2187 1442 2179 1168 996 533 1983 2423 116 365 2303 127
internal_value=0 -0.00121565 -0.00206796 -0.00274637 0.00472631 0.000628085 0.00350768 0.00431484 0.000399949 0.00359241 0.00417505 0.00771516 0.00262223 0.00792717 0.00478962
internal_weight=0 11043.5 9380.61 7494.71 2841.94 1885.89 2018.82 1602.59 416.233 1662.86 1038.93 823.124 623.928 767.504 55.6201
internal_count=57922 45395 38384 30720 12527 7664 8539 6838 1701 7011 4406 3988 2605 3745 243
is_linear=0
shrinkage=0.01


Tree=84
num_leaves=16
num_cat=0
split_feature=2 5 7 1 3 5 7 4 3 4 8 8 7 7 6
split_gain=783.208 443.795 171.039 141.394 124.106 102.26 50.0402 35.1493 10.1849 9.31012 11.7729 5.06018 2.73925 2.16055 1.47188
threshold=1.0000000180025095e-35 1.0000000180025095e-35 1.0000000180025095e-35 1.5000000000000002 1.0000000180025095e-35 1.0000000180025095e-35 1.0000000180025095e-35 1.0000000180025095e-35 1.0000000180025095e-35 1.0000000180025095e-35 1.0000000180025095e-35 1.0000000180025095e-35 1.0000000180025095e-35 1.0000000180025095e-35 1.0000000180025095e-35
decision_type=2 2 2 2 2 2 2 2 2 2 2 2 2 2 2
left_child=1 2 4 -4 -1 6 7 -2 -8 10 -3 13 -11 -7 -13
right_child=5 9 3 -5 -6 11 8 -9 -10 12 -12 14 -14 -15 -16
leaf_value=-0.0038688778401020762 0.0015888241749958524 0.0034764377436712142 0.0027945945103685916 -0.0015743938615925188 -5.0334930134697619e-05 0.0072170253873679556 0.0050393869421598353 0.0065138863794557914 0.0084315550008940941 0.0043741598215597715 -0.00065998111471761184 0.0026625830085731284 0.0066184287694649874 0.0083041499529852743 0.0060189928272137341
leaf_weight=4558.5927060544491 1085.989524975419 1371.478339150548 1012.5109222531319 2759.8152955770493 1046.532463774085 302.22513130307198 661.65879425406456 167.22126041352749 102.18064500391483 109.58316603302956 72.441663488745689 21.022866532206535 107.97042739391327 462.68746410310268 34.517714351415634
leaf_count=18936 4462 5783 4072 11154 4222 1442 2914 708 455 469 293 90 466 2303 153
internal_value=0 -0.001204 -0.00204798 -0.000401736 -0.00315592 0.00468642 0.00347567 0.002246 0.00549317 0.00355948 0.00326891 0.007663 0.00548798 0.00787462 0.00474855
internal_weight=0 11038.9 9377.45 3772.33 5605.13 2837.5 2017.05 1253.21 763.839 1661.47 1443.92 820.453 217.554 764.913 55.5406
internal_count=57922 45395 38384 15226 23158 12527 8539 5170 3369 7011 6076 3988 935 3745 243
is_linear=0
shrinkage=0.01


Tree=85
num_leaves=16
num_cat=0
split_feature=2 5 0 8 4 5 8 4 0 0 1 8 4 7 1
split_gain=768.669 435.216 170.428 146.474 121.475 101.02 49.3621 26.4342 18.143 9.28541 7.75882 5.01557 2.65336 2.1487 1.46171
threshold=1.0000000180025095e-35 1.0000000180025095e-35 1.0000000180025095e-35 1.0000000180025095e-35 1.0000000180025095e-35 1.0000000180025095e-35 1.0000000180025095e-35 1.0000000180025095e-35 1.0000000180025095e-35 1.0000000180025095e-35 2.5000000000000004 1.0000000180025095e-35 1.0000000180025095e-35 1.0000000180025095e-35 1.0000000180025095e-35
decision_type=2 2 2 2 2 2 2 2 2 2 2 2 2 2 2
left_child=1 2 4 -4 -1 6 7 -2 -8 12 -11 13 -3 -7 -13
right_child=5 9 3 -5 -6 11 8 -9 -10 10 -12 14 -14 -15 -16
leaf_value=-0.0043797128494645638 0.0037212158115999235 0.0045944071026921491 -0.00023996938597897272 -0.0040146411449685599 0.003579294424424952 0.0071658000933563027 -0.0032580322937376628 0.0074146118544026422 0.0015757200516134009 0.00325890085437772 -0.0029820429097338198 0.001300700675647161 0.0068343539618076436 0.0082516853577321806 0.0054813095825042074
leaf_weight=3046.4109341353178 1373.6060381084681 247.52124316990376 4815.8137584328651 1307.028661429882 204.64641931653023 301.34616467356682 103.29768186807632 225.61071982979774 312.74007958173752 1325.089792907238 20.224314108490944 10.262240052223204 67.252221018075943 460.98158174753189 45.199719443917274
leaf_count=12640 5842 1055 19513 5410 821 1442 418 996 1283 5576 83 44 297 2303 199
internal_value=0 -0.00119249 -0.00202827 -0.00104574 -0.00387871 0.00464691 0.003444 0.00424226 0.000375552 0.00352684 0.00316508 0.0076112 0.00507298 0.00782244 0.00470776
internal_weight=0 11034 9373.9 6122.84 3251.06 2833.04 2015.25 1599.22 416.038 1660.09 1345.31 817.79 314.773 762.328 55.462
internal_count=57922 45395 38384 24923 13461 12527 8539 6838 1701 7011 5659 3988 1352 3745 243
is_linear=0
shrinkage=0.01


Tree=86
num_leaves=16
num_cat=0
split_feature=2 5 6 4 5 8 7 3 6 7 1 8 4 7 6
split_gain=754.383 426.798 167.702 147.905 99.7995 94.8258 48.9961 35.2154 10.1861 9.19634 8.45846 4.9717 4.12233 2.13687 1.45592
threshold=1.0000000180025095e-35 1.0000000180025095e-35 1.0000000180025095e-35 1.0000000180025095e-35 1.0000000180025095e-35 1.0000000180025095e-35 1.0000000180025095e-35 1.0000000180025095e-35 1.0000000180025095e-35 1.0000000180025095e-35 1.5000000000000002 1.0000000180025095e-35 1.0000000180025095e-35 1.0000000180025095e-35 1.0000000180025095e-35
decision_type=2 2 2 2 2 2 2 2 2 2 2 2 2 2 2
left_child=1 2 3 -1 6 -4 7 -2 -8 12 -11 13 -3 -6 -13
right_child=4 9 5 -5 11 -7 8 -9 -10 10 -12 14 -14 -15 -16
leaf_value=-0.0030734272392553079 0.0011670659326963794 0.0021585166013611849 0.0020549501200145758 0.0023422178734986017 0.0071149448799432084 -0.0029426356388775224 0.0048590243175048592 0.0049298829669176345 0.0078288147667144731 0.0050793562609663017 0.00326148099180889 0.0025910927227405628 0.0042970723289791155 0.0081995845444235143 0.005933401665213312
leaf_weight=6941.9056889265776 909.66308309137821 513.35376194119453 1357.6701408922672 543.79553018510342 300.46947571635246 527.06119546294212 619.60284246504307 342.31093941628933 141.95318850874901 461.76506592333317 574.2713834643364 20.981419175863266 109.33413335680962 459.28012633323669 34.403195202350616
leaf_count=28533 3720 2136 5485 2187 1442 2179 2733 1450 636 1983 2423 90 469 2303 153
internal_value=0 -0.00118109 -0.00200874 -0.00268001 0.00460762 0.000657386 0.0034125 0.00219588 0.00541259 0.00349446 0.00407171 0.00755976 0.00253401 0.00777063 0.00466723
internal_weight=0 11029.2 9370.43 7485.7 2828.66 1884.73 2013.53 1251.97 761.556 1658.72 1036.04 815.134 622.688 759.75 55.3846
internal_count=57922 45395 38384 30720 12527 7664 8539 5170 3369 7011 4406 3988 2605 3745 243
is_linear=0
shrinkage=0.01


Tree=87
num_leaves=16
num_cat=0
split_feature=2 5 7 1 3 5 7 3 6 0 1 8 4 7 1
split_gain=740.38 418.535 167.095 140.127 121.059 98.5831 48.2078 34.5861 10.0472 9.1387 7.60316 4.92775 2.6046 2.12507 1.45312
threshold=1.0000000180025095e-35 1.0000000180025095e-35 1.0000000180025095e-35 2.5000000000000004 1.0000000180025095e-35 1.0000000180025095e-35 1.0000000180025095e-35 1.0000000180025095e-35 1.0000000180025095e-35 1.0000000180025095e-35 2.5000000000000004 1.0000000180025095e-35 1.0000000180025095e-35 1.0000000180025095e-35 1.5000000000000002
decision_type=2 2 2 2 2 2 2 2 2 2 2 2 2 2 2
left_child=1 2 4 -4 -1 6 7 -2 -8 12 -11 13 -3 -7 -13
right_child=5 9 3 -5 -6 11 8 -9 -10 10 -12 14 -14 -15 -16
leaf_value=-0.0037907137685648826 0.0011555839488102068 0.0045238081451478363 0.00017811171160661392 -0.0072415967325778711 -1.8133779338296596e-05 0.0070644544476235228 0.0048175954536106205 0.0048862864929529303 0.0077705534381044489 0.0031963757026902207 -0.0029817261509449038 0.0029698556706358094 0.0067465581309912323 0.008147841473467466 0.0062125067898996782
leaf_weight=4550.6742240637541 909.51528573036194 247.02654911577702 3495.9508478045464 274.52266481518745 1046.1302378773689 299.59521484375 618.6863989084959 341.91346709430218 141.58916518092155 1323.0762184262276 20.224231123924255 27.040005952119827 67.021135658025742 457.5833380818367 28.266373246908188
leaf_count=18936 3720 1055 14092 1134 4222 1442 2733 1450 636 5576 83 116 297 2303 127
internal_value=0 -0.00116976 -0.00198933 -0.000362106 -0.00308556 0.00456882 0.00338147 0.00217488 0.00536754 0.0034624 0.00310336 0.0075087 0.00499817 0.00771917 0.00462713
internal_weight=0 11024.6 9367.28 3770.47 5596.8 2824.19 2011.7 1251.43 760.276 1657.35 1343.3 812.485 314.048 757.179 55.3064
internal_count=57922 45395 38384 15226 23158 12527 8539 5170 3369 7011 5659 3988 1352 3745 243
is_linear=0
shrinkage=0.01


Tree=88
num_leaves=16
num_cat=0
split_feature=2 5 0 7 4 5 8 4 0 7 1 8 8 7 6
split_gain=726.642 410.444 166.496 142.038 117.855 97.3807 47.937 26.239 17.661 9.05702 8.31982 4.8839 4.091 2.11331 1.43824
threshold=1.0000000180025095e-35 1.0000000180025095e-35 1.0000000180025095e-35 1.0000000180025095e-35 1.0000000180025095e-35 1.0000000180025095e-35 1.0000000180025095e-35 1.0000000180025095e-35 1.0000000180025095e-35 1.0000000180025095e-35 1.5000000000000002 1.0000000180025095e-35 1.0000000180025095e-35 1.0000000180025095e-35 1.0000000180025095e-35
decision_type=2 2 2 2 2 2 2 2 2 2 2 2 2 2 2
left_child=1 2 4 -4 -1 6 7 -2 -8 12 -11 13 -3 -7 -13
right_child=5 9 3 -5 -6 11 8 -9 -10 10 -12 14 -14 -15 -16
leaf_value=-0.0042954136925869978 0.0036197588578567421 0.002808803851633524 -0.0022174539572249862 0.00090636107383194398 0.0035442458507703931 0.0070143222838733735 -0.003258559847414039 0.007307317545352454 0.0015114660888940841 0.005004761511355902 0.0032000891897278083 0.0025224591186692935 0.00049463962292114311 0.008096451651100187 0.0058485636049466017
leaf_weight=3040.8416663706303 1369.6223270595074 532.70868504047394 3731.7393093556166 2386.3966078162193 204.66427910327911 298.72344651818275 103.28499326109886 224.60474164783955 312.37000954151154 460.71453021466732 573.38961121439934 20.940306931734085 89.179134503006935 455.89138858020306 34.28737461566925
leaf_count=12640 5842 2240 15358 9565 821 1442 418 996 1283 1983 2423 90 365 2303 153
internal_value=0 -0.00115859 -0.00197021 -0.000999001 -0.00380104 0.00453035 0.00335071 0.00413929 0.000326175 0.0034306 0.00400411 0.00745799 0.00247695 0.00766808 0.00458743
internal_weight=0 11019.6 9363.64 6118.14 3245.51 2819.72 2009.88 1594.23 415.655 1655.99 1034.1 809.843 621.888 754.615 55.2277
internal_count=57922 45395 38384 24923 13461 12527 8539 6838 1701 7011 4406 3988 2605 3745 243
is_linear=0
shrinkage=0.01


Tree=89
num_leaves=16
num_cat=0
split_feature=2 5 6 4 5 8 7 0 1 4 8 8 7 7 1
split_gain=713.138 402.512 164.039 143.703 96.2011 92.2947 47.1969 34.2509 10.071 9.03501 11.3591 4.84059 2.68505 2.10156 1.44001
threshold=1.0000000180025095e-35 1.0000000180025095e-35 1.0000000180025095e-35 1.0000000180025095e-35 1.0000000180025095e-35 1.0000000180025095e-35 1.0000000180025095e-35 1.0000000180025095e-35 2.5000000000000004 1.0000000180025095e-35 1.0000000180025095e-35 1.0000000180025095e-35 1.0000000180025095e-35 1.0000000180025095e-35 1.0000000180025095e-35
decision_type=2 2 2 2 2 2 2 2 2 2 2 2 2 2 2
left_child=1 2 3 -1 6 -4 7 -2 -8 10 -3 13 -11 -6 -13
right_child=4 9 5 -5 11 -7 8 -9 -10 12 -12 14 -14 -15 -16
leaf_value=-0.0030040240341318138 -0.00057142067031695993 0.0033171316748078286 0.0020646228347016285 0.0023346674730347909 0.0069645457393157049 -0.0028686369062693303 0.0054676842344108323 0.0031418754966022946 -0.0021412347771451374 0.0041994747713530777 -0.00074818742039334241 0.0011604854306060724 0.006427937692831274 0.0080454062803907815 0.0053187940508695819
leaf_weight=6932.6609277278185 341.91009606420994 1365.9615723341703 1357.2723271101713 543.7353483736515 297.85427817702293 526.28409868478775 740.19017894566059 908.25497926771641 17.813777327537537 109.01563049852848 72.372815623879433 10.222745567560194 107.27112439274788 454.20448373258114 44.927124708890915
leaf_count=28533 1403 5783 5485 2187 1442 2179 3294 3767 75 469 293 44 466 2303 199
internal_value=0 -0.00114754 -0.00195128 -0.00261576 0.00449202 0.000686222 0.00332006 0.00212632 0.00528887 0.00339913 0.00311258 0.00740763 0.00530472 0.00761733 0.004548
internal_weight=0 11014.6 9359.95 7476.4 2815.38 1883.56 2008.17 1250.17 758.004 1654.62 1438.33 807.209 216.287 752.059 55.1499
internal_count=57922 45395 38384 30720 12527 7664 8539 5170 3369 7011 6076 3988 935 3745 243
is_linear=0
shrinkage=0.01


Tree=90
num_leaves=16
num_cat=0
split_feature=2 5 0 8 4 5 8 4 3 0 1 8 4 7 1
split_gain=699.886 394.719 163.102 140.118 114.306 95.0299 46.8102 25.9387 17.2541 8.99793 7.45369 4.79796 2.54101 2.08985 1.42782
threshold=1.0000000180025095e-35 1.0000000180025095e-35 1.0000000180025095e-35 1.0000000180025095e-35 1.0000000180025095e-35 1.0000000180025095e-35 1.0000000180025095e-35 1.0000000180025095e-35 1.0000000180025095e-35 1.0000000180025095e-35 2.5000000000000004 1.0000000180025095e-35 1.0000000180025095e-35 1.0000000180025095e-35 1.5000000000000002
decision_type=2 2 2 2 2 2 2 2 2 2 2 2 2 2 2
left_child=1 2 4 -4 -1 6 7 -2 -8 12 -11 13 -3 -7 -13
right_child=5 9 3 -5 -6 11 8 -9 -10 10 -12 14 -14 -15 -16
leaf_value=-0.0042333772374801917 0.0035536292577377699 0.0044256333990945343 -0.00018333693031940743 -0.0038795030140312404 0.0034868425998054943 0.0069151180597804684 -0.0010422310510176283 0.0072258119930857893 0.0033928379693453636 0.0031036874952641152 -0.0030150974969478761 0.0028644897987804515 0.0066259403050961544 0.0079947021542466808 0.0060854958316950512
leaf_weight=3036.8494345545769 1367.0820599347353 246.32322207093239 4811.7784678786993 1303.4663632959127 204.70988529920578 296.98781725764275 289.65898318588734 223.85008573532104 125.82202616333961 1320.0198558568954 20.213467985391617 26.958541169762611 66.696999505162239 452.52279512584209 28.114841446280479
leaf_count=12640 5842 1055 19513 5410 821 1442 1168 996 533 5576 83 116 297 2303 127
internal_value=0 -0.00113653 -0.00193242 -0.000971176 -0.00374583 0.00445408 0.00328975 0.00407032 0.000300861 0.00336793 0.0030114 0.0073576 0.00489447 0.00756693 0.00450881
internal_weight=0 11010.1 9356.8 6115.24 3241.56 2811 2006.41 1590.93 415.481 1653.25 1340.23 804.584 313.02 749.511 55.0734
internal_count=57922 45395 38384 24923 13461 12527 8539 6838 1701 7011 5659 3988 1352 3745 243
is_linear=0
shrinkage=0.01


Tree=91
num_leaves=16
num_cat=0
split_feature=2 5 7 1 3 5 7 3 3 7 1 8 4 7 6
split_gain=686.882 387.083 161.086 136.951 117.925 93.8729 46.2079 33.7165 10.0634 8.86002 8.19532 4.75503 3.95823 2.07814 1.42734
threshold=1.0000000180025095e-35 1.0000000180025095e-35 1.0000000180025095e-35 1.5000000000000002 1.0000000180025095e-35 1.0000000180025095e-35 1.0000000180025095e-35 1.0000000180025095e-35 1.0000000180025095e-35 1.0000000180025095e-35 1.5000000000000002 1.0000000180025095e-35 1.0000000180025095e-35 1.0000000180025095e-35 1.0000000180025095e-35
decision_type=2 2 2 2 2 2 2 2 2 2 2 2 2 2 2
left_child=1 2 4 -4 -1 6 7 -2 -8 12 -11 13 -3 -7 -13
right_child=5 9 3 -5 -6 11 8 -9 -10 10 -12 14 -14 -15 -16
leaf_value=-0.0036889107430266303 0.0010722985220730048 0.0020248667851729967 0.0028303825477924327 -0.001471204867192537 3.6247421987447969e-05 0.0068660346980884933 0.0047584891169786918 0.0047611589148983694 0.0081512935877410941 0.0049001019413778641 0.0031064128069155051 0.0024102389753995141 0.0041254260022315454 0.0079443297236776803 0.0057300753071448454
leaf_weight=4540.103991523385 908.19565889239311 511.90005727112293 1011.882572516799 2755.8680784404278 1045.4913821071386 296.12412822246552 654.84656894207001 340.7345844656229 100.89307966828346 459.21492537856102 572.02518065273762 20.872557058930397 108.76917524635792 450.8465286642313 34.122807949781418
leaf_count=18936 3720 2136 4072 11154 4222 1442 2914 1450 455 1983 2423 90 469 2303 153
internal_value=0 -0.00112566 -0.00191381 -0.000315953 -0.00299165 0.00441644 0.00325971 0.0020787 0.00521144 0.00333698 0.00390515 0.00730792 0.00239298 0.00751686 0.00447009
internal_weight=0 11005.3 9353.35 3767.75 5585.6 2806.64 2004.67 1248.93 755.74 1651.91 1031.24 801.966 620.669 746.971 54.9954
internal_count=57922 45395 38384 15226 23158 12527 8539 5170 3369 7011 4406 3988 2605 3745 243
is_linear=0
shrinkage=0.01


Tree=92
num_leaves=16
num_cat=0
split_feature=2 5 6 4 5 8 8 4 0 0 1 8 4 7 1
split_gain=674.131 379.597 160.334 139.578 92.7227 89.145 45.7075 25.6436 16.9076 8.85521 7.30362 4.71262 2.49426 2.06646 1.41236
threshold=1.0000000180025095e-35 1.0000000180025095e-35 1.0000000180025095e-35 1.0000000180025095e-35 1.0000000180025095e-35 1.0000000180025095e-35 1.0000000180025095e-35 1.0000000180025095e-35 1.0000000180025095e-35 1.0000000180025095e-35 2.5000000000000004 1.0000000180025095e-35 1.0000000180025095e-35 1.0000000180025095e-35 1.0000000180025095e-35
decision_type=2 2 2 2 2 2 2 2 2 2 2 2 2 2 2
left_child=1 2 3 -1 6 -4 7 -2 -8 12 -11 13 -3 -6 -13
right_child=4 9 5 -5 11 -7 8 -9 -10 10 -12 14 -14 -15 -16
leaf_value=-0.002935997878613969 0.0034887208500370033 0.0043578874657853482 0.0020668754849023393 0.0023259113333065086 0.0068172904489929029 -0.0027845348059292218 -0.0032304341061310331 0.0071457281037888929 0.0014373347567512742 0.003043995565615942 -0.0030128750216944977 0.0010734075849593489 0.0065412846564141952 0.0078942881136927073 0.0051974393190552795
leaf_weight=6923.7112389206886 1364.5363245010376 245.83396501839161 1357.0100167542696 543.70090644061565 295.26333999633789 525.40308329463005 103.29753814637661 223.09623372554779 311.93927001953125 1318.037877112627 20.213966891169548 10.197948098182676 66.467186093330383 449.1758559346199 44.720326527953148
leaf_count=28533 5842 1055 5485 2187 1442 2179 418 996 1283 5576 83 44 297 2303 199
internal_value=0 -0.0011149 -0.0018954 -0.00255288 0.00437921 0.000712791 0.00323003 0.00400261 0.000276144 0.00330634 0.00295251 0.00725858 0.00482258 0.00746712 0.00443163
internal_weight=0 11000.4 9349.83 7467.41 2802.23 1882.41 2002.87 1587.63 415.237 1650.55 1338.25 799.357 312.301 744.439 54.9183
internal_count=57922 45395 38384 30720 12527 7664 8539 6838 1701 7011 5659 3988 1352 3745 243
is_linear=0
shrinkage=0.01


Tree=93
num_leaves=16
num_cat=0
split_feature=2 5 0 8 4 5 7 4 6 4 8 8 7 7 6
split_gain=661.591 372.245 159.395 135.894 110.91 91.5936 45.2354 33.374 9.97633 8.73978 11.1125 4.67085 2.66039 2.05478 1.41167
threshold=1.0000000180025095e-35 1.0000000180025095e-35 1.0000000180025095e-35 1.0000000180025095e-35 1.0000000180025095e-35 1.0000000180025095e-35 1.0000000180025095e-35 1.0000000180025095e-35 1.0000000180025095e-35 1.0000000180025095e-35 1.0000000180025095e-35 1.0000000180025095e-35 1.0000000180025095e-35 1.0000000180025095e-35 1.0000000180025095e-35
decision_type=2 2 2 2 2 2 2 2 2 2 2 2 2 2 2
left_child=1 2 4 -4 -1 6 7 -2 -8 10 -3 13 -11 -7 -13
right_child=5 9 3 -5 -6 11 8 -9 -10 12 -12 14 -14 -15 -16
leaf_value=-0.0041526760552799621 0.0013920656031663854 0.0031967856991511048 -0.00015109718429958858 -0.0037938923765420945 0.0034521923842176427 0.0067688824696708087 0.0045851824730509918 0.0062115085722709929 0.0075426175401678407 0.0040526109710887102 -0.00082614893499144491 0.0023434631189134343 0.00627631587769081 0.0078445691739313112 0.0056490805040022834
leaf_weight=3031.3569272607565 1081.9882930368185 1361.6875381320715 4809.4910566657782 1301.1113901883364 204.72515179216862 294.40549555420876 613.37738238275051 165.68950325250626 140.11768156290054 108.52387607097626 72.309587970376015 20.832347169518471 106.69624570012093 447.51087988913059 34.010145097970963
leaf_count=12640 4462 5783 19513 5410 821 1442 2733 708 636 469 293 90 466 2303 153
internal_value=0 -0.0011042 -0.00187708 -0.000926746 -0.00367157 0.00434212 0.00320046 0.00203208 0.00513514 0.00327595 0.00299393 0.00720955 0.00515502 0.00741772 0.00439342
internal_weight=0 10995.9 9346.68 6110.6 3236.08 2797.93 2001.17 1247.68 753.495 1649.22 1434 796.759 215.22 741.916 54.8425
internal_count=57922 45395 38384 24923 13461 12527 8539 5170 3369 7011 6076 3988 935 3745 243
is_linear=0
shrinkage=0.01


Tree=94
num_leaves=16
num_cat=0
split_feature=2 5 7 1 3 5 8 1 3 0 1 8 4 4 1
split_gain=649.301 365.045 157.371 135.902 115.023 90.4711 44.5519 25.5061 16.5977 8.70398 7.16644 4.62899 2.42536 2.04684 1.40781
threshold=1.0000000180025095e-35 1.0000000180025095e-35 1.0000000180025095e-35 2.5000000000000004 1.0000000180025095e-35 1.0000000180025095e-35 1.0000000180025095e-35 2.5000000000000004 1.0000000180025095e-35 1.0000000180025095e-35 2.5000000000000004 1.0000000180025095e-35 1.0000000180025095e-35 1.0000000180025095e-35 1.5000000000000002
decision_type=2 2 2 2 2 2 2 2 2 2 2 2 2 2 2
left_child=1 2 4 -4 -1 6 7 -2 -8 12 -11 13 -3 -7 -13
right_child=5 9 3 -5 -6 11 8 -9 -10 10 -12 14 -14 -15 -16
leaf_value=-0.0036150403896889807 0.0041277027231411741 0.004292638674969102 0.00025196266592971762 -0.0070686320193648622 6.5152972093104325e-05 0.0071040964717282266 -0.0010613642865816468 -0.0044335305247798929 0.0032926339579295374 0.0029856820514907656 -0.003014220374851332 0.0027204253521662786 0.0064493473724151207 0.008415074926409534 0.0059276591072850221
leaf_weight=4532.2483878284693 1548.7249515652657 245.35870681703091 3492.4465559720993 273.4464382827282 1045.0962114036083 590.20110681653023 289.59759399294853 35.599294811487198 125.49294818937778 1316.0809282362461 20.213171064853668 26.844080090522766 66.214168876409531 149.20143626630306 27.921824112534523
leaf_count=18936 6689 1055 14092 1134 4222 2994 1168 149 533 5576 83 116 297 751 127
internal_value=0 -0.00109364 -0.001859 -0.000279595 -0.00292544 0.00430544 0.00317127 0.00393533 0.000254966 0.00324586 0.00289493 0.00716086 0.00475097 0.00736863 0.0043556
internal_weight=0 10991.1 9343.24 3765.89 5577.34 2793.58 1999.41 1584.32 415.091 1647.87 1336.29 794.168 311.573 739.403 54.7659
internal_count=57922 45395 38384 15226 23158 12527 8539 6838 1701 7011 5659 3988 1352 3745 243
is_linear=0
shrinkage=0.01


Tree=95
num_leaves=16
num_cat=0
split_feature=2 5 6 4 5 8 7 0 3 7 1 8 8 7 6
split_gain=637.225 357.985 156.758 135.559 89.3634 86.1142 44.2687 33.3423 9.92785 8.68319 8.07075 4.58692 3.82127 2.0625 1.39433
threshold=1.0000000180025095e-35 1.0000000180025095e-35 1.0000000180025095e-35 1.0000000180025095e-35 1.0000000180025095e-35 1.0000000180025095e-35 1.0000000180025095e-35 1.0000000180025095e-35 1.0000000180025095e-35 1.0000000180025095e-35 1.5000000000000002 1.0000000180025095e-35 1.0000000180025095e-35 1.0000000180025095e-35 1.0000000180025095e-35
decision_type=2 2 2 2 2 2 2 2 2 2 2 2 2 2 2
left_child=1 2 3 -1 6 -4 7 -2 -8 12 -11 13 -3 -6 -13
right_child=4 9 5 -5 11 -7 8 -9 -10 10 -12 14 -14 -15 -16
leaf_value=-0.0028698116739455108 -0.00067747779108747244 0.002602301715524316 0.0020687058632372678 0.0023162277032446436 0.0066678650331649268 -0.0027025229695566652 0.0046088824940175585 0.0029906532223029085 0.0079910918609246654 0.0047693064165559981 0.0029859885664100705 0.002279435915464673 0.00036276458403602252 0.007749107944530929 0.0055687288759428801
leaf_weight=6914.7034988701344 341.20181284844875 530.03260619938374 1356.7535067647696 543.65884287655354 292.60627365112305 524.52497591078281 651.12477487325668 905.26458895206451 100.1334503442049 457.3000398427248 570.22865252196789 20.792555153369904 88.978923439979553 444.3009839951992 33.896364271640778
leaf_count=28533 1403 2240 5485 2187 1442 2179 2914 3767 455 1983 2423 90 365 2303 153
internal_value=0 -0.0010832 -0.00184113 -0.00249179 0.00426895 0.000738425 0.00314223 0.00198656 0.00505969 0.00321601 0.00377965 0.0071124 0.00228038 0.00731978 0.00431815
internal_weight=0 10986.2 9339.64 7458.36 2789.32 1881.28 1997.72 1246.47 751.258 1646.54 1027.53 791.596 619.012 736.907 54.6889
internal_count=57922 45395 38384 30720 12527 7664 8539 5170 3369 7011 4406 3988 2605 3745 243
is_linear=0
shrinkage=0.01


Tree=96
num_leaves=16
num_cat=0
split_feature=2 5 0 7 4 5 7 3 6 0 1 8 4 7 1
split_gain=625.375 351.052 155.707 132.502 107.601 88.2676 43.555 32.8843 9.83304 8.57482 7.02152 4.54562 2.3999 2.05052 1.39157
threshold=1.0000000180025095e-35 1.0000000180025095e-35 1.0000000180025095e-35 1.0000000180025095e-35 1.0000000180025095e-35 1.0000000180025095e-35 1.0000000180025095e-35 1.0000000180025095e-35 1.0000000180025095e-35 1.0000000180025095e-35 2.5000000000000004 1.0000000180025095e-35 1.0000000180025095e-35 1.0000000180025095e-35 1.5000000000000002
decision_type=2 2 2 2 2 2 2 2 2 2 2 2 2 2 2
left_child=1 2 4 -4 -1 6 7 -2 -8 12 -11 13 -3 -7 -13
right_child=5 9 3 -5 -6 11 8 -9 -10 10 -12 14 -14 -15 -16
leaf_value=-0.0040734886119523318 0.00097345572792069087 0.0042259808341282065 -0.0020635614780011645 0.00095570306626465166 0.0034172862550741158 0.006620472107439105 0.0044706911656638426 0.0046226108893673828 0.0074151800065405905 0.0029279567195859748 -0.0030109219199005582 0.0026542438624457898 0.0063744767481962684 0.007700308524763607 0.0058473468245235352
leaf_weight=3025.8065290153027 906.60682924091816 244.86486898362637 3720.4827690273523 2385.4844280779362 204.73775681853294 291.75816544890404 610.72824339568615 339.39261445403099 139.27887223660946 1314.1164716482162 20.213970422744751 26.790567755699158 66.005046218633652 442.65380614995956 27.822295427322388
leaf_count=12640 3720 1055 15358 9565 821 1442 2733 1450 636 5576 83 116 297 2303 127
internal_value=0 -0.0010728 -0.00182333 -0.000883993 -0.00359876 0.00423281 0.00311351 0.00196743 0.00501749 0.00318645 0.00283799 0.00706434 0.00468216 0.00727132 0.00428096
internal_weight=0 10981.7 9336.51 6105.97 3230.54 2785.03 1996.01 1246 750.007 1645.2 1334.33 789.025 310.87 734.412 54.6129
internal_count=57922 45395 38384 24923 13461 12527 8539 5170 3369 7011 5659 3988 1352 3745 243
is_linear=0
shrinkage=0.01


Tree=97
num_leaves=16
num_cat=0
split_feature=2 5 6 4 5 8 8 4 0 7 1 8 4 4 1
split_gain=613.762 344.264 153.743 131.651 87.1785 84.0896 43.2502 25.2343 16.1945 8.55012 7.93761 4.50437 3.77565 2.04451 1.38124
threshold=1.0000000180025095e-35 1.0000000180025095e-35 1.0000000180025095e-35 1.0000000180025095e-35 1.0000000180025095e-35 1.0000000180025095e-35 1.0000000180025095e-35 1.0000000180025095e-35 1.0000000180025095e-35 1.0000000180025095e-35 1.5000000000000002 1.0000000180025095e-35 1.0000000180025095e-35 1.0000000180025095e-35 1.0000000180025095e-35
decision_type=2 2 2 2 2 2 2 2 2 2 2 2 2 2 2
left_child=1 2 3 -1 6 -4 7 -2 -8 12 -11 13 -3 -6 -13
right_child=4 9 5 -5 11 -7 8 -9 -10 10 -12 14 -14 -15 -16
leaf_value=-0.0028234491040027049 0.0033293717965120449 0.0018685104460688916 0.0020632911089759139 0.0022872580057817539 0.0069574876397757958 -0.0026532445456973401 -0.0032201807940995674 0.0069700040460439049 0.0013491468576436502 0.0046997873678284894 0.0029295431229775896 0.00091663043967014901 0.0039259881239160311 0.0082745155290260414 0.0050052638180650075
leaf_weight=6908.5062315613031 1358.0836341381073 510.14923536777496 1356.6404077112675 543.70562024414539 584.26909801363945 524.00923199951649 103.29018288850784 221.42888931930065 311.42774623632431 456.2699963003397 569.37530733644962 10.152523338794706 108.08864042162895 147.65718472003937 44.383909448981285
leaf_count=28533 5842 2136 5485 2187 2994 2179 418 996 1283 1983 2423 44 469 751 199
internal_value=0 -0.00106256 -0.00180581 -0.00245058 0.00419707 0.000749113 0.00308514 0.00383975 0.000211104 0.00315713 0.00371706 0.0070166 0.00222823 0.00722318 0.00424412
internal_weight=0 10976.7 9332.86 7452.21 2780.69 1880.65 1994.23 1579.51 414.718 1643.88 1025.65 786.463 618.238 731.926 54.5364
internal_count=57922 45395 38384 30720 12527 7664 8539 6838 1701 7011 4406 3988 2605 3745 243
is_linear=0
shrinkage=0.01


Tree=98
num_leaves=16
num_cat=0
split_feature=2 5 8 6 5 7 3 4 1 4 8 8 7 7 6
split_gain=602.337 337.596 152.776 167.957 86.1057 42.6338 39.6077 32.5675 9.7887 8.48184 10.7183 4.46365 2.60778 2.05757 1.38348
threshold=1.0000000180025095e-35 1.0000000180025095e-35 1.0000000180025095e-35 1.0000000180025095e-35 1.0000000180025095e-35 1.0000000180025095e-35 1.0000000180025095e-35 1.0000000180025095e-35 2.5000000000000004 1.0000000180025095e-35 1.0000000180025095e-35 1.0000000180025095e-35 1.0000000180025095e-35 1.0000000180025095e-35 1.0000000180025095e-35
decision_type=2 2 2 2 2 2 2 2 2 2 2 2 2 2 2
left_child=1 2 3 -1 5 7 -4 -2 -7 10 -3 13 -11 -6 -13
right_child=4 9 6 -5 11 8 -8 -9 -10 12 -12 14 -14 -15 -16
leaf_value=-0.0018501658779082814 0.0012910131226998825 0.0030499010434652156 -0.0050368600997728235 0.0020423651593360027 0.0065214237241236362 0.0051222953198006935 -0.0014805836035800765 0.0060622591002529929 -0.0024015222748210055 0.0038909887127691807 -0.00090310819533985943 0.0021740820336293254 0.0060989945317710282 0.0076066607710003403 0.0054567451200997217
leaf_weight=6056.4596131891012 1079.8576206862926 1356.3332217633724 1522.1413215994835 1356.8341301381588 289.97783598303795 730.08219303190708 394.30314652621746 164.90789960324764 17.711639106273651 107.97088120877743 72.245134100317955 20.726702824234962 106.00594809651375 439.48191776871681 33.735298424959183
leaf_count=24857 4462 5783 6441 5485 1442 3294 1601 708 75 469 293 90 466 2303 153
internal_value=0 -0.00105236 -0.00178836 -0.00113773 0.00416145 0.00305687 -0.00430517 0.00192311 0.00494409 0.0031281 0.00284999 0.00696907 0.00498485 0.00717525 0.00420746
internal_weight=0 10972.3 9329.74 7413.29 2776.48 1992.56 1916.44 1244.77 747.794 1642.56 1428.58 783.922 213.977 729.46 54.462
internal_count=57922 45395 38384 30342 12527 8539 8042 5170 3369 7011 6076 3988 935 3745 243
is_linear=0
shrinkage=0.01


Tree=99
num_leaves=16
num_cat=0
split_feature=2 5 0 7 4 5 8 1 3 0 1 8 4 7 1
split_gain=591.138 331.059 152.268 129.231 104.33 85.0421 42.1539 24.8739 15.9151 8.43223 6.88241 4.42313 2.32198 2.04526 1.36686
threshold=1.0000000180025095e-35 1.0000000180025095e-35 1.0000000180025095e-35 1.0000000180025095e-35 1.0000000180025095e-35 1.0000000180025095e-35 1.0000000180025095e-35 2.5000000000000004 1.0000000180025095e-35 1.0000000180025095e-35 2.5000000000000004 1.0000000180025095e-35 1.0000000180025095e-35 1.0000000180025095e-35 1.5000000000000002
decision_type=2 2 2 2 2 2 2 2 2 2 2 2 2 2 2
left_child=1 2 4 -4 -1 6 7 -2 -8 12 -11 13 -3 -7 -13
right_child=5 9 3 -5 -6 11 8 -9 -10 10 -12 14 -14 -15 -16
leaf_value=-0.0039968206541743379 0.0039660461398195188 0.0041362153063081797 -0.0020080303612438361 0.00097453598629842347 0.0033793622353488562 0.0064750086188745263 -0.0010963306654891559 -0.0044942321383022073 0.0031722287710016397 0.0028427962626718386 -0.0030383467589040853 0.0025575565133660995 0.0062544488673886931 0.0075587380008729161 0.0057286816814784156
leaf_weight=3020.4207041412592 1540.694585904479 244.19001531600952 3716.2527203261852 2385.0936446785927 204.75436128675938 289.14015859365463 289.48804500699043 35.553452372550964 125.08935013413429 1311.1678789407015 20.204980537295341 26.712238803505898 65.666416019201279 437.85373790562153 27.674573808908463
leaf_count=12640 6689 1055 15358 9565 821 1442 1168 149 533 5576 83 116 297 2303 127
internal_value=0 -0.00104227 -0.00177109 -0.000842107 -0.00352853 0.00412624 0.00302895 0.00377522 0.000191611 0.00309934 0.00275354 0.00692193 0.00458512 0.00712772 0.00417117
internal_weight=0 10967.8 9326.52 6101.35 3225.18 2772.21 1990.83 1576.25 414.577 1641.23 1331.37 781.381 309.856 726.994 54.3868
internal_count=57922 45395 38384 24923 13461 12527 8539 6838 1701 7011 5659 3988 1352 3745 243
is_linear=0
shrinkage=0.01


Tree=100
num_leaves=16
num_cat=0
split_feature=2 5 7 1 3 5 7 0 3 7 1 8 8 4 6
split_gain=580.139 324.656 149.596 132.298 110.448 83.9953 41.7182 32.4368 9.80661 8.36163 7.8175 4.38266 3.66155 2.04253 1.36631
threshold=1.0000000180025095e-35 1.0000000180025095e-35 1.0000000180025095e-35 2.5000000000000004 1.0000000180025095e-35 1.0000000180025095e-35 1.0000000180025095e-35 1.0000000180025095e-35 1.0000000180025095e-35 1.0000000180025095e-35 1.5000000000000002 1.0000000180025095e-35 1.0000000180025095e-35 1.0000000180025095e-35 1.0000000180025095e-35
decision_type=2 2 2 2 2 2 2 2 2 2 2 2 2 2 2
left_child=1 2 4 -4 -1 6 7 -2 -8 12 -11 13 -3 -7 -13
right_child=5 9 3 -5 -6 11 8 -9 -10 10 -12 14 -14 -15 -16
leaf_value=-0.0034735447622868429 -0.00074928464544981482 0.0024673660160179482 0.00031011429844762355 -0.006924551495999659 0.00013515922891393773 0.0068136048551178455 0.0044222199227899432 0.0028719372283403759 0.0077990305919619788 0.0046024374132278261 0.0028431611517357909 0.0021131954530167422 0.00027313948553616828 0.0081368160133863075 0.005379380298344413
leaf_weight=4516.7938148677349 340.69975510239601 528.22563621401787 3489.4141978472471 272.50476750731468 1044.1794419139624 578.40951332449913 646.38807098567486 902.87479647994041 99.199856728315353 454.80607484281063 568.05448570847511 20.687966167926788 88.841181695461273 146.12876577675343 33.623286083340645
leaf_count=18936 1403 2240 14092 1134 4222 2994 2914 3767 455 1983 2423 90 365 751 153
internal_value=0 -0.00103232 -0.00175407 -0.000213948 -0.00279594 0.00409121 0.00300119 0.00187984 0.0048715 0.00307079 0.00362541 0.0068751 0.00215146 0.00708048 0.00413524
internal_weight=0 10962.8 9322.89 3761.92 5560.97 2768.01 1989.16 1243.57 745.588 1639.93 1022.86 778.85 617.067 724.538 54.3113
internal_count=57922 45395 38384 15226 23158 12527 8539 5170 3369 7011 4406 3988 2605 3745 243
is_linear=0
shrinkage=0.01


Tree=101
num_leaves=16
num_cat=0
split_feature=2 5 0 8 4 5 8 4 0 4 8 8 7 7 1
split_gain=569.346 318.376 149.007 126.164 102.371 82.9539 41.1512 24.7328 15.5622 8.32103 10.381 4.34237 2.54486 2.05162 1.36036
threshold=1.0000000180025095e-35 1.0000000180025095e-35 1.0000000180025095e-35 1.0000000180025095e-35 1.0000000180025095e-35 1.0000000180025095e-35 1.0000000180025095e-35 1.0000000180025095e-35 1.0000000180025095e-35 1.0000000180025095e-35 1.0000000180025095e-35 1.0000000180025095e-35 1.0000000180025095e-35 1.0000000180025095e-35 1.0000000180025095e-35
decision_type=2 2 2 2 2 2 2 2 2 2 2 2 2 2 2
left_child=1 2 4 -4 -1 6 7 -2 -8 10 -3 13 -11 -7 -13
right_child=5 9 3 -5 -6 11 8 -9 -10 12 -12 14 -14 -15 -16
leaf_value=-0.0039414864089562093 0.0032066206043188496 0.0029640795932419305 -7.1269398120285204e-05 -0.0035880424437090596 0.0033654576684822679 0.0063778579334620202 -0.0031927685516895429 0.0068217667435197232 0.0012868705218649042 0.003803196877170725 -0.00092699185806755565 0.00079200131088089001 0.0059882180124889526 0.0074668229318486361 0.0048578746298791999
leaf_weight=3016.4034876525402 1353.0815673470497 1353.155487537384 4802.9913429617882 1295.1946239173412 204.75145852565765 287.38016065955162 103.30448213219643 220.01492753624916 311.07272662222385 107.66550903022289 72.224430203437805 10.115613579750059 105.56749588251114 434.72211383283138 44.121042311191559
leaf_count=12640 5842 5783 19513 5410 821 1442 418 996 1283 469 293 44 466 2303 199
internal_value=0 -0.00102245 -0.0017372 -0.000818197 -0.00347702 0.0040565 0.00297372 0.00371224 0.000170094 0.00304254 0.00276692 0.00682847 0.00488496 0.00703344 0.00409955
internal_weight=0 10958 9319.34 6098.19 3221.15 2763.81 1987.47 1573.1 414.377 1638.61 1425.38 776.339 213.233 722.102 54.2367
internal_count=57922 45395 38384 24923 13461 12527 8539 6838 1701 7011 6076 3988 935 3745 243
is_linear=0
shrinkage=0.01


Tree=102
num_leaves=16
num_cat=0
split_feature=2 5 6 4 5 8 7 3 6 0 6 8 4 7 6
split_gain=558.747 312.214 147.712 126.633 81.9287 78.9917 40.8354 32.0996 9.75282 8.30036 6.89085 4.30291 2.26454 2.03901 1.35106
threshold=1.0000000180025095e-35 1.0000000180025095e-35 1.0000000180025095e-35 1.0000000180025095e-35 1.0000000180025095e-35 1.0000000180025095e-35 1.0000000180025095e-35 1.0000000180025095e-35 1.0000000180025095e-35 1.0000000180025095e-35 1.0000000180025095e-35 1.0000000180025095e-35 1.0000000180025095e-35 1.0000000180025095e-35 1.0000000180025095e-35
decision_type=2 2 2 2 2 2 2 2 2 2 2 2 2 2 2
left_child=1 2 3 -1 6 -4 7 -2 -8 12 -11 13 -3 -6 -13
right_child=4 9 5 -5 11 -7 8 -9 -10 10 -12 14 -14 -15 -16
leaf_value=-0.0027197649237426947 0.00085488920446598251 0.0040475957732933401 0.002057516319505996 0.0022935892541309766 0.0063323848753124969 -0.0025187889614091703 0.0042538319030889296 0.004467371611383354 0.0072011114346805837 0.0017506740078835487 0.0032347086872720671 0.0020520211748722666 0.0061440741238011388 0.0074197393938136152 0.0053038116660192557
leaf_weight=6893.603939846158 904.57707187533379 243.51280535757542 1356.2868172824383 543.56299740076065 286.55357578396797 522.48523703217506 605.57817532122135 337.83911073207855 137.83042651414871 504.40879200398922 824.03175772726536 20.6496252566576 65.349407106637955 433.11404110491276 33.513796851038933
leaf_count=28533 3720 1055 5485 2187 1442 2179 2733 1450 636 2148 3511 90 297 2303 153
internal_value=0 -0.00101267 -0.00172046 -0.00235335 0.00402203 0.000784849 0.00294645 0.0018372 0.00480027 0.00301454 0.00267122 0.00678221 0.00449117 0.00698678 0.00406408
internal_weight=0 10953.2 9315.94 7437.17 2759.66 1878.77 1985.82 1242.42 743.409 1637.3 1328.44 773.831 308.862 719.668 54.1634
internal_count=57922 45395 38384 30720 12527 7664 8539 5170 3369 7011 5659 3988 1352 3745 243
is_linear=0
shrinkage=0.01


Tree=103
num_leaves=16
num_cat=0
split_feature=2 5 3 7 5 7 8 4 3 7 1 8 4 4 1
split_gain=548.355 306.163 146.675 144.537 80.9074 53.6352 40.1792 24.4519 15.2439 8.17824 7.70162 4.26336 3.58301 2.04082 1.34705
threshold=1.0000000180025095e-35 1.0000000180025095e-35 1.0000000180025095e-35 1.0000000180025095e-35 1.0000000180025095e-35 1.0000000180025095e-35 1.0000000180025095e-35 1.0000000180025095e-35 1.0000000180025095e-35 1.0000000180025095e-35 1.5000000000000002 1.0000000180025095e-35 1.0000000180025095e-35 1.0000000180025095e-35 1.5000000000000002
decision_type=2 2 2 2 2 2 2 2 2 2 2 2 2 2 2
left_child=1 2 3 -1 6 -4 7 -2 -8 12 -11 13 -3 -6 -13
right_child=4 9 5 -5 11 -7 8 -9 -10 10 -12 14 -14 -15 -16
leaf_value=-0.0034047601970847502 0.0031476310214948082 0.0017262427145296948 0.00016025496301296543 -0.00067715374581458988 0.0066723423065902093 0.0047007543483185065 -0.0011104347402659926 0.0067478337582088177 0.0030712740726223787 0.0045076105904501311 0.0027589857189318076 0.0024248288527602001 0.0037361882195476831 0.0080018465285501515 0.0055814539869920732
leaf_weight=4509.0702909678221 1350.6253582388163 508.48377318680286 1043.7971744686365 3413.4450377523899 572.62629181146622 346.53251565992832 289.4363714158535 219.2788143157959 124.7458798289299 453.35942982137203 566.75428155064583 26.602105617523193 107.42897500097752 144.61735446751118 27.487335324287415
leaf_count=18936 5842 2136 4222 13833 2994 1393 1168 996 533 1983 2423 116 469 751 127
internal_value=0 -0.00100295 -0.00170383 -0.00222956 0.00398798 0.00129195 0.00291956 0.00365049 0.000149037 0.00298673 0.00353611 0.00673625 0.00207682 0.00694041 0.00402897
internal_weight=0 10948.9 9312.85 7922.52 2755.42 1390.33 1984.09 1569.9 414.182 1636.03 1020.11 771.333 615.913 717.244 54.0894
internal_count=57922 45395 38384 32769 12527 5615 8539 6838 1701 7011 4406 3988 2605 3745 243
is_linear=0
shrinkage=0.01


Tree=104
num_leaves=16
num_cat=0
split_feature=2 5 0 8 4 5 7 0 3 0 6 8 4 7 6
split_gain=538.147 300.237 145.556 122.341 99.3411 79.8988 39.9649 31.5434 9.68354 8.16737 6.76656 4.22361 2.22255 2.04469 1.33418
threshold=1.0000000180025095e-35 1.0000000180025095e-35 1.0000000180025095e-35 1.0000000180025095e-35 1.0000000180025095e-35 1.0000000180025095e-35 1.0000000180025095e-35 1.0000000180025095e-35 1.0000000180025095e-35 1.0000000180025095e-35 1.0000000180025095e-35 1.0000000180025095e-35 1.0000000180025095e-35 1.0000000180025095e-35 1.0000000180025095e-35
decision_type=2 2 2 2 2 2 2 2 2 2 2 2 2 2 2
left_child=1 2 4 -4 -1 6 7 -2 -8 12 -11 13 -3 -7 -13
right_child=5 9 3 -5 -6 11 8 -9 -10 10 -12 14 -14 -15 -16
leaf_value=-0.0038670448996916762 -0.00079815064495281855 0.0039861415279248396 -4.375838574379995e-05 -0.0035094512988453719 0.0033311826321749892 0.0062370629803881637 0.0042827809666745762 0.0027754040157919992 0.0076505411443432729 0.0017058692325385347 0.0031774309905171359 0.0019934805247543864 0.0060663383788238257 0.0073294838968595965 0.0052287624310135448
leaf_weight=3010.9891508370638 340.31810684502125 243.04110506176949 4800.8163872510195 1292.8713426291943 204.76296725869179 284.81519678235054 642.78595927357674 900.85284033417702 98.456839725375175 503.81742416322231 822.74704183638096 20.611779496073723 65.124958351254463 430.02458813786507 33.403355494141579
leaf_count=12640 1403 1055 19513 5410 821 1442 2914 3767 455 2148 3511 90 297 2303 153
internal_value=0 -0.000993345 -0.00168741 -0.000779059 -0.0034087 0.0039541 0.00289282 0.00179557 0.00473011 0.00295922 0.00261854 0.00669049 0.00442575 0.00689423 0.0039942
internal_weight=0 10944.2 9309.44 6093.69 3215.75 2751.27 1982.41 1241.17 741.243 1634.73 1326.56 768.855 308.166 714.84 54.0151
internal_count=57922 45395 38384 24923 13461 12527 8539 5170 3369 7011 5659 3988 1352 3745 243
is_linear=0
shrinkage=0.01


Tree=105
num_leaves=16
num_cat=0
split_feature=2 5 6 0 5 7 7 4 6 4 8 8 7 7 1
split_gain=528.129 294.423 144.163 123.635 78.9035 76.2419 39.3152 31.5009 9.62097 8.05568 10.153 4.18453 2.52228 2.03176 1.33956
threshold=1.0000000180025095e-35 1.0000000180025095e-35 1.0000000180025095e-35 1.0000000180025095e-35 1.0000000180025095e-35 1.0000000180025095e-35 1.0000000180025095e-35 1.0000000180025095e-35 1.0000000180025095e-35 1.0000000180025095e-35 1.0000000180025095e-35 1.0000000180025095e-35 1.0000000180025095e-35 1.0000000180025095e-35 1.0000000180025095e-35
decision_type=2 2 2 2 2 2 2 2 2 2 2 2 2 2 2
left_child=1 2 3 -1 6 -4 7 -2 -8 10 -3 13 -11 -6 -13
right_child=4 9 5 -5 11 -7 8 -9 -10 12 -12 14 -14 -15 -16
leaf_value=-0.0039891488563626992 0.001156793780210316 0.0028560447770980203 -0.0004962180190488765 -0.0013133864261121464 0.0061925003104531043 0.0039262568381805522 0.0041470373835567195 0.005863638222733958 0.0070825737261172592 0.0036702782827725301 -0.00099381940030198032 0.00067236244007837231 0.0058508663509904569 0.0072832038334828941 0.0047151022256257096
leaf_weight=2730.441070869565 1076.9055077284575 1349.0955144912004 1325.4414736628532 4697.9437075406313 284.00023719668388 552.23327758908272 603.01281772553921 163.81782220304012 137.01401895284653 107.19411697983742 72.166742354631424 10.079651743173597 105.00882039964199 428.43754228949547 43.862136572599411
leaf_count=11465 4462 5783 5448 19255 1442 2216 2733 708 636 469 293 44 466 2303 199
internal_value=0 -0.000983833 -0.00167115 -0.00229691 0.0039205 0.000804453 0.00286632 0.00177826 0.00469054 0.00293192 0.00266056 0.00664509 0.00474934 0.00684841 0.00395967
internal_weight=0 10939.5 9306.06 7428.38 2747.13 1877.67 1980.75 1240.72 740.027 1633.47 1421.26 766.38 212.203 712.438 53.9418
internal_count=57922 45395 38384 30720 12527 7664 8539 5170 3369 7011 6076 3988 935 3745 243
is_linear=0
shrinkage=0.01


Tree=106
num_leaves=16
num_cat=0
split_feature=2 5 3 7 5 7 8 1 3 0 1 8 4 4 1
split_gain=518.297 288.72 142.536 140.957 77.9164 51.9057 38.9268 24.4969 14.9149 8.02652 6.75116 4.14599 2.16038 2.03933 1.32267
threshold=1.0000000180025095e-35 1.0000000180025095e-35 1.0000000180025095e-35 1.0000000180025095e-35 1.0000000180025095e-35 1.0000000180025095e-35 1.0000000180025095e-35 2.5000000000000004 1.0000000180025095e-35 1.0000000180025095e-35 2.5000000000000004 1.0000000180025095e-35 1.0000000180025095e-35 1.0000000180025095e-35 1.5000000000000002
decision_type=2 2 2 2 2 2 2 2 2 2 2 2 2 2 2
left_child=1 2 3 -1 6 -4 7 -2 -8 12 -11 13 -3 -6 -13
right_child=4 9 5 -5 11 -7 8 -9 -10 10 -12 14 -14 -15 -16
leaf_value=-0.0033357177815635315 0.0037516698516987536 0.0039270171909744937 0.00018475882916780067 -0.00064068281394032156 0.0065336017731361575 0.004651700061907643 -0.0011325219673840538 -0.0046593602216139628 0.0030065875366770069 0.0026558034194776692 -0.0031754849285236552 0.0023344590180026641 0.0059814113553469566 0.0078694871227396115 0.0054687075964427638
leaf_weight=4501.3927176594734 1529.7517545521259 242.58466000854969 1043.4808106422424 3411.499886110425 566.92295798659325 346.51652836799622 289.36442419886589 35.428726702928543 124.52086079120636 1304.554837346077 20.160894900560379 26.526603505015373 64.877049893140793 143.12400253117085 27.3432257771492
leaf_count=18936 6689 1055 4222 13833 2994 1393 1168 149 533 5576 83 116 297 751 127
internal_value=0 -0.000974395 -0.00165501 -0.0021738 0.00388721 0.00129834 0.00284009 0.00356128 0.000112764 0.0029049 0.00256706 0.00659996 0.00436051 0.00680288 0.00392534
internal_weight=0 10935.1 9302.89 7912.89 2742.98 1390 1979.07 1565.18 413.885 1632.18 1324.72 763.917 307.462 710.047 53.8698
internal_count=57922 45395 38384 32769 12527 5615 8539 6838 1701 7011 5659 3988 1352 3745 243
is_linear=0
shrinkage=0.01


Tree=107
num_leaves=16
num_cat=0
split_feature=2 5 8 6 5 7 3 3 3 7 1 8 4 7 6
split_gain=508.638 283.129 141.446 155.632 76.9418 38.4634 36.8051 31.1108 9.53795 8.01262 7.58494 4.10694 3.43571 2.03677 1.32344
threshold=1.0000000180025095e-35 1.0000000180025095e-35 1.0000000180025095e-35 1.0000000180025095e-35 1.0000000180025095e-35 1.0000000180025095e-35 1.0000000180025095e-35 1.0000000180025095e-35 1.0000000180025095e-35 1.0000000180025095e-35 1.5000000000000002 1.0000000180025095e-35 1.0000000180025095e-35 1.0000000180025095e-35 1.0000000180025095e-35
decision_type=2 2 2 2 2 2 2 2 2 2 2 2 2 2 2
left_child=1 2 3 -1 5 7 -4 -2 -7 12 -11 13 -3 -6 -13
right_child=4 9 6 -5 11 8 -8 -9 -10 10 -12 14 -14 -15 -16
leaf_value=-0.0017004975995221104 0.00077094653379638221 0.0016330913407176587 -0.0047782676870888096 0.002048705766140291 0.0060989455773947689 0.0041771160372576369 -0.0013452346475606026 0.0043333885792289448 0.007529455849008727 0.0043892756236454137 0.0026508252244998405 0.0018963180674605967 0.0036052203249445137 0.0071945405167520371 0.0051244840659081473
leaf_weight=6038.7911037802696 903.08906994760036 507.38417758047581 1511.3372835367918 1355.7628473937511 282.28460401296616 640.03654162585735 393.61830559372902 336.47568494081497 97.845596507191658 451.52266596257687 565.04798616468906 20.548758059740067 106.95980416238308 425.39203128218651 33.247744634747505
leaf_count=24857 3720 2136 6441 5485 1442 2914 1601 1450 455 1983 2423 90 469 2303 153
internal_value=0 -0.000965064 -0.00163906 -0.0010131 0.00385408 0.002814 -0.0040689 0.00173796 0.00462165 0.00287809 0.00342298 0.00655504 0.00197645 0.00675752 0.00389142
internal_weight=0 10930.4 9299.51 7394.55 2738.92 1977.45 1904.96 1239.56 737.882 1630.91 1016.57 761.473 614.344 707.677 53.7965
internal_count=57922 45395 38384 30342 12527 8539 8042 5170 3369 7011 4406 3988 2605 3745 243
is_linear=0
shrinkage=0.01


Tree=108
num_leaves=16
num_cat=0
split_feature=2 5 0 7 4 5 8 4 0 0 6 8 4 4 1
split_gain=499.171 277.643 139.729 117.424 97.5105 75.9736 38.0005 24.045 14.7825 7.89728 6.65741 4.06855 2.12023 2.02851 1.31324
threshold=1.0000000180025095e-35 1.0000000180025095e-35 1.0000000180025095e-35 1.0000000180025095e-35 1.0000000180025095e-35 1.0000000180025095e-35 1.0000000180025095e-35 1.0000000180025095e-35 1.0000000180025095e-35 1.0000000180025095e-35 1.0000000180025095e-35 1.0000000180025095e-35 1.0000000180025095e-35 1.0000000180025095e-35 1.0000000180025095e-35
decision_type=2 2 2 2 2 2 2 2 2 2 2 2 2 2 2
left_child=1 2 4 -4 -1 6 7 -2 -8 12 -11 13 -3 -7 -13
right_child=5 9 3 -5 -6 11 8 -9 -10 10 -12 14 -14 -15 -16
leaf_value=-0.0037672627293193579 0.0030027549083091881 0.0038675197268617342 -0.0018475481525102803 0.00099764514175964799 0.0033656767222837976 0.0064431290734280411 -0.0031837950311624044 0.0065854648928769331 0.0011837572137690737 0.0016099472123101506 0.0030715609368970071 0.00060002980178382474 0.0059058977077368962 0.0077801336019285875 0.0046080708260159481
leaf_weight=3003.4783466458321 1344.430331081152 242.11987254023552 3703.806846126914 2384.3562474250793 204.71538177132607 563.19714596867561 103.28144836425781 217.65454460680485 310.37882770597935 502.53678615391254 820.33014006912708 10.057781755924223 64.655076816678047 142.11147166788578 43.666380196809769
leaf_count=12640 5842 1055 15358 9565 821 2994 418 996 1283 2148 3511 44 297 751 199
internal_value=0 -0.000955803 -0.00162323 -0.000733262 -0.00331211 0.00382137 0.00278828 0.00350196 9.328e-05 0.00285155 0.00251632 0.00651046 0.00429712 0.00671252 0.00385772
internal_weight=0 10926 9296.36 6088.16 3208.19 2734.78 1975.75 1562.08 413.66 1629.64 1322.87 759.033 306.775 705.309 53.7242
internal_count=57922 45395 38384 24923 13461 12527 8539 6838 1701 7011 5659 3988 1352 3745 243
is_linear=0
shrinkage=0.01


Tree=109
num_leaves=16
num_cat=0
split_feature=2 6 4 7 8 5 7 7 0 4 1 6 8 7 6
split_gain=489.866 274.2 135.761 138.523 102.252 75.019 37.6396 37.3815 30.6851 20.8389 9.9363 9.50239 4.03042 2.04124 1.30843
threshold=1.0000000180025095e-35 1.0000000180025095e-35 1.0000000180025095e-35 1.0000000180025095e-35 1.0000000180025095e-35 1.0000000180025095e-35 1.0000000180025095e-35 1.0000000180025095e-35 1.0000000180025095e-35 1.0000000180025095e-35 2.5000000000000004 1.0000000180025095e-35 1.0000000180025095e-35 1.0000000180025095e-35 1.0000000180025095e-35
decision_type=2 2 2 2 2 2 2 2 2 2 2 2 2 2 2
left_child=1 2 3 -1 7 6 8 -3 -2 -6 -4 -8 13 -7 -14
right_child=5 4 10 -5 9 12 11 -9 -10 -11 -12 -13 14 -15 -16
leaf_value=-0.0035067512227707643 -0.00086122232761598352 0.0013415792367674651 0.0028560957648117286 -0.00075650711881030926 -0.0025511734879443862 0.0060065490364748812 0.0040128491055242957 0.0038870296575769427 0.002666408370016732 0.0053717024140455009 -0.0028493149433662826 0.0069403872420068704 0.0018392414861808477 0.0071068998840593317 0.0050527881030997058
leaf_weight=4089.4209316521883 339.84408135712147 1132.2325637489557 596.7548812776804 3316.7373081743717 542.17306053638458 280.58480423688889 599.7425165772438 1176.3530035018921 898.53502069413662 35.363169193267822 32.17018723487854 136.01909621059895 20.512024536728859 422.37643781304359 33.141161650419235
leaf_count=17246 1403 4672 2435 13570 2266 1442 2733 4928 3767 147 131 636 90 2303 153
internal_value=0 -0.000946664 -0.00189631 -0.0022751 0.00169718 0.00378877 0.00276266 0.00263863 0.00169833 -0.00206605 0.00256426 0.00455406 0.00646606 0.0066677 0.00382422
internal_weight=0 10921.2 8035.08 7406.16 2886.12 2730.76 1974.14 2308.59 1238.38 577.536 628.925 735.762 756.614 702.961 53.6532
internal_count=57922 45395 33382 30816 12013 12527 8539 9600 5170 2413 2566 3369 3988 3745 243
is_linear=0
shrinkage=0.01


Tree=110
num_leaves=16
num_cat=0
split_feature=2 5 3 7 5 7 8 1 3 0 1 8 4 7 1
split_gain=480.733 269.136 137.904 133.343 74.0748 49.5659 37.0959 24.0588 14.2792 7.75424 6.616 3.99247 2.06472 2.02769 1.30298
threshold=1.0000000180025095e-35 1.0000000180025095e-35 1.0000000180025095e-35 1.0000000180025095e-35 1.0000000180025095e-35 1.0000000180025095e-35 1.0000000180025095e-35 2.5000000000000004 1.0000000180025095e-35 1.0000000180025095e-35 2.5000000000000004 1.0000000180025095e-35 1.0000000180025095e-35 1.0000000180025095e-35 1.5000000000000002
decision_type=2 2 2 2 2 2 2 2 2 2 2 2 2 2 2
left_child=1 2 3 -1 6 -4 7 -2 -8 12 -11 13 -3 -6 -13
right_child=4 9 5 -5 11 -7 8 -9 -10 10 -12 14 -14 -15 -16
leaf_value=-0.0032379181847973261 0.0036329125047679118 0.003823181713377271 0.00022184448367304149 -0.00061490756270674799 0.0059634508895446805 0.0045873443205946057 -0.0011429425427666407 -0.0047074769228231455 0.002910904197464096 0.0025691226903633911 -0.0032050382598187038 0.0022099463849386547 0.0058375030716928608 0.0070618825697343337 0.0053290724224552399
leaf_weight=4490.1851478368044 1523.6137188076973 241.76421177387238 1042.9425131231546 3409.8489596247673 279.7904706299305 346.4911854416132 289.31943768262863 35.389466822147369 124.18616209924221 1301.3844530582428 20.1507398635149 26.420271918177605 64.452632218599319 420.82608538866043 27.161247879266739
leaf_count=18936 6689 1055 4222 13833 1442 1393 1168 149 533 5576 83 116 297 2303 127
internal_value=0 -0.000937543 -0.00159479 -0.00210576 0.00375649 0.00131049 0.00273732 0.00344359 7.45299e-05 0.00281332 0.00248108 0.00642202 0.00424716 0.00662323 0.00379108
internal_weight=0 10917.2 9289.47 7900.03 2726.71 1389.43 1972.51 1559 413.506 1627.75 1321.54 754.198 306.217 700.617 53.5815
internal_count=57922 45395 38384 32769 12527 5615 8539 6838 1701 7011 5659 3988 1352 3745 243
is_linear=0
shrinkage=0.01


Tree=111
num_leaves=16
num_cat=0
split_feature=2 6 4 0 8 5 4 0 7 4 1 0 8 4 6
split_gain=471.768 266.373 132.933 135.121 99.4005 73.1429 36.972 53.17 36.0318 20.3926 9.73299 6.34183 3.95457 2.02739 1.29183
threshold=1.0000000180025095e-35 1.0000000180025095e-35 1.0000000180025095e-35 1.0000000180025095e-35 1.0000000180025095e-35 1.0000000180025095e-35 1.0000000180025095e-35 1.0000000180025095e-35 1.0000000180025095e-35 1.0000000180025095e-35 2.5000000000000004 1.0000000180025095e-35 1.0000000180025095e-35 1.0000000180025095e-35 1.0000000180025095e-35
decision_type=2 2 2 2 2 2 2 2 2 2 2 2 2 2 2
left_child=1 2 3 -1 8 6 7 -2 -3 -6 -4 -8 13 -7 -14
right_child=5 4 10 -5 9 12 11 -9 -10 -11 -12 -13 14 -15 -16
leaf_value=-0.0040530233190919727 -0.00067478214128184296 0.001333248707641643 0.0028383754175160827 -0.0012328643938120925 -0.0025140596217660166 0.006308397171291287 0.0083991100831929174 0.0032678930631620047 0.0038332075866307196 0.005325520940644082 -0.0028096848233006167 0.0051005511979171827 0.0017847077381009028 0.0076519045595684126 0.0049815311260605309
leaf_weight=2642.6997938603163 471.89990845322609 1131.7694964706898 596.57212415337563 4757.2475650906563 541.68371510505676 557.6333831846714 89.756623908877373 1243.0221421271563 1175.1589801609516 35.345995351672173 32.154857859015465 166.23806354403496 20.475829347968102 140.6503109484911 33.033741503953934
leaf_count=11184 2016 4672 2435 19632 2266 2994 404 5363 4928 147 131 756 90 751 153
internal_value=0 -0.000928561 -0.00186494 -0.00224001 0.00167824 0.00372443 0.00271215 0.00218298 0.00260674 -0.00203385 0.00254952 0.00625709 0.00637824 0.00657901 0.00375824
internal_weight=0 10912.6 8028.67 7399.95 2883.96 2722.71 1970.92 1714.92 2306.93 577.03 628.727 255.995 751.793 698.284 53.5096
internal_count=57922 45395 33382 30816 12013 12527 8539 7379 9600 2413 2566 1160 3988 3745 243
is_linear=0
shrinkage=0.01


Tree=112
num_leaves=16
num_cat=0
split_feature=2 6 4 7 8 5 7 7 4 4 1 3 8 7 1
split_gain=462.945 261.165 130.332 133.732 97.452 72.2257 36.9152 35.3684 30.2735 19.9916 9.53945 9.39635 3.91682 2.0315 1.29283
threshold=1.0000000180025095e-35 1.0000000180025095e-35 1.0000000180025095e-35 1.0000000180025095e-35 1.0000000180025095e-35 1.0000000180025095e-35 1.0000000180025095e-35 1.0000000180025095e-35 1.0000000180025095e-35 1.0000000180025095e-35 2.5000000000000004 1.0000000180025095e-35 1.0000000180025095e-35 1.0000000180025095e-35 1.0000000180025095e-35
decision_type=2 2 2 2 2 2 2 2 2 2 2 2 2 2 2
left_child=1 2 3 -1 7 6 8 -3 -2 -6 -4 -8 13 -7 -14
right_child=5 4 10 -5 9 12 11 -9 -10 -11 -12 -13 14 -15 -16
leaf_value=-0.0034302768909901344 0.0010240382881985519 0.0013199014302487475 0.0028099969232625484 -0.00072656228484367722 -0.0024900288133116711 0.0058727287971781185 0.0040231187574275113 0.0037970838922977705 0.0056535135744374609 0.0052720136155740673 -0.0027823780050767778 0.0073645596939432246 0.00048855526129099351 0.006975734644805766 0.0044729982633362666
leaf_weight=4081.7248957753181 1073.8670433461666 1131.7823636680841 596.57102079689503 3315.3514133989811 541.44347174465656 278.11504474282265 635.94317623972893 1174.4788825213909 162.64762301743031 35.347675681114197 32.14577542245388 96.992801636457443 10.023538857698439 417.85674016177654 43.415058359503746
leaf_count=17246 4462 4672 2435 13570 2266 1442 2914 4928 708 147 131 455 44 2303 199
internal_value=0 -0.000919598 -0.00184696 -0.00221848 0.00166198 0.00369244 0.00268704 0.00258142 0.00163299 -0.00201435 0.00252406 0.00446531 0.00633464 0.00653497 0.00372563
internal_weight=0 10908.8 8025.79 7397.08 2883.05 2718.86 1969.45 2306.26 1236.51 576.791 628.717 732.936 749.41 695.972 53.4386
internal_count=57922 45395 33382 30816 12013 12527 8539 9600 5170 2413 2566 3369 3988 3745 243
is_linear=0
shrinkage=0.01


Tree=113
num_leaves=16
num_cat=0
split_feature=2 5 0 8 4 5 7 3 6 0 1 8 1 7 1
split_gain=454.311 257.903 133.939 112.303 91.927 71.309 36.3088 30.2825 9.36433 7.67063 6.48326 3.87979 2.03821 2.01764 1.27898
threshold=1.0000000180025095e-35 1.0000000180025095e-35 1.0000000180025095e-35 1.0000000180025095e-35 1.0000000180025095e-35 1.0000000180025095e-35 1.0000000180025095e-35 1.0000000180025095e-35 1.0000000180025095e-35 1.0000000180025095e-35 2.5000000000000004 1.0000000180025095e-35 1.5000000000000002 1.0000000180025095e-35 1.5000000000000002
decision_type=2 2 2 2 2 2 2 2 2 2 2 2 2 2 2
left_child=1 2 4 -4 -1 6 7 -2 -8 12 -11 13 -3 -7 -13
right_child=5 9 3 -5 -6 11 8 -9 -10 10 -12 14 -14 -15 -16
leaf_value=-0.0036538833402010281 0.00066304217109199612 0.0050932628316704654 2.1159681102228039e-05 -0.0033062141517592324 0.0032718561564891932 0.0058304686100298618 0.0038896282126529226 0.0041847306507904192 0.0068055877959320504 0.0025206865289765039 -0.0031950259184455147 0.0021255004598701396 0.0034518504391704676 0.006931440328558941 0.0052218581828652076
leaf_weight=2994.4286707192659 901.14828556776047 137.72762495279312 4793.8689568042755 1286.5762667357922 204.75570131838322 277.33351069688797 596.69474835693836 334.91472461819649 135.06016035377979 1299.5184149891138 20.152838796377182 26.347815856337547 167.84372459352016 416.32942019402981 27.021193876862526
leaf_count=12640 3720 616 19513 5410 821 1442 2733 1450 636 5576 83 116 736 2303 127
internal_value=0 -0.000910738 -0.00155433 -0.000682887 -0.00321062 0.00366096 0.0026624 0.00161725 0.00442783 0.00276398 0.0024334 0.00629136 0.00419167 0.00649126 0.00369321
internal_weight=0 10904.9 9279.63 6080.45 3199.18 2714.85 1967.82 1236.06 731.755 1625.24 1319.67 747.032 305.571 693.663 53.369
internal_count=57922 45395 38384 24923 13461 12527 8539 5170 3369 7011 5659 3988 1352 3745 243
is_linear=0
shrinkage=0.01


Tree=114
num_leaves=16
num_cat=0
split_feature=2 6 4 7 8 5 4 0 7 4 1 0 8 4 6
split_gain=445.846 254.325 126.498 130.544 94.1635 70.4002 36.0469 52.1462 34.5217 19.4813 9.33135 6.27143 3.84254 2.02637 1.28111
threshold=1.0000000180025095e-35 1.0000000180025095e-35 1.0000000180025095e-35 1.0000000180025095e-35 1.0000000180025095e-35 1.0000000180025095e-35 1.0000000180025095e-35 1.0000000180025095e-35 1.0000000180025095e-35 1.0000000180025095e-35 2.5000000000000004 1.0000000180025095e-35 1.0000000180025095e-35 1.0000000180025095e-35 1.0000000180025095e-35
decision_type=2 2 2 2 2 2 2 2 2 2 2 2 2 2 2
left_child=1 2 3 -1 8 6 7 -2 -3 -6 -4 -8 13 -7 -14
right_child=5 4 10 -5 9 12 11 -9 -10 -11 -12 -13 14 -15 -16
leaf_value=-0.003382084426177611 -0.00071587100241812807 0.0013041780770017741 0.002771776765503383 -0.00070978204178490903 -0.0024393449405383681 0.0061759680376223241 0.0082829532727699325 0.0031917147587359434 0.0037523498980389721 0.0052247435716661081 -0.0027599607033280417 0.0049947338339424623 0.001693536887037653 0.007526010450168109 0.0048827742486902172
leaf_weight=4076.7297819703817 471.31409338116646 1131.4416013509035 596.47893513739109 3314.1356934309006 540.83647720515728 552.15675413608551 89.294702306389809 1240.0356232523918 1173.2450851500034 35.333154574036598 32.13749648630619 165.51297995448112 20.415217354893684 139.20947052538395 32.882900178432465
leaf_count=17246 2016 4672 2435 13570 2266 2994 404 5363 4928 147 131 756 90 751 153
internal_value=0 -0.000902009 -0.00181752 -0.0021838 0.00164651 0.00362978 0.00263802 0.00211555 0.00255047 -0.00196935 0.00248897 0.00614706 0.00624836 0.0064478 0.00366117
internal_weight=0 10900.3 8019.48 7390.87 2880.86 2710.82 1966.16 1711.35 2304.69 576.17 628.616 254.808 744.664 691.366 53.2981
internal_count=57922 45395 33382 30816 12013 12527 8539 7379 9600 2413 2566 1160 3988 3745 243
is_linear=0
shrinkage=0.01


Tree=115
num_leaves=16
num_cat=0
split_feature=2 5 3 7 5 7 8 1 0 0 1 7 0 1 1
split_gain=437.505 250.009 133.029 125.553 69.5111 46.6855 35.9873 23.5486 13.752 7.53119 6.35535 3.83615 3.23892 2.2798 2.00401
threshold=1.0000000180025095e-35 1.0000000180025095e-35 1.0000000180025095e-35 1.0000000180025095e-35 1.0000000180025095e-35 1.0000000180025095e-35 1.0000000180025095e-35 2.5000000000000004 1.0000000180025095e-35 1.0000000180025095e-35 2.5000000000000004 1.0000000180025095e-35 1.0000000180025095e-35 1.5000000000000002 1.5000000000000002
decision_type=2 2 2 2 2 2 2 2 2 2 2 2 2 2 2
left_child=1 2 3 -1 6 -4 7 -2 -8 14 -11 13 -13 -6 -3
right_child=4 9 5 -5 11 -7 8 -9 -10 10 -12 12 -14 -15 -16
leaf_value=-0.0031306281496211721 0.0034996706983357584 0.0050380927009424674 0.00026983151685358678 -0.00058326923888632086 0.0045644934659254859 0.0045073517755707558 -0.0031706074470158425 -0.0047572938536044078 0.0010436607383025333 0.0024858292226505332 -0.0031723601024556962 0.0084408760313283357 0.0063552654510311028 0.0062295942289557248 0.0034089879682297564
leaf_weight=4477.0233687907457 1516.5416125953197 137.42380000650883 1042.1276908367872 3407.4390102177858 163.95478129386902 346.41531221568584 103.26186077296734 35.345116645097733 309.56107397377491 1298.1869258582592 20.159357562661171 97.418142154812813 315.98932319879532 164.95668655633926 167.59902486205101
leaf_count=18936 6689 616 4222 13833 836 1393 418 149 1283 5576 83 543 1760 849 736
internal_value=0 -0.000893317 -0.00152709 -0.00202973 0.00359856 0.00132701 0.00261358 0.00331161 -1.04793e-05 0.00272693 0.00239931 0.00620552 0.00684673 0.00539958 0.00414296
internal_weight=0 10896.4 9273.01 7884.46 2707.03 1388.54 1964.71 1551.89 412.823 1623.37 1318.35 742.319 413.407 328.911 305.023
internal_count=57922 45395 38384 32769 12527 5615 8539 6838 1701 7011 5659 3988 2303 1685 1352
is_linear=0
shrinkage=0.01


Tree=116
num_leaves=16
num_cat=0
split_feature=2 6 4 0 8 5 7 7 3 4 6 1 8 4 6
split_gain=429.331 247.043 123.898 129.968 91.5337 68.6251 35.6021 33.2692 29.6638 19.0725 9.24691 9.14086 3.81204 2.01299 1.26497
threshold=1.0000000180025095e-35 1.0000000180025095e-35 1.0000000180025095e-35 1.0000000180025095e-35 1.0000000180025095e-35 1.0000000180025095e-35 1.0000000180025095e-35 1.0000000180025095e-35 1.0000000180025095e-35 1.0000000180025095e-35 1.0000000180025095e-35 2.5000000000000004 1.0000000180025095e-35 1.0000000180025095e-35 1.0000000180025095e-35
decision_type=2 2 2 2 2 2 2 2 2 2 2 2 2 2 2
left_child=1 2 3 -1 7 6 8 -3 -2 -6 -8 -4 13 -7 -14
right_child=5 4 11 -5 9 12 10 -9 -10 -11 -12 -13 14 -15 -16
leaf_value=-0.003931768600115234 0.00061016496856316268 0.0012959210234188201 0.0027550224887074575 -0.0011623154077232021 -0.0024040052234897665 0.0060907632697546499 0.0038062861416419003 0.0037001186871875938 0.0040996277664488148 0.0051810405930326217 0.006710836101135596 -0.0027212045735200384 0.0016254162692786534 0.0074409989637199249 0.0047989916662663648
leaf_weight=2634.0974936932325 900.19607499241829 1130.9911007732153 596.30953343212605 4750.6224001049995 540.35544124245644 548.63138103485107 594.60270266234875 1172.0430194586515 334.01030278205872 35.317212551832199 134.37789119780064 32.122596263885498 20.370362415909767 138.23307906091213 32.756559908390045
leaf_count=11184 3720 4672 2435 19632 2266 2994 2733 4928 1450 147 636 131 90 751 153
internal_value=0 -0.000884754 -0.00178743 -0.00215017 0.00162793 0.00356768 0.00258946 0.00251945 0.00155451 -0.00193867 0.0043417 0.0024751 0.00616289 0.0063625 0.00358215
internal_weight=0 10891.9 8013.15 7384.72 2878.71 2703.18 1963.19 2303.03 1234.21 575.673 728.981 628.432 739.991 686.864 53.1269
internal_count=57922 45395 33382 30816 12013 12527 8539 9600 5170 2413 3369 2566 3988 3745 243
is_linear=0
shrinkage=0.01


Tree=117
num_leaves=16
num_cat=0
split_feature=2 5 1 7 5 4 0 3 0 1 0 7 0 1 1
split_gain=421.319 242.357 131.544 152.241 67.7422 35.5761 50.8874 12.0408 7.46104 6.22975 6.21142 3.81992 3.21936 2.26031 1.96492
threshold=1.0000000180025095e-35 1.0000000180025095e-35 2.5000000000000004 1.0000000180025095e-35 1.0000000180025095e-35 1.0000000180025095e-35 1.0000000180025095e-35 1.0000000180025095e-35 1.0000000180025095e-35 2.5000000000000004 1.0000000180025095e-35 1.0000000180025095e-35 1.0000000180025095e-35 1.5000000000000002 1.5000000000000002
decision_type=2 2 2 2 2 2 2 2 2 2 2 2 2 2 2
left_child=1 2 3 -1 5 6 -2 -4 14 -10 -7 13 -13 -6 -3
right_child=4 8 7 -5 11 10 -8 -9 9 -11 -12 12 -14 -15 -16
leaf_value=-0.0022845345646375749 -0.00075160779664072382 0.004988361739534492 -0.006793640307738648 0.00040930648547330767 0.0044810862638173131 0.0081898719828323689 0.0031114644453417292 0.00053683882705198277 0.0024499143644835294 -0.0031512993020914831 0.0049105213869917747 0.0083588306153801004 0.0062715474285251899 0.0061435012852320992 0.0033738807863929014
leaf_weight=5277.7728246748447 470.76525826752186 137.1463897973299 483.29278770089149 3481.9973584264517 163.15146002173424 88.892920926213264 1236.9830167293549 23.496681064367294 1296.8265517354012 20.165444746613503 164.90751048922539 96.646934911608696 313.87018644809723 164.00267300009727 167.39384779334068
leaf_count=22154 2016 616 2042 14092 836 404 5363 96 5576 83 756 543 1760 849 736
internal_value=0 -0.000876213 -0.00150031 -0.00121374 0.00353723 0.00256573 0.00204655 -0.00645377 0.00269034 0.00236415 0.00605911 0.00612055 0.00676295 0.00531446 0.00410094
internal_weight=0 10888.1 9266.56 8759.77 2699.22 1961.55 1707.75 506.789 1621.53 1316.99 253.8 737.671 410.517 327.154 304.54
internal_count=57922 45395 38384 36246 12527 8539 7379 2138 7011 5659 1160 3988 2303 1685 1352
is_linear=0
shrinkage=0.01


Tree=118
num_leaves=16
num_cat=0
split_feature=2 6 4 0 8 5 8 7 1 4 3 1 7 0 1
split_gain=413.433 240.767 121.323 127.296 88.8808 66.8793 35.1521 32.0131 23.0592 18.659 13.3808 8.79103 3.79171 3.19224 2.23311
threshold=1.0000000180025095e-35 1.0000000180025095e-35 1.0000000180025095e-35 1.0000000180025095e-35 1.0000000180025095e-35 1.0000000180025095e-35 1.0000000180025095e-35 1.0000000180025095e-35 2.5000000000000004 1.0000000180025095e-35 1.0000000180025095e-35 2.5000000000000004 1.0000000180025095e-35 1.0000000180025095e-35 1.5000000000000002
decision_type=2 2 2 2 2 2 2 2 2 2 2 2 2 2 2
left_child=1 2 3 -1 7 6 8 -3 -2 -6 -8 -4 14 -14 -7
right_child=5 4 11 -5 9 12 10 -9 -10 -11 -12 -13 13 -15 -16
leaf_value=-0.0038830717817186556 0.0034198808599799481 0.0012921912838203323 0.0027337209636566825 -0.0011408270237981738 -0.0023630659486558823 0.0044454860186109646 -0.0012291981466529111 0.003651389699691338 -0.0047511647235727664 0.0051410668022312412 0.0027039468156998714 -0.0026393805953982379 0.00831274049122936 0.0062298640752527614 0.0060999240720675243
leaf_weight=2630.5807311981916 1512.312496483326 1130.5511237233877 596.1600428968668 4748.4188578277826 539.85369485616684 162.81511972844601 289.02392806112766 1170.8516001403332 35.344581201672554 35.301765695214272 123.43894475698471 32.08917598426342 96.213142544031143 312.81585639715195 163.52494435012341
leaf_count=11184 6689 4672 2435 19632 2266 836 1168 4928 149 147 533 131 543 1760 849
internal_value=0 -0.000867795 -0.00175926 -0.00211843 0.0016137 0.00350674 0.00254194 0.00249245 0.00323327 -0.00190248 -5.21146e-05 0.00245928 0.00607841 0.00671981 0.0052745
internal_weight=0 10883.8 8007.25 7379 2876.56 2695.49 1960.12 2301.4 1547.66 575.155 412.463 628.249 735.369 409.029 326.34
internal_count=57922 45395 33382 30816 12013 12527 8539 9600 6838 2413 1701 2566 3988 2303 1685
is_linear=0
shrinkage=0.01


Tree=119
num_leaves=16
num_cat=0
split_feature=2 6 1 7 8 5 4 0 7 4 0 4 8 4 1
split_gain=405.703 236.059 120.298 143.129 87.1386 66.0189 35.0217 49.8933 31.4245 18.2922 6.12431 5.48654 3.78678 2.00656 1.26279
threshold=1.0000000180025095e-35 1.0000000180025095e-35 2.5000000000000004 1.0000000180025095e-35 1.0000000180025095e-35 1.0000000180025095e-35 1.0000000180025095e-35 1.0000000180025095e-35 1.0000000180025095e-35 1.0000000180025095e-35 1.0000000180025095e-35 1.0000000180025095e-35 1.0000000180025095e-35 1.0000000180025095e-35 1.0000000180025095e-35
decision_type=2 2 2 2 2 2 2 2 2 2 2 2 2 2 2
left_child=1 2 3 -1 8 6 7 -2 -3 -6 -8 -4 13 -7 -14
right_child=5 4 11 -5 9 12 10 -9 -10 -11 -12 -13 14 -15 -16
leaf_value=-0.0026603840908972411 -0.00076750264909511033 0.0012792580615134659 -0.0068955290749540708 0.0001164546414745891 -0.002340456919332959 0.0059643301905112972 0.0081103037686939203 0.0030591692575250174 0.0036169949631733116 0.0050896350996025462 0.0048485741133310629 -0.0026137427474812462 0.0002484437765473833 0.0073192236466065224 0.0042025295628960431
leaf_weight=4200.9254347234964 470.53404408693314 1130.5610708594322 445.70418454706669 3325.6900853663683 539.61927750706673 543.39360335469246 88.564057111740112 1235.0211942046881 1170.1689828038216 35.301910504698753 164.46577756106853 32.079941764473915 9.9496594965457898 136.82873578369617 42.90756519138813
leaf_count=17763 2016 4672 1892 13596 2266 2994 404 5363 4928 147 756 131 44 751 199
internal_value=0 -0.000859417 -0.00174229 -0.00143342 0.00159807 0.00347664 0.00251851 0.00200345 0.00246825 -0.00188423 0.00599023 -0.00660804 0.00603652 0.00623687 0.00345823
internal_weight=0 10880.1 8004.4 7526.62 2875.65 2691.66 1958.59 1705.56 2300.73 574.921 253.03 477.784 733.08 680.222 52.8572
internal_count=57922 45395 33382 31359 12013 12527 8539 7379 9600 2413 1160 2023 3988 3745 243
is_linear=0
shrinkage=0.01


Tree=120
num_leaves=16
num_cat=0
split_feature=2 5 3 7 5 7 7 3 3 0 1 7 0 1 1
split_gain=398.103 232.25 128.173 118.509 65.1747 43.8802 34.9884 28.8353 9.20248 7.39612 6.06638 3.77459 3.17317 2.20775 1.92497
threshold=1.0000000180025095e-35 1.0000000180025095e-35 1.0000000180025095e-35 1.0000000180025095e-35 1.0000000180025095e-35 1.0000000180025095e-35 1.0000000180025095e-35 1.0000000180025095e-35 1.0000000180025095e-35 1.0000000180025095e-35 2.5000000000000004 1.0000000180025095e-35 1.0000000180025095e-35 1.5000000000000002 1.5000000000000002
decision_type=2 2 2 2 2 2 2 2 2 2 2 2 2 2 2
left_child=1 2 3 -1 6 -4 7 -2 -8 14 -11 13 -13 -6 -3
right_child=4 9 5 -5 11 -7 8 -9 -10 10 -12 12 -14 -15 -16
leaf_value=-0.0030280405163523377 0.00053790416776641715 0.004928617931454899 0.00031433125791832406 -0.00055112870762750641 0.0043649008122520405 0.0044232649744805827 0.0037980772245731409 0.0039837037080735598 0.0071258683590714415 0.0024028950951267714 -0.0031234992084752302 0.0082320923460549884 0.0061475029063915304 0.0060142916582555097 0.0033289547865216081
leaf_weight=4464.6548410654068 898.84704811871052 136.80356408655643 1041.426283583045 3404.7464527636766 162.03441612422466 346.33475781977177 629.83335554599762 332.75938598811626 95.728574335575104 1294.9733427613974 20.172462835907936 95.452926501631737 310.73395246267319 162.57776647806168 167.12548746168613
leaf_count=18936 3720 616 4222 13833 836 1393 2914 1450 455 5576 83 543 1760 849 736
internal_value=0 -0.000851126 -0.00146225 -0.00195639 0.00344665 0.00133977 0.00249514 0.0014689 0.00423714 0.00264304 0.00231813 0.0059949 0.00663738 0.00519098 0.00404899
internal_weight=0 10876.2 9257.16 7869.4 2687.97 1387.76 1957.17 1231.61 725.562 1619.07 1315.15 730.799 406.187 324.612 303.929
internal_count=57922 45395 38384 32769 12527 5615 8539 5170 3369 7011 5659 3988 2303 1685 1352
is_linear=0
shrinkage=0.01


Tree=121
num_leaves=16
num_cat=0
split_feature=2 6 4 0 8 5 4 0 7 4 1 0 8 4 6
split_gain=390.671 229.284 118.734 124.495 84.7048 64.3274 34.5338 48.8755 30.2786 17.9089 8.57447 6.05145 3.75467 1.99337 1.26283
threshold=1.0000000180025095e-35 1.0000000180025095e-35 1.0000000180025095e-35 1.0000000180025095e-35 1.0000000180025095e-35 1.0000000180025095e-35 1.0000000180025095e-35 1.0000000180025095e-35 1.0000000180025095e-35 1.0000000180025095e-35 2.5000000000000004 1.0000000180025095e-35 1.0000000180025095e-35 1.0000000180025095e-35 1.0000000180025095e-35
decision_type=2 2 2 2 2 2 2 2 2 2 2 2 2 2 2
left_child=1 2 3 -1 8 6 7 -2 -3 -6 -4 -8 13 -7 -14
right_child=5 4 10 -5 9 12 11 -9 -10 -11 -12 -13 14 -15 -16
leaf_value=-0.0038161622868144404 -0.00078199319969918929 0.0012709345484650774 0.002731538048456232 -0.0011022373338516066 -0.0023066451724062633 0.0058815110757477265 0.0080366650378345793 0.0030069962937853702 0.0035664621521374678 0.0050470069493957007 -0.0025769317606914488 0.0047891516989442247 0.0014216752096093072 0.0072365805719438441 0.0046047361238838467
leaf_weight=2625.6534290611744 470.29873915016651 1130.1196110695601 595.95449063181877 4744.5994544029236 539.14786386489868 539.96818453073502 88.249583601951599 1232.9808682650328 1168.9670010656118 35.285413607954979 32.064777195453644 164.03377410769463 20.233783602714539 135.87581890821457 32.457591503858566
leaf_count=11184 2016 4672 2435 19632 2266 2994 404 5363 4928 147 131 756 90 751 153
internal_value=0 -0.000842962 -0.00171341 -0.00206907 0.00157989 0.00341714 0.00247224 0.0019608 0.00243809 -0.00185494 0.0024605 0.00592514 0.00595349 0.00615394 0.00338242
internal_weight=0 10871.8 7998.27 7370.25 2873.52 2684.1 1955.56 1703.28 2299.09 574.433 628.019 252.283 728.535 675.844 52.6914
internal_count=57922 45395 33382 30816 12013 12527 8539 7379 9600 2413 2566 1160 3988 3745 243
is_linear=0
shrinkage=0.01


Tree=122
num_leaves=16
num_cat=0
split_feature=2 5 1 7 5 7 3 3 6 0 1 7 0 1 1
split_gain=383.35 225.146 125.903 143.347 63.5009 34.4898 28.2639 11.6015 9.11094 7.32669 5.94642 3.7566 3.15425 2.18871 1.88745
threshold=1.0000000180025095e-35 1.0000000180025095e-35 2.5000000000000004 1.0000000180025095e-35 1.0000000180025095e-35 1.0000000180025095e-35 1.0000000180025095e-35 1.0000000180025095e-35 1.0000000180025095e-35 1.0000000180025095e-35 2.5000000000000004 1.0000000180025095e-35 1.0000000180025095e-35 1.5000000000000002 1.5000000000000002
decision_type=2 2 2 2 2 2 2 2 2 2 2 2 2 2 2
left_child=1 2 3 -1 5 6 -2 -4 -7 14 -11 13 -13 -6 -3
right_child=4 9 7 -5 11 8 -8 -9 -10 10 -12 12 -14 -15 -16
leaf_value=-0.0021971940891752574 0.00050886416202810538 0.0048800911832257909 -0.0066290107769009371 0.00041832379264737353 0.0042842219349765306 0.0036487406847432176 0.0039231014869499032 0.00056979065952134588 0.0065444251116020726 0.0023680808227429357 -0.0031026722856740351 0.0081523228862333437 0.0060660261773696038 0.0059308219515942593 0.0032947830067960636
leaf_weight=5265.9816833138466 898.31996829807758 136.52823106944561 481.04289722442627 3480.2915862649679 161.25494915246964 590.5843648314476 332.09823726117611 23.479566633701324 133.15625274181366 1293.6323273181915 20.178244352340698 94.700113713741302 308.67709684371948 161.64779165387154 166.92180094122887
leaf_count=22154 3720 616 2042 14092 836 2733 1450 96 636 5576 83 543 1760 849 736
internal_value=0 -0.000834822 -0.00143663 -0.00115643 0.00338763 0.00244929 0.00143039 -0.00629399 0.0041815 0.00260753 0.00228406 0.00591236 0.00655582 0.00510852 0.00400804
internal_weight=0 10868.1 9250.8 8746.27 2680.44 1954.16 1230.42 504.522 723.741 1617.26 1313.81 726.28 403.377 322.903 303.45
internal_count=57922 45395 38384 36246 12527 8539 5170 2138 3369 7011 5659 3988 2303 1685 1352
is_linear=0
shrinkage=0.01


Tree=123
num_leaves=16
num_cat=0
split_feature=2 6 4 0 8 5 8 7 1 4 0 1 7 0 1
split_gain=376.189 223.461 116.268 121.937 82.2472 62.6714 34.1535 29.128 22.5378 17.5211 12.7116 8.24467 3.72774 3.12774 2.16215
threshold=1.0000000180025095e-35 1.0000000180025095e-35 1.0000000180025095e-35 1.0000000180025095e-35 1.0000000180025095e-35 1.0000000180025095e-35 1.0000000180025095e-35 1.0000000180025095e-35 2.5000000000000004 1.0000000180025095e-35 1.0000000180025095e-35 2.5000000000000004 1.0000000180025095e-35 1.0000000180025095e-35 1.5000000000000002
decision_type=2 2 2 2 2 2 2 2 2 2 2 2 2 2 2
left_child=1 2 3 -1 7 6 8 -3 -2 -6 -8 -4 14 -14 -7
right_child=5 4 11 -5 9 12 10 -9 -10 -11 -12 -13 13 -15 -16
leaf_value=-0.0037690639047520697 0.0032956924273573329 0.0012670711275458645 0.0027101326786097462 -0.0010817925770368346 -0.0022673036752905149 0.004249970004414576 -0.0031695465516389009 0.0035193407031066412 -0.0047866916073038826 0.005008030674827634 0.00088459320605667317 -0.0024979254312257728 0.008107338971788473 0.0060254395884632682 0.0058885545419930943
leaf_weight=2622.1666286438704 1505.5088829249144 1129.6895523369312 595.8061376363039 4742.4414861798286 538.65498474240303 160.93064191937447 103.21188010275364 1167.7796922028065 35.310221374034882 35.269522711634636 308.53532555699348 32.030472785234451 94.275445729494095 307.65387523174286 161.18234795331955
leaf_count=11184 6689 4672 2435 19632 2266 836 418 4928 149 147 1283 131 543 1760 849
internal_value=0 -0.000826798 -0.00168644 -0.00203859 0.00156598 0.00335859 0.00242679 0.00241188 0.00311047 -0.00182021 -0.00013165 0.00244443 0.00587142 0.00651376 0.0050699
internal_weight=0 10863.8 7992.44 7364.61 2871.39 2676.61 1952.57 2297.47 1540.82 573.925 411.747 627.837 724.042 401.929 322.113
internal_count=57922 45395 33382 30816 12013 12527 8539 9600 6838 2413 1701 2566 3988 2303 1685
is_linear=0
shrinkage=0.01


Tree=124
num_leaves=16
num_cat=0
split_feature=2 6 1 7 8 5 4 0 7 4 0 4 8 4 6
split_gain=369.143 219.091 115.114 135.73 80.635 61.8573 34.0778 47.6902 28.5929 17.1768 5.99423 5.40487 3.72643 1.98709 1.25055
threshold=1.0000000180025095e-35 1.0000000180025095e-35 2.5000000000000004 1.0000000180025095e-35 1.0000000180025095e-35 1.0000000180025095e-35 1.0000000180025095e-35 1.0000000180025095e-35 1.0000000180025095e-35 1.0000000180025095e-35 1.0000000180025095e-35 1.0000000180025095e-35 1.0000000180025095e-35 1.0000000180025095e-35 1.0000000180025095e-35
decision_type=2 2 2 2 2 2 2 2 2 2 2 2 2 2 2
left_child=1 2 3 -1 8 6 7 -2 -3 -6 -8 -4 13 -7 -14
right_child=5 4 11 -5 9 12 10 -9 -10 -11 -12 -13 14 -15 -16
leaf_value=-0.002565174048251483 -0.00081414231109454814 0.0012543913001837202 -0.0067277931525986535 0.00014088905136924539 -0.0022455943742400448 0.0057585741406757721 0.0079480876032552543 0.0029313511046990034 0.0034861934561579971 0.0049580756983572402 0.0047091967617898722 -0.0024736671705659951 0.001309191602657866 0.0071182829090324952 0.0044839548228674028
leaf_weight=4190.3243793100119 469.78372298181057 1129.697802990675 443.55705687403679 3323.7247545868158 538.42492972314358 534.88171952962875 87.852920293807983 1230.0177723765373 1167.0976621210575 35.268634468317032 163.44694919884205 32.021186113357544 20.157397150993347 134.50775429606438 32.270806208252907
leaf_count=17763 2016 4672 1892 13596 2266 2994 404 5363 4928 147 756 131 90 751 153
internal_value=0 -0.000818814 -0.00167017 -0.00136819 0.00155081 0.00332963 0.00240434 0.00189619 0.00238846 -0.00180274 0.00584149 -0.00644136 0.00583071 0.0060318 0.00326333
internal_weight=0 10860.1 7989.63 7514.05 2870.49 2672.92 1951.1 1699.8 2296.8 573.694 251.3 475.578 721.818 669.389 52.4282
internal_count=57922 45395 33382 31359 12013 12527 8539 7379 9600 2413 1160 2023 3988 3745 243
is_linear=0
shrinkage=0.01


Tree=125
num_leaves=16
num_cat=0
split_feature=2 5 3 8 5 7 7 4 3 0 1 7 0 1 1
split_gain=362.221 215.767 123.518 112.114 61.0565 41.2558 33.8035 27.7849 9.03787 7.26245 5.79024 3.70881 3.10918 2.14336 1.84911
threshold=1.0000000180025095e-35 1.0000000180025095e-35 1.0000000180025095e-35 1.0000000180025095e-35 1.0000000180025095e-35 1.0000000180025095e-35 1.0000000180025095e-35 1.0000000180025095e-35 1.0000000180025095e-35 1.0000000180025095e-35 2.5000000000000004 1.0000000180025095e-35 1.0000000180025095e-35 1.5000000000000002 1.5000000000000002
decision_type=2 2 2 2 2 2 2 2 2 2 2 2 2 2 2
left_child=1 2 3 -1 6 -4 7 -2 -8 14 -11 13 -13 -6 -3
right_child=4 9 5 -5 11 -7 8 -9 -10 10 -12 12 -14 -15 -16
leaf_value=-0.0013074964569567778 0.00079056293710288842 0.0048218723198426572 0.00035619221133293441 -0.004353268621082174 0.0041708791007589166 0.0043411086962813102 0.0036648645325990437 0.005254213612995948 0.0069761865333000089 0.0023224864529658297 -0.0030751645836946729 0.0080288631693918242 0.0059452610316305136 0.0058066000291712603 0.0032511057078931285
leaf_weight=6362.5837189406157 1068.2432201355696 136.18818332254887 1040.7389022856951 1491.9477887153625 160.165592700243 346.2373840212822 626.16162571310997 160.39169344305992 94.920854300260544 1291.8021371662617 20.184608399868011 93.53413125872612 305.63480168581009 160.26724886894226 166.65520904958248
leaf_count=26328 4462 616 4222 6441 836 1393 2914 708 455 5576 83 543 1760 849 736
internal_value=0 -0.000810912 -0.00140022 -0.00188603 0.00330081 0.00135097 0.002382 0.00137327 0.00410076 0.00256164 0.00223944 0.00579027 0.0064335 0.004989 0.00395748
internal_weight=0 10856.3 9241.51 7854.53 2669.32 1386.98 1949.72 1228.63 721.082 1614.83 1311.99 719.602 399.169 320.433 302.843
internal_count=57922 45395 38384 32769 12527 5615 8539 5170 3369 7011 5659 3988 2303 1685 1352
is_linear=0
shrinkage=0.01


Tree=126
num_leaves=16
num_cat=0
split_feature=2 6 4 0 8 5 8 7 1 4 3 1 8 4 1
split_gain=355.445 212.769 113.717 119.255 78.0223 60.255 33.2887 27.7863 22.0885 16.8169 12.5302 8.03678 3.69236 1.974 1.23874
threshold=1.0000000180025095e-35 1.0000000180025095e-35 1.0000000180025095e-35 1.0000000180025095e-35 1.0000000180025095e-35 1.0000000180025095e-35 1.0000000180025095e-35 1.0000000180025095e-35 2.5000000000000004 1.0000000180025095e-35 1.0000000180025095e-35 2.5000000000000004 1.0000000180025095e-35 1.0000000180025095e-35 1.0000000180025095e-35
decision_type=2 2 2 2 2 2 2 2 2 2 2 2 2 2 2
left_child=1 2 3 -1 7 6 8 -3 -2 -6 -8 -4 13 -7 -14
right_child=5 4 11 -5 9 12 10 -9 -10 -11 -12 -13 14 -15 -16
leaf_value=-0.0037042383399135616 0.0032203071689478825 0.0012391393210282179 0.002705775377376431 -0.0010447477025526126 -0.0022061962946067376 0.005678039767820461 -0.001303792744553057 0.0034399439262467568 -0.0047815866152174508 0.0049237825803509537 0.0025106565754982151 -0.0024381405639595211 4.1413958398673478e-07 0.0070378688294309988 0.0039336457544906743
leaf_weight=2617.3424727916718 1501.4109788089991 1129.3861826211214 595.62241716682911 4738.8470699340105 537.85269442200661 531.55835753679276 288.74399960041046 1165.9015115648508 35.308225020766258 35.248197048902512 122.71935896575451 32.005566939711571 9.8717503547668439 133.57918456196785 42.394242748618126
leaf_count=11184 6689 4672 2435 19632 2266 2994 1168 4928 149 147 533 131 44 751 199
internal_value=0 -0.000803111 -0.00164239 -0.001991 0.00153293 0.00327242 0.00236006 0.00235705 0.00303645 -0.00176767 -0.000166129 0.00244346 0.00575003 0.00595113 0.00319076
internal_weight=0 10852.2 7983.82 7356.19 2868.39 2665.59 1948.18 2295.29 1536.72 573.101 411.463 627.628 717.404 665.138 52.266
internal_count=57922 45395 33382 30816 12013 12527 8539 9600 6838 2413 1701 2566 3988 3745 243
is_linear=0
shrinkage=0.01


Tree=127
num_leaves=16
num_cat=0
split_feature=2 5 1 7 5 4 0 3 0 0 1 7 0 1 1
split_gain=348.787 209.169 120.469 136.235 59.4655 33.1536 46.7906 11.1765 7.19373 5.91994 5.67566 3.68924 3.09071 2.11856 1.81308
threshold=1.0000000180025095e-35 1.0000000180025095e-35 2.5000000000000004 1.0000000180025095e-35 1.0000000180025095e-35 1.0000000180025095e-35 1.0000000180025095e-35 1.0000000180025095e-35 1.0000000180025095e-35 1.0000000180025095e-35 2.5000000000000004 1.0000000180025095e-35 1.0000000180025095e-35 1.5000000000000002 1.5000000000000002
decision_type=2 2 2 2 2 2 2 2 2 2 2 2 2 2 2
left_child=1 2 3 -1 5 6 -2 -4 14 -7 -10 13 -13 -6 -3
right_child=4 8 7 -5 11 9 -8 -9 10 -11 -12 12 -14 -15 -16
leaf_value=-0.0021179355690622813 -0.00084849714558227912 0.0047745096388575152 -0.0064684989539847181 0.00043336939708493055 0.0040940362489396776 0.0078364709306315145 0.0028640700656899511 0.00060045223268905565 0.0022887398565431755 0.0046096866321915708 -0.0030545665870451602 0.0079512055552121621 0.0058659301068810909 0.0057244908119005187 0.0032178377386741482
leaf_weight=5254.8592802733183 469.28255774080753 135.91524219512939 478.76856815814972 3478.3771338611841 159.41904979944229 87.384877994656563 1227.2966990023851 23.462518557906151 1290.4819353073835 162.74385178089142 20.190104946494102 92.800482004880905 303.6410921216011 159.35459119081497 166.45327487587929
leaf_count=22154 2016 616 2042 14092 836 404 5363 96 5576 756 83 543 1760 849 736
internal_value=0 -0.000795354 -0.00137566 -0.00110177 0.00324418 0.00233824 0.00183715 -0.00613826 0.00252719 0.00573699 0.00220643 0.00571004 0.00635406 0.0049091 0.00391756
internal_weight=0 10848.5 9235.47 8733.24 2661.92 1946.71 1696.58 502.231 1613.04 250.129 1310.67 715.215 396.442 318.774 302.369
internal_count=57922 45395 38384 36246 12527 8539 7379 2138 7011 1160 5659 3988 2303 1685 1352
is_linear=0
shrinkage=0.01


Tree=128
num_leaves=16
num_cat=0
split_feature=2 6 4 0 8 5 7 3 7 4 6 1 7 0 1
split_gain=342.243 207.368 111.357 116.807 75.7528 58.6888 33.1265 27.5036 26.7237 16.453 8.98563 7.72605 3.65977 3.06469 2.0926
threshold=1.0000000180025095e-35 1.0000000180025095e-35 1.0000000180025095e-35 1.0000000180025095e-35 1.0000000180025095e-35 1.0000000180025095e-35 1.0000000180025095e-35 1.0000000180025095e-35 1.0000000180025095e-35 1.0000000180025095e-35 1.0000000180025095e-35 2.5000000000000004 1.0000000180025095e-35 1.0000000180025095e-35 1.5000000000000002
decision_type=2 2 2 2 2 2 2 2 2 2 2 2 2 2 2
left_child=1 2 3 -1 8 6 7 -2 -3 -6 -8 -4 14 -14 -7
right_child=5 4 11 -5 9 12 10 -9 -10 -11 -12 -13 13 -15 -16
leaf_value=-0.0036586777069697396 0.00040867319527998231 0.0012352579806624651 0.0026843023318259551 -0.0010253017055479306 -0.0021684128012791864 0.004061088780077147 0.0034913395886558059 0.0037834792544514731 0.0033943154200063042 0.0048857308082280552 0.0063797191664768287 -0.0023618446165198127 0.0079072406237897155 0.0058263957724490178 0.0056834738586236137
leaf_weight=2613.8911775946617 896.33971630036831 1128.9658398330212 595.47523048520088 4736.7363311499357 537.36879922449589 159.10686050355434 586.53415697813034 330.53732348978519 1164.7209365069866 35.23194208741188 131.93312840163708 31.970559418201447 92.385384052991867 302.64938932657242 158.90186382830143
leaf_count=11184 3720 4672 2435 19632 2266 836 2733 1450 4928 147 636 131 543 1760 849
internal_value=0 -0.000787705 -0.00161656 -0.00196173 0.00151935 0.00321605 0.00231649 0.00131789 0.00233161 -0.00173437 0.00402174 0.00242718 0.00567024 0.00631304 0.00487176
internal_weight=0 10844.4 7978.07 7350.63 2866.29 2658.39 1945.34 1226.88 2293.69 572.601 718.467 627.446 713.043 395.035 318.009
internal_count=57922 45395 33382 30816 12013 12527 8539 5170 9600 2413 3369 2566 3988 2303 1685
is_linear=0
shrinkage=0.01


Tree=129
num_leaves=16
num_cat=0
split_feature=2 6 1 7 8 5 4 0 7 4 0 4 8 4 6
split_gain=335.838 203.311 110.119 129.845 74.2678 57.9111 32.6931 45.8403 26.233 16.1297 5.84793 5.32076 3.66159 1.96776 1.2474
threshold=1.0000000180025095e-35 1.0000000180025095e-35 2.5000000000000004 1.0000000180025095e-35 1.0000000180025095e-35 1.0000000180025095e-35 1.0000000180025095e-35 1.0000000180025095e-35 1.0000000180025095e-35 1.0000000180025095e-35 1.0000000180025095e-35 1.0000000180025095e-35 1.0000000180025095e-35 1.0000000180025095e-35 1.0000000180025095e-35
decision_type=2 2 2 2 2 2 2 2 2 2 2 2 2 2 2
left_child=1 2 3 -1 8 6 7 -2 -3 -6 -8 -4 13 -7 -14
right_child=5 4 11 -5 9 12 10 -9 -10 -11 -12 -13 14 -15 -16
leaf_value=-0.0024785085941837854 -0.00086083080466023702 0.0012228987581089773 -0.0065641854294350944 0.0001701144285606174 -0.0021476321217338661 0.0055584566762294941 0.0077662598034507193 0.0028152743750801505 0.003362343658131697 0.004837119684268326 0.0045540088853967811 -0.002338908175608694 0.0011191219139868062 0.0069228553472564349 0.0043016985266269951
leaf_weight=4180.3564137965441 469.06547449529171 1128.9720237702131 441.3894232660532 3321.584153547883 537.14379368722439 526.62580049037933 87.073369041085243 1225.3293966203928 1164.0414848476648 35.23015484213829 162.33129706978798 31.961284503340721 20.026350125670433 132.24847660958767 31.984399363398552
leaf_count=17763 2016 4672 1892 13596 2266 2994 404 5363 4928 147 756 131 90 751 153
internal_value=0 -0.000780096 -0.00160096 -0.0013058 0.00150463 0.00318837 0.00229517 0.0017976 0.00230898 -0.00171771 0.00567549 -0.00627889 0.00563068 0.00583232 0.00307627
internal_weight=0 10840.7 7975.29 7501.94 2865.39 2654.68 1943.8 1694.39 2293.01 572.374 249.405 473.351 710.885 658.874 52.0107
internal_count=57922 45395 33382 31359 12013 12527 8539 7379 9600 2413 1160 2023 3988 3745 243
is_linear=0
shrinkage=0.01


Tree=130
num_leaves=16
num_cat=0
split_feature=5 2 3 8 2 7 7 3 3 0 1 7 0 1 1
split_gain=329.931 209.654 119.056 107.684 47.5633 38.7957 32.6465 26.9554 8.87531 7.13014 5.52634 3.63922 3.04648 2.07414 1.77629
threshold=1.0000000180025095e-35 1.0000000180025095e-35 1.0000000180025095e-35 1.0000000180025095e-35 1.0000000180025095e-35 1.0000000180025095e-35 1.0000000180025095e-35 1.0000000180025095e-35 1.0000000180025095e-35 1.0000000180025095e-35 2.5000000000000004 1.0000000180025095e-35 1.0000000180025095e-35 1.5000000000000002 1.5000000000000002
decision_type=2 2 2 2 2 2 2 2 2 2 2 2 2 2 2
left_child=1 2 3 -1 9 -4 7 -3 -8 14 -11 13 -13 -6 -2
right_child=4 6 5 -5 11 -7 8 -9 -10 10 -12 12 -14 -15 -16
leaf_value=-0.0012515810822549404 0.0047177582089070391 0.00038257562732866955 0.00039562791983563991 -0.0042413069119627399 0.0039845889548965193 0.0042606894219756834 0.0035365061450818871 0.0037262042406648811 0.0068311354618687615 0.0022445212803657716 -0.0030273448472229528 0.0078307851243870213 0.0057483113942186958 0.0056039576452035205 0.0031753592444327973
leaf_weight=6353.4949720054865 135.5783713310957 895.84043264389038 1040.0663025677204 1486.6153466403484 158.366250410676 346.12479791045189 622.58628438413143 329.8948525339365 94.127573892474174 1288.6767979264259 20.195863947272301 91.663622751832008 300.69381392002106 158.01221098005772 166.18880634009838
leaf_count=26328 616 3720 4222 6441 836 1393 2914 1450 455 5576 83 543 1760 849 736
internal_value=0 -0.000712178 -0.00134083 -0.00181848 0.00343259 0.00136071 0.00227381 0.00128248 0.0039692 0.00248265 0.00216318 0.00559136 0.00623482 0.00479337 0.00386833
internal_weight=0 11168.8 9226.3 7840.11 2319.38 1386.19 1942.45 1225.74 716.714 1610.64 1308.87 708.736 392.357 316.378 301.767
internal_count=57922 46923 38384 32769 10999 5615 8539 5170 3369 7011 5659 3988 2303 1685 1352
is_linear=0
shrinkage=0.01


Tree=131
num_leaves=16
num_cat=0
split_feature=5 2 3 7 2 7 8 1 3 0 1 8 4 1 6
split_gain=323.773 205.591 116.731 106.013 46.9642 38.0224 32.3315 21.5847 11.801 7.0099 5.41869 3.62595 1.95469 1.74879 1.23075
threshold=1.0000000180025095e-35 1.0000000180025095e-35 1.0000000180025095e-35 1.0000000180025095e-35 1.0000000180025095e-35 1.0000000180025095e-35 1.0000000180025095e-35 2.5000000000000004 1.0000000180025095e-35 1.0000000180025095e-35 2.5000000000000004 1.0000000180025095e-35 1.0000000180025095e-35 1.5000000000000002 1.0000000180025095e-35
decision_type=2 2 2 2 2 2 2 2 2 2 2 2 2 2 2
left_child=1 2 3 -1 9 -4 7 -3 -8 13 -11 12 -6 -2 -13
right_child=4 6 5 -5 11 -7 8 -9 -10 10 -12 14 -14 -15 -16
leaf_value=-0.0028187407429038909 0.0046781101715415371 0.0031040369722735443 0.00039165461049913401 -0.000471890473619314 0.005480118525295407 0.0042179293719236495 -0.0013409468082291654 -0.004809734881612647 0.0023668880732666772 0.0022234327206757938 -0.0029956279390561096 0.0010613729130845516 0.0068445493003841023 0.003146687243461344 0.0042268281988026629
leaf_weight=4438.4185086488724 135.36124595999718 1494.8674917072058 1040.1109262406826 3398.7254687696695 523.40584647655487 346.13729912042618 288.60051426291466 35.278453484177589 122.17619459331036 1287.8945431262255 20.205546364188194 19.986288875341415 131.34490022063255 166.0268602669239 31.867125242948532
leaf_count=18936 616 6689 4222 13833 2994 1393 1168 149 533 5576 83 90 751 736 153
internal_value=0 -0.000705337 -0.00132784 -0.00180098 0.00340311 0.00134705 0.00225286 0.00292158 -0.000238136 0.00245959 0.00214282 0.00555224 0.00575383 0.00383449 0.00300674
internal_weight=0 11164.3 9223.39 7837.14 2316.09 1386.25 1940.92 1530.15 410.777 1609.49 1308.1 706.604 654.751 301.388 51.8534
internal_count=57922 46923 38384 32769 10999 5615 8539 6838 1701 7011 5659 3988 3745 1352 243
is_linear=0
shrinkage=0.01


Tree=132
num_leaves=16
num_cat=0
split_feature=5 2 1 7 2 4 0 3 0 0 1 7 0 1 4
split_gain=317.729 201.605 115.771 127.587 46.3716 32.2501 44.8615 10.6971 6.89163 5.77876 5.31314 3.61798 3.02831 2.05569 1.7506
threshold=1.0000000180025095e-35 1.0000000180025095e-35 2.5000000000000004 1.0000000180025095e-35 1.0000000180025095e-35 1.0000000180025095e-35 1.0000000180025095e-35 1.0000000180025095e-35 1.0000000180025095e-35 1.0000000180025095e-35 2.5000000000000004 1.0000000180025095e-35 1.0000000180025095e-35 1.5000000000000002 1.0000000180025095e-35
decision_type=2 2 2 2 2 2 2 2 2 2 2 2 2 2 2
left_child=1 2 3 -1 8 6 -3 -4 14 -7 -10 13 -13 -6 -2
right_child=4 5 7 -5 11 9 -8 -9 10 -11 -12 12 -14 -15 -16
leaf_value=-0.0020317460532498265 0.0034095099100809379 -0.00089307767385484306 -0.0063188170953804839 0.00043861860302587548 0.0039091171712930476 0.0076797074026507062 0.002746123086977267 0.00059817279781801804 0.0022025344072422203 0.0044798303201533766 -0.0029642712035205581 0.0077550930149297296 0.0056710438777634563 0.0055253847434851931 0.0052867380032111978
leaf_weight=5243.0072051137686 238.2474562227726 468.57453751564026 476.59850795567036 3477.1966994851828 157.63560844957829 86.678434118628502 1222.4689125418663 23.458374544978142 1287.1171538233757 161.76505853235722 20.215043187141418 90.949727788567543 298.76371175050735 157.13285511732101 62.763327717781067
leaf_count=22154 1055 2016 2042 14092 836 404 5363 96 5576 756 83 543 1760 849 297
internal_value=0 -0.000698571 -0.00131502 -0.00104668 0.00337387 0.00223199 0.00173773 -0.00599433 0.00243674 0.00559622 0.00212264 0.00551336 0.00615741 0.00471596 0.00380093
internal_weight=0 11159.7 9220.26 8720.2 2312.82 1939.49 1691.04 500.057 1608.34 248.443 1307.33 704.482 389.713 314.768 301.011
internal_count=57922 46923 38384 36246 10999 8539 7379 2138 7011 1160 5659 3988 2303 1685 1352
is_linear=0
shrinkage=0.01


Tree=133
num_leaves=16
num_cat=0
split_feature=5 2 0 8 4 2 7 3 6 0 1 8 4 4 1
split_gain=311.795 197.689 114.63 94.6053 80.6108 45.7838 31.9838 26.2407 8.85024 6.77564 5.20963 3.58983 1.94167 1.72622 1.21441
threshold=1.0000000180025095e-35 1.0000000180025095e-35 1.0000000180025095e-35 1.0000000180025095e-35 1.0000000180025095e-35 1.0000000180025095e-35 1.0000000180025095e-35 1.0000000180025095e-35 1.0000000180025095e-35 1.0000000180025095e-35 2.5000000000000004 1.0000000180025095e-35 1.0000000180025095e-35 1.0000000180025095e-35 1.0000000180025095e-35
decision_type=2 2 2 2 2 2 2 2 2 2 2 2 2 2 2
left_child=1 2 4 -4 -1 9 7 -3 -8 13 -11 12 -7 -2 -13
right_child=5 6 3 -5 -6 11 8 -9 -10 10 -12 14 -14 -15 -16
leaf_value=-0.0032638802159393517 0.0033789690374491886 0.00034224524451709567 0.00014973677441431005 -0.0029173424966585215 0.0032257332410928806 0.0054026360036974457 0.0033655727444256728 0.0036450106013808038 0.0062427707352387674 0.0021818251395226353 -0.0029332703237963747 -0.00023114941469071427 0.0067670617725280836 0.0052448218920972635 0.0036795183176695045
leaf_weight=2960.6198283731937 237.99810981750488 895.01223962008953 4778.2878633588552 1273.7890862226486 204.63579371571541 520.22738659381866 583.26186819374561 328.98036560416222 130.90331876277924 1286.3446468412876 20.224358066916466 9.7976037263870221 130.45154069364071 62.632933720946312 41.900461778044701
leaf_count=12640 1055 3720 19513 5410 821 2994 2733 1450 636 5576 83 44 751 297 199
internal_value=0 -0.000691851 -0.00130229 -0.000495796 -0.00284432 0.00334487 0.0022112 0.00122995 0.00389295 0.0024141 0.00210265 0.00547467 0.00567618 0.0037677 0.00293838
internal_weight=0 11155.5 9217.33 6052.08 3165.26 2309.58 1938.16 1223.99 714.165 1607.2 1306.57 702.377 650.679 300.631 51.6981
internal_count=57922 46923 38384 24923 13461 10999 8539 5170 3369 7011 5659 3988 3745 1352 243
is_linear=0
shrinkage=0.01


Tree=134
num_leaves=16
num_cat=0
split_feature=5 2 3 8 2 7 4 0 0 0 1 7 0 1 1
split_gain=305.972 193.86 114.337 103.087 45.2022 36.6148 31.799 43.9476 6.66153 5.70871 5.10814 3.59615 3.01014 2.03132 1.72332
threshold=1.0000000180025095e-35 1.0000000180025095e-35 1.0000000180025095e-35 1.0000000180025095e-35 1.0000000180025095e-35 1.0000000180025095e-35 1.0000000180025095e-35 1.0000000180025095e-35 1.0000000180025095e-35 1.0000000180025095e-35 2.5000000000000004 1.0000000180025095e-35 1.0000000180025095e-35 1.5000000000000002 1.5000000000000002
decision_type=2 2 2 2 2 2 2 2 2 2 2 2 2 2 2
left_child=1 2 3 -1 8 -4 7 -3 14 -8 -10 13 -13 -6 -2
right_child=4 6 5 -5 11 -7 9 -9 10 -11 -12 12 -14 -15 -16
leaf_value=-0.0012039624916528485 0.004574187156449647 -0.00090397339874860746 0.00041999845537630631 -0.0041335072650422397 0.0038358600446085651 0.0041750088846819189 0.0076114718992846622 0.0026993149158914703 0.002161303097591731 0.0044259655613563681 -0.0029026192272811153 0.0076801430470130111 0.0055945816193003093 0.0054465917939229089 0.003051009215311408
leaf_weight=6346.8100027292967 134.77901005744934 468.37232296168804 1039.7312405705452 1481.562605291605 156.92371508479118 346.12355734407902 86.369857177138329 1220.5491448491812 1285.5770427882671 161.36174964904785 20.233494713902473 90.243758216500282 296.85909980535507 156.25611092150211 165.47413812577724
leaf_count=26328 616 2016 4222 6441 836 1393 404 5363 5576 756 83 543 1760 849 736
internal_value=0 -0.000685218 -0.0012897 -0.00175839 0.00331609 0.00135783 0.00219081 0.00170005 0.00239166 0.00553657 0.00208284 0.00543622 0.00608078 0.00463951 0.00373474
internal_weight=0 11150.9 9214.23 7828.37 2306.35 1385.85 1936.65 1688.92 1606.06 247.732 1305.81 700.283 387.103 313.18 300.253
internal_count=57922 46923 38384 32769 10999 5615 8539 7379 7011 1160 5659 3988 2303 1685 1352
is_linear=0
shrinkage=0.01


Tree=135
num_leaves=16
num_cat=0
split_feature=5 2 1 7 2 8 1 0 3 4 8 7 0 7 1
split_gain=300.253 190.093 113.482 123.609 44.626 31.5829 21.0973 11.3665 10.4097 6.55198 7.84829 3.56585 2.98459 2.23089 2.00604
threshold=1.0000000180025095e-35 1.0000000180025095e-35 2.5000000000000004 1.0000000180025095e-35 1.0000000180025095e-35 1.0000000180025095e-35 2.5000000000000004 1.0000000180025095e-35 1.0000000180025095e-35 1.0000000180025095e-35 1.0000000180025095e-35 1.0000000180025095e-35 1.0000000180025095e-35 1.0000000180025095e-35 1.5000000000000002
decision_type=2 2 2 2 2 2 2 2 2 2 2 2 2 2 2
left_child=1 2 3 -1 9 6 -3 -7 -4 10 -2 14 -13 -11 -6
right_child=4 5 8 -5 11 7 -8 -9 -10 13 -12 12 -14 -15 -16
leaf_value=-0.0019821439080105869 0.002298548700873408 0.0030139094048225071 -0.0062368123488321884 0.00045022182010199044 0.0038046903235570925 -0.0031650903715555725 -0.0048113440931199332 0.00067190302233601385 0.00058670515187619291 0.0030077657046911877 -0.0010899001210344049 0.0076374717973911556 0.00555645631358242 0.0050870660752194161 0.0054072352255069168
leaf_weight=5236.1944768577814 1326.4281444996595 1489.8216762840748 475.37404917180538 3476.3329538106918 156.62869040668011 103.13013343513012 35.268928438425064 307.11680328845978 23.460731282830238 104.71024505794048 72.06947848200798 89.842500194907188 295.91178792715073 101.73022139072418 155.82167465984821
leaf_count=22154 5783 6689 2042 14092 836 418 149 1283 96 469 293 543 1760 466 849
internal_value=0 -0.000678622 -0.00127721 -0.00101162 0.00328753 0.00217039 0.00283294 -0.000292662 -0.0059159 0.00236941 0.00212393 0.00539796 0.00604113 0.00403241 0.00460389
internal_weight=0 11146.7 9211.36 8712.53 2303.14 1935.34 1525.09 410.247 498.835 1604.94 1398.5 698.205 385.754 206.44 312.45
internal_count=57922 46923 38384 36246 10999 8539 6838 1701 2138 7011 6076 3988 2303 935 1685
is_linear=0
shrinkage=0.01


Tree=136
num_leaves=16
num_cat=0
split_feature=5 2 3 8 2 7 7 4 6 0 1 8 4 1 6
split_gain=294.643 186.403 112.202 100.565 44.0542 35.4198 31.332 25.8114 8.73548 6.54339 5.01002 3.55559 1.93537 1.69685 1.22681
threshold=1.0000000180025095e-35 1.0000000180025095e-35 1.0000000180025095e-35 1.0000000180025095e-35 1.0000000180025095e-35 1.0000000180025095e-35 1.0000000180025095e-35 1.0000000180025095e-35 1.0000000180025095e-35 1.0000000180025095e-35 2.5000000000000004 1.0000000180025095e-35 1.0000000180025095e-35 1.5000000000000002 1.0000000180025095e-35
decision_type=2 2 2 2 2 2 2 2 2 2 2 2 2 2 2
left_child=1 2 3 -1 9 -4 7 -3 -8 13 -11 12 -6 -2 -13
right_child=4 6 5 -5 11 -7 8 -9 -10 10 -12 14 -14 -15 -16
leaf_value=-0.0011819709497034728 0.0045142181166117745 0.00061803218540754058 0.00043535792176793974 -0.0040776645708805685 0.0052875430730038022 0.0041286347705779816 0.0032938926032174604 0.0049433176125008808 0.0061588865202463899 0.0021190537381892659 -0.0028958505022174288 0.00088266958903478448 0.006656369772388363 0.003001119300977574 0.0040544702022635342
leaf_weight=6343.8486026525497 134.43625140190125 1063.7783034294844 1039.5565272718668 1478.935075044632 515.5125415623188 346.13044673204422 581.38464480638504 158.52998496592045 130.27025382220745 1283.9446807801723 20.235116183757782 19.86066760122776 129.17440403997898 165.18076521158218 31.592459633946419
leaf_count=26328 616 4462 4222 6441 2994 1393 2733 708 636 5576 83 90 751 736 153
internal_value=0 -0.000672095 -0.00126484 -0.00172942 0.00325922 0.0013579 0.00215022 0.00117901 0.00381834 0.0023474 0.00204124 0.00535991 0.00556181 0.00368004 0.00283017
internal_weight=0 11142.4 9208.47 7822.78 2299.94 1385.69 1933.96 1222.31 711.655 1603.8 1304.18 696.14 644.687 299.617 51.4531
internal_count=57922 46923 38384 32769 10999 5615 8539 5170 3369 7011 5659 3988 3745 1352 243
is_linear=0
shrinkage=0.01


Tree=137
num_leaves=16
num_cat=0
split_feature=5 2 0 8 4 2 4 0 4 8 0 7 0 7 1
split_gain=289.133 182.787 111.714 89.6811 79.0515 43.4898 30.9344 42.9763 6.43287 7.70614 5.65289 3.54314 2.96657 2.1985 1.98785
threshold=1.0000000180025095e-35 1.0000000180025095e-35 1.0000000180025095e-35 1.0000000180025095e-35 1.0000000180025095e-35 1.0000000180025095e-35 1.0000000180025095e-35 1.0000000180025095e-35 1.0000000180025095e-35 1.0000000180025095e-35 1.0000000180025095e-35 1.0000000180025095e-35 1.0000000180025095e-35 1.0000000180025095e-35 1.5000000000000002
decision_type=2 2 2 2 2 2 2 2 2 2 2 2 2 2 2
left_child=1 2 4 -4 -1 8 7 -3 9 -2 -8 14 -13 -10 -7
right_child=5 6 3 -5 -6 11 10 -9 13 -11 -12 12 -14 -15 -16
leaf_value=-0.0031929111835481533 0.0022554989592111076 -0.00092942665858641415 0.00017174313243435799 -0.0028178293293079351 0.0032345481985810993 0.0037317068378201397 0.0075089882403372955 0.0026360719432966845 0.0029574719841882124 -0.001102513155882612 0.0043313342852232053 0.0075636169007392449 0.0054811815237372956 0.0050240075353614553 0.0053309678917723858
leaf_weight=2954.4886448681355 1324.6604995280504 467.93379573523998 4776.2482248842716 1270.2885296046734 204.6025976985693 155.92267750203609 85.915923818945885 1217.9754260331392 104.51680105924606 72.057013913989067 160.68801127374172 89.148771956562996 294.04542618989944 101.45032320916653 154.9684926122427
leaf_count=12640 5783 2016 19513 5410 821 836 404 5363 469 293 756 543 1760 466 849
internal_value=0 -0.000665631 -0.00125258 -0.000456322 -0.00277663 0.00323111 0.00213033 0.00164645 0.00232555 0.00208226 0.00543842 0.0053221 0.00596565 0.00397536 0.00452888
internal_weight=0 11138.1 9205.63 6046.54 3159.09 2296.77 1932.51 1685.91 1602.68 1396.72 246.604 694.085 383.194 205.967 310.891
internal_count=57922 46923 38384 24923 13461 10999 8539 7379 7011 6076 1160 3988 2303 935 1685
is_linear=0
shrinkage=0.01


Tree=138
num_leaves=16
num_cat=0
split_feature=5 2 1 7 2 7 3 3 3 0 1 8 4 1 6
split_gain=283.728 179.237 111.237 119.76 42.9293 30.8715 25.6985 10.1296 8.68785 6.42706 4.91367 3.51812 1.92228 1.67073 1.21002
threshold=1.0000000180025095e-35 1.0000000180025095e-35 2.5000000000000004 1.0000000180025095e-35 1.0000000180025095e-35 1.0000000180025095e-35 1.0000000180025095e-35 1.0000000180025095e-35 1.0000000180025095e-35 1.0000000180025095e-35 2.5000000000000004 1.0000000180025095e-35 1.0000000180025095e-35 1.5000000000000002 1.0000000180025095e-35
decision_type=2 2 2 2 2 2 2 2 2 2 2 2 2 2 2
left_child=1 2 3 -1 9 6 -3 -4 -7 13 -11 12 -6 -2 -13
right_child=4 5 7 -5 11 8 -8 -9 -10 10 -12 14 -14 -15 -16
leaf_value=-0.0019338118757736766 0.0044550875253193904 0.00026783001713229676 -0.0061562602739726755 0.00046117321436081799 0.0052121531691833155 0.0033393404813815974 0.0035414526940644253 0.00057493071971286859 0.006618828467659689 0.0020775785592150658 -0.0028887086010484049 0.0008293835750981946 0.0065808448359425181 0.0029520397624543272 0.0039834091376228457
leaf_weight=5229.4743206202984 134.09641714394093 893.47275350987911 474.15173400938511 3475.4826709777117 512.43822968006134 617.02503436803818 327.77284005284309 23.46310168504715 92.947863042354584 1282.3329697400331 20.236842319369316 19.823039710521698 128.30660644173622 164.89062561094761 31.479837596416473
leaf_count=22154 616 3720 2042 14092 2994 2914 1450 96 455 5576 83 90 751 736 153
internal_value=0 -0.000659234 -0.00124047 -0.000977606 0.00320324 0.00211046 0.00114644 -0.00583888 0.00376868 0.00230392 0.00200042 0.00528448 0.00548623 0.00362616 0.00276472
internal_weight=0 11133.8 9202.57 8704.96 2293.6 1931.22 1221.25 497.615 709.973 1601.56 1302.57 692.048 640.745 298.987 51.3029
internal_count=57922 46923 38384 36246 10999 8539 5170 2138 3369 7011 5659 3988 3745 1352 243
is_linear=0
shrinkage=0.01


Tree=139
num_leaves=16
num_cat=0
split_feature=5 2 3 1 2 7 8 1 3 0 1 7 0 1 4
split_gain=278.42 175.761 109.889 98.2629 42.376 34.1066 30.5887 20.6707 11.0356 6.31804 4.8178 3.5198 2.94852 1.96965 1.65783
threshold=1.0000000180025095e-35 1.0000000180025095e-35 1.0000000180025095e-35 2.5000000000000004 1.0000000180025095e-35 1.0000000180025095e-35 1.0000000180025095e-35 2.5000000000000004 1.0000000180025095e-35 1.0000000180025095e-35 2.5000000000000004 1.0000000180025095e-35 1.0000000180025095e-35 1.5000000000000002 1.0000000180025095e-35
decision_type=2 2 2 2 2 2 2 2 2 2 2 2 2 2 2
left_child=1 2 3 -1 9 -4 7 -3 -8 14 -11 13 -13 -6 -2
right_child=4 6 5 -5 11 -7 8 -9 -10 10 -12 12 -14 -15 -16
leaf_value=-0.0014038558954743894 0.0032128556279407651 0.0029244372237969087 0.00046177413642796964 -0.0061044329850392003 0.0036597126410875891 0.0040861773842406765 -0.0013987242420508848 -0.0048234003970815884 0.0021942733185504634 0.002057999548025899 -0.0028585600354924198 0.0074904608142347187 0.0054066859628328435 0.0052555944234926044 0.0050496720643748091
leaf_weight=7341.015120357275 236.60530862212181 1484.6507998108864 1039.1931769996881 473.39934365451336 155.22667229175568 346.1100630313158 288.34967827796936 35.252175658941269 121.50416168570518 1281.5909001678228 20.245724692940712 88.463068932294846 292.2044769525528 154.12583877146244 62.016200885176659
leaf_count=30727 1055 6689 4222 2042 836 1393 1168 149 533 5576 83 543 1760 849 297
internal_value=0 -0.000652897 -0.00122845 -0.00168862 0.00317557 0.00136731 0.00209095 0.00274474 -0.000333554 0.00228246 0.00198154 0.00524709 0.00589093 0.00445481 0.00359432
internal_weight=0 11129.5 9199.72 7814.41 2290.48 1385.3 1929.76 1519.9 409.854 1600.46 1301.84 690.02 380.668 309.353 298.622
internal_count=57922 46923 38384 32769 10999 5615 8539 6838 1701 7011 5659 3988 2303 1685 1352
is_linear=0
shrinkage=0.01


Tree=140
num_leaves=16
num_cat=0
split_feature=5 2 4 0 2 4 0 1 4 8 0 7 4 7 1
split_gain=273.207 172.345 109.031 117.569 41.8274 30.5096 42.0511 7.74263 6.27913 7.57225 5.58639 3.48906 2.94585 2.16948 1.94483
threshold=1.0000000180025095e-35 1.0000000180025095e-35 1.0000000180025095e-35 1.0000000180025095e-35 1.0000000180025095e-35 1.0000000180025095e-35 1.0000000180025095e-35 2.5000000000000004 1.0000000180025095e-35 1.0000000180025095e-35 1.0000000180025095e-35 1.0000000180025095e-35 1.0000000180025095e-35 1.0000000180025095e-35 1.5000000000000002
decision_type=2 2 2 2 2 2 2 2 2 2 2 2 2 2 2
left_child=1 2 3 -1 8 6 -3 -4 9 -2 -7 14 -13 -10 -6
right_child=4 5 7 -5 11 10 -8 -9 13 -11 -12 12 -14 -15 -16
leaf_value=-0.0031360894436937084 0.0021927746205321523 -0.0009578638976071764 0.0029162925725184853 -0.00066763665415876545 0.0036297642471642987 0.0074268262569770725 0.0025713871936421467 -0.0020762831119629159 0.0028817150249170163 -0.0011368316730726933 0.00426140828327234 0.0054706422753664453 0.0078872971570430519 0.004938017594281678 0.0052173679443189699
leaf_weight=2949.6137192845345 1322.0589525997639 467.48063567280769 635.86918543279171 5579.0303958058357 154.94377300143242 85.52958570420742 1215.2288264781237 32.658073216676712 104.21851608157158 72.023931190371513 160.14468005299568 319.46273651719093 59.898227289319038 101.06058622896671 153.70464441180229
leaf_count=12640 5783 2016 2561 23049 836 404 5363 134 469 293 756 1934 369 466 849
internal_value=0 -0.000646597 -0.00121651 -0.00152135 0.00314812 0.00207153 0.00159091 0.0026724 0.00226119 0.00202075 0.00536342 0.00520988 0.00585221 0.00389405 0.00442038
internal_weight=0 11125.6 9197.17 8528.64 2287.37 1928.38 1682.71 668.527 1599.36 1394.08 245.674 688.009 379.361 205.279 308.648
internal_count=57922 46923 38384 35689 10999 8539 7379 2695 7011 6076 1160 3988 2303 935 1685
is_linear=0
shrinkage=0.01


Tree=141
num_leaves=16
num_cat=0
split_feature=5 2 3 8 2 7 7 3 6 0 1 8 4 1 6
split_gain=268.094 168.994 107.368 97.0963 41.2834 33.4357 30.2343 25.0141 8.60129 6.20562 4.725 3.48143 1.89719 1.64564 1.19691
threshold=1.0000000180025095e-35 1.0000000180025095e-35 1.0000000180025095e-35 1.0000000180025095e-35 1.0000000180025095e-35 1.0000000180025095e-35 1.0000000180025095e-35 1.0000000180025095e-35 1.0000000180025095e-35 1.0000000180025095e-35 2.5000000000000004 1.0000000180025095e-35 1.0000000180025095e-35 1.5000000000000002 1.0000000180025095e-35
decision_type=2 2 2 2 2 2 2 2 2 2 2 2 2 2 2
left_child=1 2 3 -1 9 -4 7 -3 -8 13 -11 12 -6 -2 -13
right_child=4 6 5 -5 11 -7 8 -9 -10 10 -12 14 -14 -15 -16
leaf_value=-0.0011220339968478828 0.0043661781338376815 0.0002315037389831037 0.00046446333701017002 -0.0039717676953226443 0.0051015625082096103 0.0040531646735382813 0.003175335470202077 0.0034648091225847407 0.0060285673691720665 0.0020176525012468934 -0.002851160373972979 0.00073345105053397922 0.0064680438187266435 0.0028719109959894425 0.0038769508184533698
leaf_weight=6335.4543107151985 133.58251655101776 892.68872261047363 1039.1232917010784 1473.746409997344 507.94088512659073 346.08561731874943 578.25706148147583 326.88981938362122 129.27511091530323 1280.010191321373 20.247503221035004 19.754820510745049 127.00703020393848 164.41442404687405 31.309801563620567
leaf_count=26328 616 3720 4222 6441 2994 1393 2733 1450 636 5576 83 90 751 736 153
internal_value=0 -0.000640364 -0.00120471 -0.00165983 0.0031209 0.00136108 0.00205218 0.00109814 0.00369666 0.00224014 0.00194184 0.00517287 0.0053749 0.00354174 0.00266086
internal_weight=0 11121.5 9194.41 7809.2 2284.27 1385.21 1927.11 1219.58 707.532 1598.25 1300.26 686.013 634.948 297.997 51.0646
internal_count=57922 46923 38384 32769 10999 5615 8539 5170 3369 7011 5659 3988 3745 1352 243
is_linear=0
shrinkage=0.01


Tree=142
num_leaves=16
num_cat=0
split_feature=5 2 1 7 2 4 0 3 4 8 0 7 0 7 1
split_gain=263.073 165.715 106.978 116.536 40.7465 30.0787 41.189 9.6477 6.16437 7.43445 5.51887 3.46494 2.93621 2.13781 1.92681
threshold=1.0000000180025095e-35 1.0000000180025095e-35 2.5000000000000004 1.0000000180025095e-35 1.0000000180025095e-35 1.0000000180025095e-35 1.0000000180025095e-35 1.0000000180025095e-35 1.0000000180025095e-35 1.0000000180025095e-35 1.0000000180025095e-35 1.0000000180025095e-35 1.0000000180025095e-35 1.0000000180025095e-35 1.5000000000000002
decision_type=2 2 2 2 2 2 2 2 2 2 2 2 2 2 2
left_child=1 2 3 -1 8 6 -3 -4 9 -2 -7 14 -13 -10 -6
right_child=4 5 7 -5 11 10 -8 -9 13 -11 -12 12 -14 -15 -16
leaf_value=-0.0018797187450285205 0.0021516238724556933 -0.00096656657949079246 -0.0060229849215271197 0.00048376194105356903 0.0035592106819119043 0.0073616400877223459 0.0025275376800552893 0.00054556604032282737 0.0028334524852552268 -0.0011479024969646694 0.0042104385183228789 0.0073841488213660413 0.0052933632455324014 0.00487700891827768 0.0051433215831170999
leaf_weight=5221.8170443326235 1320.3467766791582 467.30131794512272 472.15882535278797 3474.1778720468283 154.26242291927338 85.226512864232063 1213.3861290365458 23.47226195037365 104.03062565624714 72.012644425034523 159.75699146091938 87.469242408871651 289.41586059331894 100.78609716892242 152.87791357934475
leaf_count=22154 5783 2016 2042 14092 836 404 5363 96 469 293 756 543 1760 466 849
internal_value=0 -0.000634202 -0.00119303 -0.000935473 0.00309387 0.00203319 0.00155603 -0.00571191 0.00221925 0.00198097 0.0053067 0.0051361 0.0057786 0.00383904 0.0043477
internal_weight=0 11117.3 9191.63 8695.99 2281.2 1925.67 1680.69 495.631 1597.18 1392.36 244.984 684.025 376.885 204.817 307.14
internal_count=57922 46923 38384 36246 10999 8539 7379 2138 7011 6076 1160 3988 2303 935 1685
is_linear=0
shrinkage=0.01


Tree=143
num_leaves=16
num_cat=0
split_feature=5 2 4 0 2 8 1 3 1 0 1 8 4 1 1
split_gain=258.146 162.494 106.826 114.975 40.2134 29.8727 20.2009 10.5672 7.45569 6.09461 4.63387 3.44278 1.88416 1.62013 1.18793
threshold=1.0000000180025095e-35 1.0000000180025095e-35 1.0000000180025095e-35 1.0000000180025095e-35 1.0000000180025095e-35 1.0000000180025095e-35 2.5000000000000004 1.0000000180025095e-35 2.5000000000000004 1.0000000180025095e-35 2.5000000000000004 1.0000000180025095e-35 1.0000000180025095e-35 1.5000000000000002 1.0000000180025095e-35
decision_type=2 2 2 2 2 2 2 2 2 2 2 2 2 2 2
left_child=1 2 3 -1 9 6 -3 -7 -4 13 -11 12 -6 -2 -13
right_child=4 5 8 -5 11 7 -8 -9 -10 10 -12 14 -14 -15 -16
leaf_value=-0.003081850256414997 0.0043090944336265672 0.0028400116137858328 0.0029073242422279618 -0.00063922986145475882 0.0050281980335113718 -0.0014242623211274442 -0.0048202658199314177 0.0020958286521646015 -0.0019951442927350709 0.0019780461711000003 -0.0028434147576887996 -0.00055182215960435956 0.0063944083280838646 0.0028248632930022921 0.0033388283127278877
leaf_weight=2944.867572799325 133.250189691782 1479.8179065138102 635.80711127817631 5575.5317903757095 504.97027593851089 288.23187308013439 35.245567247271538 121.11645954847336 32.612328723073006 1278.4502230733633 20.249377056956291 9.69292303919792 126.16535258293152 164.13260853290558 41.226637288928032
leaf_count=12640 616 6689 2561 23049 2994 1168 149 533 134 5576 83 44 751 736 199
internal_value=0 -0.000628092 -0.00118146 -0.00148346 0.00306708 0.00201419 0.00266181 -0.000382751 0.00266813 0.00219857 0.00190287 0.0050995 0.00530131 0.00348991 0.00259821
internal_weight=0 11113.2 9188.82 8520.4 2278.14 1924.41 1515.06 409.348 668.419 1596.08 1298.7 682.055 631.136 297.383 50.9196
internal_count=57922 46923 38384 35689 10999 8539 6838 1701 2695 7011 5659 3988 3745 1352 243
is_linear=0
shrinkage=0.01


Tree=144
num_leaves=16
num_cat=0
split_feature=5 2 3 8 2 7 7 3 3 4 8 7 0 7 1
split_gain=253.308 159.337 105.001 94.7281 39.6871 32.3457 29.607 24.3474 8.53295 6.05145 7.29893 3.44035 2.91791 2.10654 1.90305
threshold=1.0000000180025095e-35 1.0000000180025095e-35 1.0000000180025095e-35 1.0000000180025095e-35 1.0000000180025095e-35 1.0000000180025095e-35 1.0000000180025095e-35 1.0000000180025095e-35 1.0000000180025095e-35 1.0000000180025095e-35 1.0000000180025095e-35 1.0000000180025095e-35 1.0000000180025095e-35 1.0000000180025095e-35 1.5000000000000002
decision_type=2 2 2 2 2 2 2 2 2 2 2 2 2 2 2
left_child=1 2 3 -1 9 -4 7 -3 -8 10 -2 14 -13 -11 -6
right_child=4 6 5 -5 11 -7 8 -9 -10 13 -12 12 -14 -15 -16
leaf_value=-0.0010893713815230794 0.0021112114221435198 0.00019652775745260823 0.00048541242174723886 -0.0039068399830256666 0.0034908354436966986 0.0040153573798748857 0.0031998242663231948 0.0033899364910116581 0.0064645723687892899 0.0027859703152073529 -0.0011584458333784833 0.0073126591086350246 0.0052207846820470881 0.0048168134206220915 0.0050689744082993765
leaf_weight=6330.6708200275898 1318.6568964868784 891.92083892226219 1038.8411164730787 1470.5228513926268 153.599982842803 346.05886009335518 613.04779103398323 326.01949405670166 92.081929564476013 103.84495550394058 72.001789256930351 86.803585007786751 287.63868319988251 100.51383942365646 152.05379991233349
leaf_count=26328 5783 3720 4222 6441 836 1393 2914 1450 455 469 293 543 1760 466 849
internal_value=0 -0.00062204 -0.00117 -0.00162046 0.00304048 0.00136748 0.00199545 0.00105134 0.00362616 0.00217804 0.00194192 0.00506313 0.00570573 0.00378484 0.00427591
internal_weight=0 11109.2 9186.09 7801.19 2275.11 1384.9 1923.07 1217.94 705.13 1595.02 1390.66 680.096 374.442 204.359 305.654
internal_count=57922 46923 38384 32769 10999 5615 8539 5170 3369 7011 6076 3988 2303 935 1685
is_linear=0
shrinkage=0.01


Tree=145
num_leaves=16
num_cat=0
split_feature=5 2 1 7 2 4 0 3 0 0 1 7 4 1 1
split_gain=248.561 156.244 104.718 113.519 39.1648 29.6615 40.2988 9.38677 5.98533 5.45398 4.5444 3.40922 2.91243 1.87875 1.59496
threshold=1.0000000180025095e-35 1.0000000180025095e-35 2.5000000000000004 1.0000000180025095e-35 1.0000000180025095e-35 1.0000000180025095e-35 1.0000000180025095e-35 1.0000000180025095e-35 1.0000000180025095e-35 1.0000000180025095e-35 2.5000000000000004 1.0000000180025095e-35 1.0000000180025095e-35 1.5000000000000002 1.5000000000000002
decision_type=2 2 2 2 2 2 2 2 2 2 2 2 2 2 2
left_child=1 2 3 -1 8 6 -3 -4 14 -7 -10 13 -13 -6 -2
right_child=4 5 7 -5 11 9 -8 -9 10 -11 -12 12 -14 -15 -16
leaf_value=-0.0018366824408557504 0.0042528005347340627 -0.00099282444689478659 -0.0059429762521995824 0.00049674111517925815 0.0034620656328338355 0.0072819404617552007 0.0024655302142108683 0.00053623133404667636 0.0019391674495088135 0.0041429335813829007 -0.0028353348025886055 0.0052861032089131935 0.0077119862386207287 0.0050318479432681744 0.0027785792881566259
leaf_weight=5215.6678234040737 132.92092606425285 466.87066258490086 470.92207199335098 3473.2819444984198 153.32899318635464 84.845977991819382 1210.7125597894192 23.474638432264328 1276.9110171794891 159.22774846851826 20.251341536641121 314.44386890530586 58.73381432890892 151.64600901305676 163.85409158468246
leaf_count=22154 616 2016 2042 14092 836 404 5363 96 5576 756 83 1934 369 849 736
internal_value=0 -0.000616051 -0.00115865 -0.00090393 0.00301411 0.00197696 0.00150307 -0.00563533 0.00215773 0.00523413 0.00186463 0.00502694 0.00566791 0.00424263 0.00343886
internal_weight=0 11105 9183.35 8688.95 2272.09 1921.66 1677.58 494.397 1593.94 244.074 1297.16 678.153 373.178 304.975 296.775
internal_count=57922 46923 38384 36246 10999 8539 7379 2138 7011 1160 5659 3988 2303 1685 1352
is_linear=0
shrinkage=0.01


Tree=146
num_leaves=16
num_cat=0
split_feature=5 4 0 8 6 2 2 1 4 8 0 8 7 4 6
split_gain=243.9 154.926 163.06 98.427 52.6576 38.6488 11.4171 7.17807 5.94033 7.16566 5.37961 3.40425 2.07567 1.85914 1.19195
threshold=1.0000000180025095e-35 1.0000000180025095e-35 1.0000000180025095e-35 1.0000000180025095e-35 1.0000000180025095e-35 1.0000000180025095e-35 1.0000000180025095e-35 2.5000000000000004 1.0000000180025095e-35 1.0000000180025095e-35 1.0000000180025095e-35 1.0000000180025095e-35 1.0000000180025095e-35 1.0000000180025095e-35 1.0000000180025095e-35
decision_type=2 2 2 2 2 2 2 2 2 2 2 2 2 2 2
left_child=1 2 4 -4 -1 8 7 -3 9 -2 -8 13 -10 -7 -13
right_child=5 6 3 -5 -6 11 10 -9 12 -11 -12 14 -14 -15 -16
leaf_value=-0.0032775813685261878 0.0020715250340137582 0.0028978120737837114 0.00056807550558822637 -0.0023525810262987538 0.00017180044107300909 0.0049206135124864672 0.0072292043418579225 -0.0019157558642345193 0.0027392558708125864 -0.0011684735888656472 0.0041080028207722856 0.0005701796840553269 0.0047574154861157519 0.0062843591374865185 0.0037179228903177881
leaf_weight=2884.3727449178696 1316.9893435537815 635.74563732743263 5307.5499655306339 1474.3929147869349 522.78021593391895 500.628208309412 84.61145207285881 32.566347926855087 103.66150276362896 71.991358384490013 158.97713157534599 19.637461915612221 100.24385377764702 124.90481759607792 31.052591890096664
leaf_count=12453 5783 2561 22120 6292 2203 2994 404 134 469 293 756 90 466 751 153
internal_value=0 -0.000610113 -0.000963529 -6.68746e-05 -0.00274832 0.00298792 0.00333878 0.00266325 0.00213758 0.00190359 0.00519216 0.00499095 0.00373142 0.00519292 0.00249848
internal_weight=0 11101 10189.1 6781.94 3407.15 2269.11 911.901 668.312 1592.89 1388.98 243.589 676.223 203.905 625.533 50.6901
internal_count=57922 46923 43068 28412 14656 10999 3855 2695 7011 6076 1160 3988 935 3745 243
is_linear=0
shrinkage=0.01


Tree=147
num_leaves=16
num_cat=0
split_feature=2 6 4 0 8 5 7 3 7 4 6 1 7 0 1
split_gain=241.248 174.758 99.2064 100.125 60.1082 44.7913 29.0617 23.8388 20.8104 14.7261 8.42563 6.25896 3.38385 2.90511 1.86096
threshold=1.0000000180025095e-35 1.0000000180025095e-35 1.0000000180025095e-35 1.0000000180025095e-35 1.0000000180025095e-35 1.0000000180025095e-35 1.0000000180025095e-35 1.0000000180025095e-35 1.0000000180025095e-35 1.0000000180025095e-35 1.0000000180025095e-35 2.5000000000000004 1.0000000180025095e-35 1.0000000180025095e-35 1.5000000000000002
decision_type=2 2 2 2 2 2 2 2 2 2 2 2 2 2 2
left_child=1 2 3 -1 8 6 7 -2 -3 -6 -8 -4 14 -14 -7
right_child=5 4 11 -5 9 12 10 -9 -10 -11 -12 -13 13 -15 -16
leaf_value=-0.0033312298881584164 0.00017821126751730147 0.0012230213092316998 0.0026323255507713613 -0.00088235481817679402 -0.0018579580459859833 0.0033938752962498664 0.0030605652087727104 0.0033404948130304709 0.0031347264557277815 0.0048382771436876731 0.0058951778737159569 -0.0019270214104747149 0.0072088143116484657 0.0051102743507972972 0.0049599553990341905
leaf_weight=2585.2826714813709 891.3662893474102 1123.243294224143 593.42501521110535 4713.7517027854919 532.56206223368645 152.67212262749672 575.1512383967638 325.41579531133175 1154.9069120436907 35.000034004449844 128.24230818450451 31.71836431324482 85.839975938200951 284.94537353515625 150.8459057956934
leaf_count=11184 3720 4672 2435 19632 2266 836 2733 1450 4928 147 636 131 543 1760 849
internal_value=0 -0.000658918 -0.00142228 -0.00174973 0.00146674 0.00273793 0.0019593 0.00102393 0.00219216 -0.00144502 0.00357737 0.00240099 0.00495518 0.0055961 0.0041722
internal_weight=0 10769.9 7924.18 7299.03 2845.71 2594.48 1920.18 1216.78 2278.15 567.562 703.394 625.143 674.303 370.785 303.518
internal_count=57922 45395 33382 30816 12013 12527 8539 5170 9600 2413 3369 2566 3988 2303 1685
is_linear=0
shrinkage=0.01


Tree=148
num_leaves=16
num_cat=0
split_feature=2 6 4 0 8 5 8 7 1 4 0 1 8 4 6
split_gain=236.71 171.337 97.2601 98.2896 58.9293 44.1708 28.5902 20.4294 19.729 14.4362 10.284 6.13441 3.36457 1.84613 1.17506
threshold=1.0000000180025095e-35 1.0000000180025095e-35 1.0000000180025095e-35 1.0000000180025095e-35 1.0000000180025095e-35 1.0000000180025095e-35 1.0000000180025095e-35 1.0000000180025095e-35 2.5000000000000004 1.0000000180025095e-35 1.0000000180025095e-35 2.5000000000000004 1.0000000180025095e-35 1.0000000180025095e-35 1.0000000180025095e-35
decision_type=2 2 2 2 2 2 2 2 2 2 2 2 2 2 2
left_child=1 2 3 -1 7 6 8 -3 -2 -6 -8 -4 13 -7 -14
right_child=5 4 11 -5 9 12 10 -9 -10 -11 -12 -13 14 -15 -16
leaf_value=-0.0033006417242410213 0.0027531561107956197 0.0012107842743573742 0.0026060672972372566 -0.00087362595898724644 -0.0018400923059828638 0.0048492196127706121 -0.0031364358741874862 0.0031051760871196577 -0.0048185976265666657 0.0047901754396918452 0.0005161302499489198 -0.0019082855945316696 0.00052292977221224846 0.0062125349630534343 0.0036520127070837562
leaf_weight=2583.1597668230534 1474.5588921308517 1123.249542593956 593.41029085218906 4713.2428575605154 532.35653051733971 497.76064720749855 103.04933880269527 1154.241914793849 35.234462901949883 34.997990861535072 305.93386958539486 31.70952433347702 19.603402078151703 124.08934420347214 30.946858748793602
leaf_count=11184 6689 4672 2435 19632 2266 2994 418 4928 149 147 1283 131 90 751 153
internal_value=0 -0.000652545 -0.00140853 -0.00173287 0.00145252 0.00271403 0.00194113 0.00217087 0.00257645 -0.0014311 -0.000404188 0.00237707 0.00491958 0.00512127 0.00243855
internal_weight=0 10766.4 7921.52 7296.4 2844.85 2591.18 1918.78 2277.49 1509.79 567.355 408.983 625.12 672.4 621.85 50.5503
internal_count=57922 45395 33382 30816 12013 12527 8539 9600 6838 2413 1701 2566 3988 3745 243
is_linear=0
shrinkage=0.01


Tree=149
num_leaves=16
num_cat=0
split_feature=5 4 0 8 6 2 2 3 0 0 1 7 0 1 1
split_gain=232.592 147.767 155.192 95.232 49.5549 36.6383 11.4311 7.07665 5.96728 5.32923 4.45374 3.35797 2.88648 1.84315 1.5576
threshold=1.0000000180025095e-35 1.0000000180025095e-35 1.0000000180025095e-35 1.0000000180025095e-35 1.0000000180025095e-35 1.0000000180025095e-35 1.0000000180025095e-35 1.0000000180025095e-35 1.0000000180025095e-35 1.0000000180025095e-35 2.5000000000000004 1.0000000180025095e-35 1.0000000180025095e-35 1.5000000000000002 1.5000000000000002
decision_type=2 2 2 2 2 2 2 2 2 2 2 2 2 2 2
left_child=1 2 4 -4 -1 8 7 -3 14 -8 -10 13 -13 -7 -2
right_child=5 6 3 -5 -6 11 9 -9 10 -11 -12 12 -14 -15 -16
leaf_value=-0.0031986845523847892 0.004183994796856009 0.0021672043554220202 0.00055830358635891098 -0.0023157638499293805 0.00014837440009389898 0.0033266270347410282 0.0071538091246219782 0.0051051952201070531 0.0018782041797146985 0.0040410363602145141 -0.00284923913421764 0.0071389033330473894 0.0050395619494273446 0.0048889014582478504 0.0027251163185732031
leaf_weight=2877.6870538443327 132.4867934435606 572.8025876134634 5305.2228858321905 1472.9926655292511 522.68867875635624 152.02515371143818 84.240670517086983 95.677572086453438 1274.3513695150614 158.45879398286343 20.244979992508888 85.19440470635891 283.23143953084946 150.0564052760601 163.49972519278526
leaf_count=12453 616 2311 22120 6292 2203 836 404 384 5576 756 83 543 1760 849 736
internal_value=0 -0.00059547 -0.000940841 -6.62679e-05 -0.00268419 0.00292363 0.0032626 0.00258771 0.00209715 0.00512148 0.00180428 0.00488421 0.00552501 0.00410267 0.00337813
internal_weight=0 11089.8 10178.6 6778.22 3400.38 2261.09 911.18 668.48 1590.58 242.699 1294.6 670.507 368.426 302.082 295.987
internal_count=57922 46923 43068 28412 14656 10999 3855 2695 7011 1160 5659 3988 2303 1685 1352
is_linear=0
shrinkage=0.01


Tree=150
num_leaves=16
num_cat=0
split_feature=2 6 4 7 8 8 5 7 1 4 3 4 1 4 1
split_gain=230.308 166.309 93.8081 94.1749 57.0407 42.5778 27.4218 20.0026 19.3083 13.9686 10.559 10.4483 6.0101 1.8331 0.809499
threshold=1.0000000180025095e-35 1.0000000180025095e-35 1.0000000180025095e-35 1.0000000180025095e-35 1.0000000180025095e-35 1.0000000180025095e-35 1.0000000180025095e-35 1.0000000180025095e-35 2.5000000000000004 1.0000000180025095e-35 1.0000000180025095e-35 1.0000000180025095e-35 2.5000000000000004 1.0000000180025095e-35 1.5000000000000002
decision_type=2 2 2 2 2 2 2 2 2 2 2 2 2 2 2
left_child=1 2 3 -1 7 6 8 -3 -2 -6 11 -7 -4 -8 -12
right_child=5 4 12 -5 9 10 13 -9 -10 -11 14 -13 -14 -15 -16
leaf_value=-0.0027383136687434018 0.0027246939835629379 0.0011880558414771275 0.0025559351778672045 -0.00045450194211277224 -0.0018096385244525876 -0.0017963952891689242 0.0047786016704009079 0.0030630674653863107 -0.0047624112971801393 0.0047128657993985874 0.0028437755089791173 0.0041954991872573989 -0.0019122739728555007 0.0061414141693920937 0.0013888655085004223
leaf_weight=3999.6794558167458 1472.9104095101357 1123.0926591604948 593.36695131659508 3291.4063902050257 531.95735083520412 272.7898740619421 494.93412455916405 1153.1236120909452 35.268906742334366 34.993942648172379 70.415477633476257 32.577012568712234 31.712176159024239 123.28431051969528 83.69866968691349
leaf_count=17246 6689 4672 2435 13570 2266 1111 2994 4928 149 147 314 138 131 751 381
internal_value=0 -0.000643506 -0.0013886 -0.00170734 0.00143103 0.00268018 0.00327667 0.00213793 0.00254961 -0.00140705 -8.02419e-05 -0.00115717 0.00232925 0.00505037 0.00205362
internal_weight=0 10759.3 7916.16 7291.09 2843.17 2585.88 2126.4 2276.22 1508.18 566.951 459.481 305.367 625.079 618.218 154.114
internal_count=57922 45395 33382 30816 12013 12527 10583 9600 6838 2413 1944 1249 2566 3745 695
is_linear=0
shrinkage=0.01


Tree=151
num_leaves=16
num_cat=0
split_feature=2 6 1 7 8 5 7 3 7 4 3 4 7 4 1
split_gain=225.967 163.055 93.5323 105.276 55.9219 41.8611 28.136 23.2142 19.636 13.6938 8.34058 5.00004 3.32435 2.86848 1.82583
threshold=1.0000000180025095e-35 1.0000000180025095e-35 2.5000000000000004 1.0000000180025095e-35 1.0000000180025095e-35 1.0000000180025095e-35 1.0000000180025095e-35 1.0000000180025095e-35 1.0000000180025095e-35 1.0000000180025095e-35 1.0000000180025095e-35 1.0000000180025095e-35 1.0000000180025095e-35 1.0000000180025095e-35 1.5000000000000002
decision_type=2 2 2 2 2 2 2 2 2 2 2 2 2 2 2
left_child=1 2 3 -1 8 6 7 -2 -3 -6 -8 -4 14 -14 -7
right_child=5 4 11 -5 9 12 10 -9 -10 -11 -12 -13 13 -15 -16
leaf_value=-0.0021668426389820712 0.00015086213374594946 0.0011761708184609007 -0.0060077660986878603 0.00022571080697480328 -0.0017922266226331153 0.0032617991939497232 0.0030792509552082133 0.0032746208063455496 0.003034183643877308 0.0046661246452025604 0.0063208548765393566 -0.0018936800686725327 0.0050729739154078213 0.0075076470722888469 0.0048203107633914208
leaf_weight=4138.4657404571772 890.54629668593407 1123.0967347919941 433.13187098503113 3310.079572558403 531.75518223643303 151.39831906557083 609.49553836882114 324.62350456416607 1152.4630331248045 34.991049617528915 91.25798662006855 31.70336326956749 308.71195387840271 57.387371867895126 149.29336556792259
leaf_count=17763 3720 4672 1892 13596 2266 836 2914 1450 4928 147 455 131 1934 369 849
internal_value=0 -0.00063729 -0.0013752 -0.00110361 0.00141715 0.00265666 0.0019056 0.000985351 0.00211717 -0.00139349 0.0035014 -0.00572717 0.00481471 0.00545462 0.0040356
internal_weight=0 10755.7 7913.38 7448.55 2842.31 2582.71 1915.92 1215.17 2275.56 566.746 700.754 464.835 666.791 366.099 300.692
internal_count=57922 45395 33382 31359 12013 12527 8539 5170 9600 2413 3369 2023 3988 2303 1685
is_linear=0
shrinkage=0.01


Tree=152
num_leaves=16
num_cat=0
split_feature=5 4 0 8 6 2 2 3 0 0 1 7 0 1 1
split_gain=221.859 142.387 151.441 91.2635 47.3857 34.7363 11.1205 6.88776 5.86084 5.26923 4.33485 3.29281 2.87312 1.80207 1.52997
threshold=1.0000000180025095e-35 1.0000000180025095e-35 1.0000000180025095e-35 1.0000000180025095e-35 1.0000000180025095e-35 1.0000000180025095e-35 1.0000000180025095e-35 1.0000000180025095e-35 1.0000000180025095e-35 1.0000000180025095e-35 2.5000000000000004 1.0000000180025095e-35 1.0000000180025095e-35 1.5000000000000002 1.5000000000000002
decision_type=2 2 2 2 2 2 2 2 2 2 2 2 2 2 2
left_child=1 2 4 -4 -1 8 7 -3 14 -8 -10 13 -13 -7 -2
right_child=5 6 3 -5 -6 11 9 -9 10 -11 -12 12 -14 -15 -16
leaf_value=-0.0031479096744473811 0.0041284073679744163 0.0021282778826303963 0.00055506844402239831 -0.0022602662743567599 0.00012571531633325924 0.0032346439571872545 0.0070715152227882284 0.0050271312264313899 0.0018402810244376314 0.0039698783967214574 -0.0028231724348978934 0.0070373966399937147 0.0049317860771622025 0.0047846448981927825 0.0026809272553754071
leaf_weight=2872.8605138510466 132.14301063120365 572.86211118102074 5301.7721529752016 1470.8698413223028 522.60534504055977 151.14389595389366 83.857139900326729 95.649876803159714 1272.6914633065462 157.92365624010563 20.249488264322281 84.260898426175117 280.63239377737045 148.90412974357605 163.21593074500561
leaf_count=12453 616 2311 22120 6292 2203 836 404 384 5576 756 83 543 1760 849 736
internal_value=0 -0.000581269 -0.000920478 -5.63607e-05 -0.00264406 0.00286094 0.00320775 0.00254304 0.00205758 0.00504562 0.00176724 0.00477989 0.00541801 0.00400386 0.00332853
internal_weight=0 11078.4 10168.1 6772.64 3395.47 2253.24 910.293 668.512 1588.3 241.781 1292.94 664.941 364.893 300.048 295.359
internal_count=57922 46923 43068 28412 14656 10999 3855 2695 7011 1160 5659 3988 2303 1685 1352
is_linear=0
shrinkage=0.01


Tree=153
num_leaves=16
num_cat=0
split_feature=2 6 1 7 8 8 5 7 1 4 0 4 3 4 4
split_gain=219.866 158.265 91.5896 102.757 54.1262 40.9418 25.977 19.2254 18.889 13.249 10.4548 4.83574 4.83268 4.76042 1.80803
threshold=1.0000000180025095e-35 1.0000000180025095e-35 2.5000000000000004 1.0000000180025095e-35 1.0000000180025095e-35 1.0000000180025095e-35 1.0000000180025095e-35 1.0000000180025095e-35 2.5000000000000004 1.0000000180025095e-35 1.0000000180025095e-35 1.0000000180025095e-35 1.0000000180025095e-35 1.0000000180025095e-35 1.0000000180025095e-35
decision_type=2 2 2 2 2 2 2 2 2 2 2 2 2 2 2
left_child=1 2 3 -1 7 6 8 -3 -2 -6 13 -4 -12 -7 -8
right_child=5 4 11 -5 9 10 14 -9 -10 -11 12 -13 -14 -15 -16
leaf_value=-0.0021381589735172627 0.0026773630842808959 0.0011539848885252981 -0.0059435029713731779 0.00022620870093252013 -0.0017624923959938029 -0.0034879797342080611 0.0046750896556878247 0.002992973383075585 -0.0047263061507385367 0.0045907261415376504 -0.00017266578464384918 -0.0018974133726360044 0.0022456864591139814 0.0028238339778076057 0.006035022945965497
leaf_weight=4134.884744361043 1470.0409960150719 1122.938160404563 432.16210590302944 3309.263145968318 531.36132618784904 99.202158734202385 490.8068442940712 1151.3526578992605 35.287091135978699 34.985606163740158 210.28090687096119 31.705868110060692 136.12336237728596 13.585553735494612 122.07837200164795
leaf_count=17763 6689 4672 1892 13596 2266 406 2994 4928 149 147 863 131 616 59 751
internal_value=0 -0.000628475 -0.00135573 -0.00108709 0.00139613 0.00262361 0.00321043 0.00208497 0.00250381 -0.00137003 -8.33414e-05 -0.00566695 0.000777652 -0.00272771 0.00494597
internal_weight=0 10748.7 7908.02 7444.15 2840.64 2577.41 2118.21 2274.29 1505.33 566.347 459.192 463.868 346.404 112.788 612.885
internal_count=57922 45395 33382 31359 12013 12527 10583 9600 6838 2413 1944 2023 1479 465 3745
is_linear=0
shrinkage=0.01


Tree=154
num_leaves=16
num_cat=0
split_feature=2 6 4 0 8 7 3 4 7 4 6 1 1 8 4
split_gain=215.718 155.167 90.3238 91.7035 53.0645 40.4766 25.7209 26.0867 18.8727 12.9885 10.3487 9.97213 5.84719 4.19353 3.07574
threshold=1.0000000180025095e-35 1.0000000180025095e-35 1.0000000180025095e-35 1.0000000180025095e-35 1.0000000180025095e-35 1.0000000180025095e-35 1.0000000180025095e-35 1.0000000180025095e-35 1.0000000180025095e-35 1.0000000180025095e-35 1.0000000180025095e-35 2.5000000000000004 2.5000000000000004 1.0000000180025095e-35 1.0000000180025095e-35
decision_type=2 2 2 2 2 2 2 2 2 2 2 2 2 2 2
left_child=1 2 3 -1 8 6 7 -2 -3 -6 11 -7 -4 -8 -12
right_child=5 4 12 -5 9 10 13 -9 -10 -11 14 -13 -14 -15 -16
leaf_value=-0.0031739362179776941 -7.5207313318338695e-05 0.0011424430925630299 0.0025292902726705784 -0.000826106627569008 -0.0017455233596985996 0.0036025794982553695 0.0039642475336507752 0.0043846572254076363 0.0029647408216454804 0.0045452988566942196 0.0051608368666623758 -0.0041157138090437079 -0.0018789622017805932 0.0019902226540282619 0.0079525697367405588
leaf_weight=2572.8286862820387 845.11463658511639 1122.9401806145906 593.25312831997871 4707.5759370625019 531.16254810988903 703.93372710049152 358.69448213279247 155.24441051483154 1150.6969774067402 34.98192885518074 294.86220917105675 17.147374257445335 31.697082534432411 153.74086965620518 45.562033966183662
leaf_count=11184 3612 4672 2435 19632 2266 3605 1818 730 4928 147 1706 77 131 695 284
internal_value=0 -0.000622397 -0.00134263 -0.00165581 0.00138259 0.00260053 0.00155016 0.000616913 0.00206472 -0.00135681 0.00409746 0.00341904 0.00230571 0.003372 0.00553448
internal_weight=0 10745.1 7905.35 7280.4 2839.78 2574.3 1512.79 1000.36 2273.64 566.144 1061.51 721.081 624.95 512.435 340.424
internal_count=57922 45395 33382 30816 12013 12527 6855 4342 9600 2413 5672 3682 2566 2513 1990
is_linear=0
shrinkage=0.01


Tree=155
num_leaves=16
num_cat=0
split_feature=5 4 0 8 3 2 2 3 0 0 1 7 0 1 1
split_gain=212.026 136.859 145.784 87.8679 46.5337 33.1058 10.6628 6.70538 5.80716 5.19212 4.21871 3.19946 2.86266 1.784 1.49873
threshold=1.0000000180025095e-35 1.0000000180025095e-35 1.0000000180025095e-35 1.0000000180025095e-35 1.0000000180025095e-35 1.0000000180025095e-35 1.0000000180025095e-35 1.0000000180025095e-35 1.0000000180025095e-35 1.0000000180025095e-35 2.5000000000000004 1.0000000180025095e-35 1.0000000180025095e-35 1.5000000000000002 1.5000000000000002
decision_type=2 2 2 2 2 2 2 2 2 2 2 2 2 2 2
left_child=1 2 4 -4 -1 8 7 -3 14 -8 -10 13 -13 -7 -2
right_child=5 6 3 -5 -6 11 9 -9 10 -11 -12 12 -14 -15 -16
leaf_value=-0.0028974712068460472 0.0040780121438610721 0.0020900196397702553 0.00054708032536589268 -0.0022167835406278441 0.0019229380891528851 0.0031503682410826401 0.0069708184298066236 0.0049506090176091666 0.0018018704736269056 0.0038842810802222944 -0.0027982817943577967 0.006941900427945815 0.0048295581662655988 0.0046972010084734622 0.0026439479668418468
leaf_weight=3175.9483739584684 131.82592144608498 572.91481010615826 5298.8979873359203 1469.1870913654566 213.73994868993759 150.32596355676651 83.398552387952805 95.619345769286156 1271.0220905989408 157.28745909035206 20.2535550147295 83.387988522648811 278.18372936546803 147.93442367017269 162.9697585105896
leaf_count=13761 616 2311 22120 6292 895 836 404 384 5576 756 83 543 1760 849 736
internal_value=0 -0.000568002 -0.000900705 -5.28875e-05 -0.00259352 0.00280192 0.00314894 0.00249917 0.00201883 0.00495378 0.00172972 0.00468428 0.00531672 0.00391758 0.00328523
internal_weight=0 11067 10157.8 6768.09 3389.69 2245.9 909.22 668.534 1586.07 240.686 1291.28 659.832 361.572 298.26 294.796
internal_count=57922 46923 43068 28412 14656 10999 3855 2695 7011 1160 5659 3988 2303 1685 1352
is_linear=0
shrinkage=0.01


Tree=156
num_leaves=16
num_cat=0
split_feature=2 6 1 7 8 7 3 4 7 4 6 1 4 8 4
split_gain=209.865 151.077 89.4365 100.393 51.308 39.5107 25.0369 25.02 18.4632 12.547 10.0822 9.75762 4.68003 4.04238 3.02734
threshold=1.0000000180025095e-35 1.0000000180025095e-35 2.5000000000000004 1.0000000180025095e-35 1.0000000180025095e-35 1.0000000180025095e-35 1.0000000180025095e-35 1.0000000180025095e-35 1.0000000180025095e-35 1.0000000180025095e-35 1.0000000180025095e-35 2.5000000000000004 1.0000000180025095e-35 1.0000000180025095e-35 1.0000000180025095e-35
decision_type=2 2 2 2 2 2 2 2 2 2 2 2 2 2 2
left_child=1 2 3 -1 8 6 7 -2 -3 -6 11 -7 -4 -8 -12
right_child=5 4 12 -5 9 10 13 -9 -10 -11 14 -13 -14 -15 -16
leaf_value=-0.0020990747906988573 -6.7208655981451949e-05 0.0011240175265950598 -0.0058636327847269862 0.00023885795936752111 -0.0017119674442646463 0.0035622521049237313 0.0039129445596522957 0.0043066312215167494 0.0029269689947182863 0.0044717464336660332 0.0051016263382126451 -0.0040695265578198567 -0.0018824498334432907 0.0019734971151138233 0.0078818079484347624
leaf_weight=4129.8327128142118 845.05213226377964 1122.6975148171186 430.92600564658642 3307.8498420268297 530.68526463210583 702.22210711240768 357.66446821391582 154.73379933834076 1149.5707870870829 34.975183114409447 293.46705874800682 17.162430629134178 31.699442610144615 153.63017398118973 45.198720455169678
leaf_count=17763 3612 4672 1892 13596 2266 3605 1818 730 4928 147 1706 77 131 695 284
internal_value=0 -0.000613752 -0.00132466 -0.0010593 0.00136528 0.00256793 0.00153023 0.000609717 0.00203615 -0.00132962 0.00404995 0.00338018 -0.00559084 0.00333019 0.00547267
internal_weight=0 10738.2 7900.31 7437.68 2837.93 2569.13 1511.08 999.786 2272.27 565.66 1058.05 719.385 462.625 511.295 338.666
internal_count=57922 45395 33382 31359 12013 12527 6855 4342 9600 2413 5672 3682 2023 2513 1990
is_linear=0
shrinkage=0.01


Tree=157
num_leaves=16
num_cat=0
split_feature=2 6 1 7 8 7 3 4 7 4 6 1 4 8 4
split_gain=205.904 148.119 87.8554 98.4594 50.3015 38.8916 24.5951 24.5656 18.1242 12.3004 9.96483 9.57641 4.60649 3.98002 3.00352
threshold=1.0000000180025095e-35 1.0000000180025095e-35 2.5000000000000004 1.0000000180025095e-35 1.0000000180025095e-35 1.0000000180025095e-35 1.0000000180025095e-35 1.0000000180025095e-35 1.0000000180025095e-35 1.0000000180025095e-35 1.0000000180025095e-35 2.5000000000000004 1.0000000180025095e-35 1.0000000180025095e-35 1.0000000180025095e-35
decision_type=2 2 2 2 2 2 2 2 2 2 2 2 2 2 2
left_child=1 2 3 -1 8 6 7 -2 -3 -6 11 -7 -4 -8 -12
right_child=5 4 12 -5 9 10 13 -9 -10 -11 14 -13 -14 -15 -16
leaf_value=-0.0020790745019955694 -6.6535373764793285e-05 0.0011127770432536217 -0.0058146547156987674 0.00023646621340409497 -0.0016954741271919792 0.0035323048863263795 0.0038804068641536855 0.0042702637434155763 0.0028993482867734495 0.0044275884917203542 0.0050646993466763792 -0.0040242288145219763 -0.0018641427637508801 0.0019550467695819032 0.0078401092382443232
leaf_weight=4127.8751473277807 845.06351013481617 1122.6978015005589 430.21379773318768 3307.8939940482378 530.49027100205421 701.09950748085976 357.05992037057877 154.49228422343731 1148.9202940911055 34.970784857869148 292.65474340319633 17.181959450244904 31.69068643450737 153.52974556386471 44.985795423388481
leaf_count=17763 3612 4672 1892 13596 2266 3605 1818 730 4928 147 1706 77 131 695 284
internal_value=0 -0.000607815 -0.00131185 -0.00104898 0.00135204 0.00254531 0.00151588 0.000603764 0.00201637 -0.00131679 0.00401758 0.00335155 -0.00554362 0.00330147 0.00543448
internal_weight=0 10734.8 7897.67 7435.77 2837.08 2566.07 1510.15 999.556 2271.62 565.461 1055.92 718.281 461.904 510.59 337.641
internal_count=57922 45395 33382 31359 12013 12527 6855 4342 9600 2413 5672 3682 2023 2513 1990
is_linear=0
shrinkage=0.01


Tree=158
num_leaves=16
num_cat=0
split_feature=5 3 4 7 7 2 2 2 0 1 2 8 4 1 1
split_gain=202.954 133.876 122.274 114.212 32.7357 31.6925 16.2711 10.3458 5.71504 4.07799 3.77184 3.08536 1.73708 1.4727 1.16221
threshold=1.0000000180025095e-35 1.0000000180025095e-35 1.0000000180025095e-35 1.0000000180025095e-35 1.0000000180025095e-35 1.0000000180025095e-35 1.0000000180025095e-35 1.0000000180025095e-35 1.0000000180025095e-35 2.5000000000000004 1.0000000180025095e-35 1.0000000180025095e-35 1.0000000180025095e-35 1.5000000000000002 1.0000000180025095e-35
decision_type=2 2 2 2 2 2 2 2 2 2 2 2 2 2 2
left_child=1 2 3 -1 6 8 -3 -4 13 -10 -6 12 -7 -2 -13
right_child=5 4 7 -5 10 11 -8 -9 9 -11 -12 14 -14 -15 -16
leaf_value=-0.0024001803184139615 0.0040255100030040895 0.00056842871414202172 0.0020818295152698198 -5.8616238824751997e-05 0.0038527613448894812 0.0045264604016967309 0.0031388416243832936 0.004720691851732301 0.0017650030162770941 -0.0027570187922943165 0.0061484099930824978 -0.00092494476263979596 0.0058692992842563829 0.0026024645473740229 0.0029504080549548717
leaf_weight=4814.4863490909338 131.50130093097687 1036.8921548575163 572.85330091416836 3671.6519075632095 345.59609216451645 484.89138314127922 322.98083227872849 200.59452259540558 1269.397906050086 20.260866567492485 90.265635296702385 9.5695101469755155 120.2151714861393 162.70276941359043 40.447419092059135
leaf_count=20755 616 4222 2311 15375 1393 2994 1450 962 5576 83 455 44 751 736 199
internal_value=0 -0.000555538 -0.00104015 -0.00138707 0.00194331 0.00274603 0.00117892 0.00276622 0.00198087 0.00169396 0.00432818 0.00459594 0.00479324 0.00323853 0.00220895
internal_weight=0 11055.3 9259.59 8486.14 1795.73 2238.99 1359.87 773.448 1583.86 1289.66 435.862 655.123 605.107 294.204 50.0169
internal_count=57922 46923 39403 36130 7520 10999 5672 3273 7011 5659 1848 3988 3745 1352 243
is_linear=0
shrinkage=0.01


Tree=159
num_leaves=16
num_cat=0
split_feature=2 6 1 7 8 8 5 1 7 4 0 4 3 4 0
split_gain=199.901 144.08 86.2536 94.9068 48.904 38.0955 23.8364 17.9685 17.4581 11.9589 10.1408 4.47203 4.37586 4.30691 1.73304
threshold=1.0000000180025095e-35 1.0000000180025095e-35 2.5000000000000004 1.0000000180025095e-35 1.0000000180025095e-35 1.0000000180025095e-35 1.0000000180025095e-35 2.5000000000000004 1.0000000180025095e-35 1.0000000180025095e-35 1.0000000180025095e-35 1.0000000180025095e-35 1.0000000180025095e-35 1.0000000180025095e-35 1.0000000180025095e-35
decision_type=2 2 2 2 2 2 2 2 2 2 2 2 2 2 2
left_child=1 2 3 -1 8 6 7 -2 -3 -6 13 -4 -12 -7 -8
right_child=5 4 11 -5 9 10 14 -9 -10 -11 12 -13 -14 -15 -16
leaf_value=-0.0020450480415176693 0.0025751193460645627 0.0011032641826081225 -0.0057579286779021986 0.00022887781823265359 -0.0016711980084083483 -0.0034268951259928196 0.0057089393432864814 -0.0046419939766210363 0.0028572659101017222 0.0043670304462114307 -0.0001550013742769842 -0.001865338988310283 0.0021488167444031299 0.0025927353583103563 0.0044565783117500321
leaf_weight=4123.7513996958733 1463.3217611610889 1122.3357088565826 429.36138379573822 3307.6941036731005 530.09748905897141 99.194835856556892 145.65908733010292 35.330258548259735 1147.8034750521183 34.963080078363419 210.25431916117668 31.692496761679649 135.6286786198616 13.503795951604841 457.72765377163887
leaf_count=17763 6689 4672 1892 13596 2266 406 915 149 4928 147 863 131 616 59 2830
internal_value=0 -0.000598727 -0.00129332 -0.00103294 0.00133486 0.00251096 0.00308067 0.00240498 0.0019901 -0.00129758 -0.000100456 -0.00549035 0.000748379 -0.00270561 0.0047589
internal_weight=0 10727.7 7892.5 7431.45 2835.2 2560.62 2102.04 1498.65 2270.14 565.061 458.582 461.054 345.883 112.699 603.387
internal_count=57922 45395 33382 31359 12013 12527 10583 6838 9600 2413 1944 2023 1479 465 3745
is_linear=0
shrinkage=0.01


Tree=160
num_leaves=16
num_cat=0
split_feature=5 3 4 7 7 2 2 2 0 1 2 7 0 1 4
split_gain=196.38 130.606 119.526 110.376 31.7699 30.6484 15.6025 10.0074 5.62039 3.9698 3.72167 3.05302 2.84812 1.76854 1.44931
threshold=1.0000000180025095e-35 1.0000000180025095e-35 1.0000000180025095e-35 1.0000000180025095e-35 1.0000000180025095e-35 1.0000000180025095e-35 1.0000000180025095e-35 1.0000000180025095e-35 1.0000000180025095e-35 2.5000000000000004 1.0000000180025095e-35 1.0000000180025095e-35 1.0000000180025095e-35 1.5000000000000002 1.0000000180025095e-35
decision_type=2 2 2 2 2 2 2 2 2 2 2 2 2 2 2
left_child=1 2 3 -1 6 8 -3 -4 14 -10 -6 13 -13 -7 -2
right_child=5 4 7 -5 10 11 -8 -9 9 -11 -12 12 -14 -15 -16
leaf_value=-0.0023648919824379873 0.0028434924060149712 0.00057203969645600885 0.0020671467320279575 -6.2342592250112038e-05 0.0038016897316306701 0.0030110349522984269 0.0030908201019813979 0.0046651042091751197 0.0017385577379758585 -0.0027223053247961392 0.0060856242018142714 0.0067883438488361867 0.0046642004500770471 0.0045586553048537577 0.0045804789336577239
leaf_weight=4809.620979309082 233.2466347515583 1036.7711179703474 572.85096779465675 3670.8139321357012 345.53968127071857 148.9738531857729 322.40842197835445 200.05085007846355 1268.2680340707302 20.268278747797012 89.91083787381649 81.99567137658596 274.25823424756527 146.40402960777283 60.495013520121574
leaf_count=20755 1055 4222 2311 15375 1393 836 1450 962 5576 83 455 543 1760 849 297
internal_value=0 -0.00054628 -0.00102511 -0.00136822 0.00192261 0.00270463 0.00116951 0.00273958 0.00195295 0.00166839 0.00427327 0.00452983 0.00515309 0.00377811 0.00320122
internal_weight=0 11048 9253.34 8480.43 1794.63 2233.91 1359.18 772.902 1582.28 1288.54 435.451 651.632 356.254 295.378 293.742
internal_count=57922 46923 39403 36130 7520 10999 5672 3273 7011 5659 1848 3988 2303 1685 1352
is_linear=0
shrinkage=0.01


Tree=161
num_leaves=16
num_cat=0
split_feature=2 6 1 7 8 8 5 1 7 4 0 4 4 3 4
split_gain=194.079 140.155 84.6825 91.481 47.5483 37.1279 22.9173 17.5942 16.8189 11.6218 9.87764 4.34025 4.14073 4.12717 1.72548
threshold=1.0000000180025095e-35 1.0000000180025095e-35 2.5000000000000004 1.0000000180025095e-35 1.0000000180025095e-35 1.0000000180025095e-35 1.0000000180025095e-35 2.5000000000000004 1.0000000180025095e-35 1.0000000180025095e-35 1.0000000180025095e-35 1.0000000180025095e-35 1.0000000180025095e-35 1.0000000180025095e-35 1.0000000180025095e-35
decision_type=2 2 2 2 2 2 2 2 2 2 2 2 2 2 2
left_child=1 2 3 -1 8 6 7 -2 -3 -6 12 -4 -7 -12 -8
right_child=5 4 11 -5 9 10 14 -9 -10 -11 13 -13 -14 -15 -16
leaf_value=-0.002011580176172062 0.0025473730984230886 0.0010937470388256824 -0.0057018158676091077 0.00022145902261429498 -0.00164724128940995 -0.0033787843542440587 0.0044249646552538633 -0.0045914498663689835 0.0028158861861029348 0.0043062278650673495 -0.00013977543221199807 -0.0018668147343631192 0.0025281762238619581 0.0020988454103031888 0.0057693846263202498
leaf_weight=4119.6659238189459 1461.5322826504707 1121.9739924818277 428.51020243763924 3307.4909153133631 529.70974923670292 99.211915746331215 480.91205054521561 35.358782589435577 1146.698100015521 34.953052803874016 210.26890034973621 31.693724200129509 13.47957608103752 135.37863436341286 119.10761642456055
leaf_count=17763 6689 4672 1892 13596 2266 406 2994 149 4928 147 863 131 59 616 751
internal_value=0 -0.000589788 -0.00127508 -0.00101715 0.00131791 0.00247707 0.00304062 0.00237874 0.0019642 -0.00127872 -0.00010121 -0.0054377 -0.00267222 0.000737018 0.00469184
internal_weight=0 10720.7 7887.36 7427.16 2833.33 2555.25 2096.91 1496.89 2268.67 564.663 458.339 460.204 112.691 345.648 600.02
internal_count=57922 45395 33382 31359 12013 12527 10583 6838 9600 2413 1944 2023 465 1479 3745
is_linear=0
shrinkage=0.01


Tree=162
num_leaves=16
num_cat=0
split_feature=2 6 4 0 8 7 3 4 7 4 6 1 1 8 4
split_gain=190.41 137.411 84.3044 87.1756 46.6154 36.899 22.3857 22.6133 16.5099 11.3935 9.50722 9.07218 5.64096 3.7817 2.9468
threshold=1.0000000180025095e-35 1.0000000180025095e-35 1.0000000180025095e-35 1.0000000180025095e-35 1.0000000180025095e-35 1.0000000180025095e-35 1.0000000180025095e-35 1.0000000180025095e-35 1.0000000180025095e-35 1.0000000180025095e-35 1.0000000180025095e-35 2.5000000000000004 2.5000000000000004 1.0000000180025095e-35 1.0000000180025095e-35
decision_type=2 2 2 2 2 2 2 2 2 2 2 2 2 2 2
left_child=1 2 3 -1 8 6 7 -2 -3 -6 11 -7 -4 -8 -12
right_child=5 4 12 -5 9 10 13 -9 -10 -11 14 -13 -14 -15 -16
leaf_value=-0.0030500860934621183 -5.8832383183707097e-05 0.0010828109230537734 0.0024819893795086211 -0.00075694279217675207 -0.0016313562452052045 0.0034223277075853555 0.0037306459219072609 0.0041148180191768217 0.0027892940530707113 0.0042638164287802397 0.004922675876449881 -0.0039282030027221002 -0.0018486582661506289 0.0018489897822960095 0.0076941456589046265
leaf_weight=2561.6679546236992 844.50440903007984 1121.9727395772934 593.00469300150871 4698.4196407496929 529.51990476250648 696.54696822166443 354.10754282772541 153.39700254797935 1146.057247698307 34.947742238640785 289.35756112635136 17.205667093396187 31.684996694326401 152.93969850242138 44.228683769702911
leaf_count=11184 3612 4672 2435 19632 2266 3605 1818 730 4928 147 1706 77 131 695 284
internal_value=0 -0.000584079 -0.00126275 -0.00156606 0.00130512 0.00245517 0.00145211 0.000582739 0.00194511 -0.00126637 0.00389648 0.00324514 0.00226233 0.00316309 0.00529013
internal_weight=0 10717.3 7884.78 7260.09 2832.5 2552.29 1504.95 997.901 2268.03 564.468 1047.34 713.753 624.69 507.047 333.586
internal_count=57922 45395 33382 30816 12013 12527 6855 4342 9600 2413 5672 3682 2566 2513 1990
is_linear=0
shrinkage=0.01


Tree=163
num_leaves=16
num_cat=0
split_feature=5 3 4 0 7 2 2 2 0 1 2 7 0 1 1
split_gain=187.685 126.338 114.843 106.921 30.6497 29.1864 14.5821 9.59443 5.56886 3.86293 3.59298 2.96338 2.83648 1.75008 1.4419
threshold=1.0000000180025095e-35 1.0000000180025095e-35 1.0000000180025095e-35 1.0000000180025095e-35 1.0000000180025095e-35 1.0000000180025095e-35 1.0000000180025095e-35 1.0000000180025095e-35 1.0000000180025095e-35 2.5000000000000004 1.0000000180025095e-35 1.0000000180025095e-35 1.0000000180025095e-35 1.5000000000000002 1.5000000000000002
decision_type=2 2 2 2 2 2 2 2 2 2 2 2 2 2 2
left_child=1 2 3 -1 6 8 -3 -4 14 -10 -6 13 -13 -7 -2
right_child=5 4 7 -5 10 11 -8 -9 9 -11 -12 12 -14 -15 -16
leaf_value=-0.0027966669554474405 0.0039405149185296603 0.00057860702221446136 0.0020297407953143304 -0.00047417347240417788 0.0037438706192466542 0.0029310304248122286 0.003016283691998951 0.0045775302135144117 0.0017021980140363719 -0.0026979263411363789 0.0059932937402796746 0.0066959281763026412 0.004565727351310069 0.0044749946845216004 0.0025299144701889298
leaf_weight=3163.8759198337793 130.96569925546646 1036.5330579280853 572.89340887963772 5307.5152135938406 345.42094530165195 148.20192104578018 321.51391032338142 199.1991959810257 1266.659198641777 20.27132685482502 89.383662343025208 81.16497865319252 271.94218683242798 145.48293647170067 162.22635069489479
leaf_count=13761 616 4222 2311 22369 1393 836 1450 962 5576 83 455 543 1760 849 736
internal_value=0 -0.000533863 -0.00100507 -0.00134157 0.00189555 0.00264869 0.00115572 0.00268707 0.00191625 0.00163289 0.00420629 0.00443807 0.00505537 0.00369587 0.00316001
internal_weight=0 11036.3 9243.48 8471.39 1792.85 2226.91 1358.05 772.093 1580.12 1286.93 434.805 646.792 353.107 293.685 293.192
internal_count=57922 46923 39403 36130 7520 10999 5672 3273 7011 5659 1848 3988 2303 1685 1352
is_linear=0
shrinkage=0.01


Tree=164
num_leaves=16
num_cat=0
split_feature=2 6 1 7 8 7 3 4 7 4 6 1 4 8 4
split_gain=184.736 133.449 82.6723 89.6388 45.4547 36.1567 21.4865 21.6883 16.0517 11.0961 9.2242 8.8735 4.2015 3.72697 2.90709
threshold=1.0000000180025095e-35 1.0000000180025095e-35 2.5000000000000004 1.0000000180025095e-35 1.0000000180025095e-35 1.0000000180025095e-35 1.0000000180025095e-35 1.0000000180025095e-35 1.0000000180025095e-35 1.0000000180025095e-35 1.0000000180025095e-35 2.5000000000000004 1.0000000180025095e-35 1.0000000180025095e-35 1.0000000180025095e-35
decision_type=2 2 2 2 2 2 2 2 2 2 2 2 2 2 2
left_child=1 2 3 -1 8 6 7 -2 -3 -6 11 -7 -4 -8 -12
right_child=5 4 12 -5 9 10 13 -9 -10 -11 14 -13 -14 -15 -16
leaf_value=-0.0019746001017242401 -5.0660086846690226e-05 0.0010691494833752068 -0.0056234937796559069 0.0002366887890728634 -0.0016131202997715763 0.0033847797357945226 0.0036719139646867551 0.0040422241428119572 0.0027523010695250792 0.0042054086586120545 0.0048623433922808899 -0.003882046309754277 -0.0018495183028782681 0.0018019170415205274 0.0076254199861107534
leaf_weight=4114.8272416442633 844.48293639719486 1121.6875288039446 427.26614251732826 3306.0382984876633 529.22178590297699 694.9372301697731 352.99632197618484 152.91274486482143 1144.9396878927946 34.938856109976768 287.96785908937454 17.220114573836327 31.686592951416969 152.67718861997128 43.880044534802437
leaf_count=17763 3612 4672 1892 13596 2266 3605 1818 730 4928 147 1706 77 131 695 284
internal_value=0 -0.000575156 -0.00124419 -0.000989458 0.00128717 0.00242112 0.00142815 0.000576828 0.00191936 -0.00125277 0.00385071 0.00320907 -0.00536293 0.00310731 0.0052277
internal_weight=0 10710.6 7879.82 7420.87 2830.79 2547.07 1503.07 997.396 2266.63 564.161 1044.01 712.157 458.953 505.674 331.848
internal_count=57922 45395 33382 31359 12013 12527 6855 4342 9600 2413 5672 3682 2023 2513 1990
is_linear=0
shrinkage=0.01


Tree=165
num_leaves=16
num_cat=0
split_feature=5 3 4 0 7 2 2 2 0 1 2 7 0 1 1
split_gain=181.888 123.07 111.98 104.635 29.7256 28.3506 13.8857 9.15986 5.47631 3.8065 3.50412 2.87996 2.81822 1.72822 1.41784
threshold=1.0000000180025095e-35 1.0000000180025095e-35 1.0000000180025095e-35 1.0000000180025095e-35 1.0000000180025095e-35 1.0000000180025095e-35 1.0000000180025095e-35 1.0000000180025095e-35 1.0000000180025095e-35 1.5000000000000002 1.0000000180025095e-35 1.0000000180025095e-35 1.0000000180025095e-35 1.5000000000000002 1.5000000000000002
decision_type=2 2 2 2 2 2 2 2 2 2 2 2 2 2 2
left_child=1 2 3 -1 6 8 -3 -4 14 -10 -6 13 -13 -7 -2
right_child=5 4 7 -5 10 11 -8 -9 9 -11 -12 12 -14 -15 -16
leaf_value=-0.0027633285281193696 0.0038985053949914172 0.00058178356918142714 0.0020153517902602659 -0.00046489979530935462 0.003694386686069499 0.002885819891049377 0.0029624005075031758 0.004507887514874717 0.0021946529018356865 0.0011034145096899249 0.0059200233850760734 0.0066314401080139439 0.0045009078746691064 0.0044227214777783318 0.0024985827253403291
leaf_weight=3160.6306695193052 130.7103545665741 1036.4166147112846 572.88768619298935 5305.4391792416573 345.35590122640133 147.77530424296856 320.86732979118824 198.52998861670494 594.80528554320335 691.03013876080513 88.963791161775589 80.588838770985603 270.42679044604301 144.91515710949898 162.0277656018734
leaf_count=13761 616 4222 2311 22369 1393 836 1450 962 2643 3016 455 543 1760 849 736
internal_value=0 -0.000525409 -0.00099062 -0.00132297 0.00187321 0.0026105 0.00114457 0.00265682 0.00188924 0.0016082 0.00415027 0.00437926 0.00499005 0.00364676 0.00312366
internal_weight=0 11029.1 9237.49 8466.07 1791.6 2222.28 1357.28 771.418 1578.57 1285.84 434.32 643.706 351.016 292.69 292.738
internal_count=57922 46923 39403 36130 7520 10999 5672 3273 7011 5659 1848 3988 2303 1685 1352
is_linear=0
shrinkage=0.01


Tree=166
num_leaves=16
num_cat=0
split_feature=2 6 3 8 8 8 5 1 7 7 4 0 4 4 3
split_gain=179.238 129.59 81.3733 76.2915 44.3223 35.467 21.1492 16.8493 16.1716 15.6084 10.8062 9.38494 3.81025 3.8066 1.78451
threshold=1.0000000180025095e-35 1.0000000180025095e-35 1.0000000180025095e-35 1.0000000180025095e-35 1.0000000180025095e-35 1.0000000180025095e-35 1.0000000180025095e-35 2.5000000000000004 1.0000000180025095e-35 1.0000000180025095e-35 1.0000000180025095e-35 1.0000000180025095e-35 1.0000000180025095e-35 1.0000000180025095e-35 1.0000000180025095e-35
decision_type=2 2 2 2 2 2 2 2 2 2 2 2 2 2 2
left_child=1 2 3 -1 9 6 7 -2 -4 -3 -6 13 -13 -7 -8
right_child=5 4 8 -5 10 11 14 -9 -10 -11 -12 12 -14 -15 -16
leaf_value=-0.0011204771564345506 0.0024719692413808537 0.0010554913374873601 0.00064508762424361397 -0.0039161112773721356 -0.0015951582793779634 -0.0033159957822088706 0.005124839553752392 -0.0045105307899142204 0.0034782640943501844 0.0027157467094335586 0.0041476725667112871 0.00034346896714131889 0.0039202215308255864 0.0023593599796193632 0.004024875534908815
leaf_weight=5802.3130792528391 1456.5192657411098 1121.4024710357189 594.11475430428982 1173.5837937444448 528.92675749957561 99.202260389924049 277.21711730957031 35.398728013038635 304.84173375368118 1143.8263867646456 34.929484650492668 312.06844057142735 32.925883427262306 13.416533589363096 315.17286288738251
leaf_count=24439 6689 4672 2454 5214 2266 406 1764 149 1275 4928 147 1332 147 59 1981
internal_value=0 -0.000566384 -0.00122589 -0.0015908 0.00126936 0.00238756 0.00294104 0.0023063 0.00160584 0.00189384 -0.0012394 -0.000133382 0.00068483 -0.00263988 0.00453962
internal_weight=0 10703.9 7874.85 6975.9 2829.09 2541.92 2084.31 1491.92 898.956 2265.23 563.856 457.613 344.994 112.619 592.39
internal_count=57922 45395 33382 29653 12013 12527 10583 6838 3729 9600 2413 1944 1479 465 3745
is_linear=0
shrinkage=0.01


Tree=167
num_leaves=16
num_cat=0
split_feature=2 6 1 7 8 7 3 4 7 4 6 1 4 8 4
split_gain=175.844 127.051 80.9745 87.0843 43.4526 35.1916 20.5611 20.6795 15.3213 10.5939 8.91165 8.53519 4.05969 3.57971 2.87427
threshold=1.0000000180025095e-35 1.0000000180025095e-35 2.5000000000000004 1.0000000180025095e-35 1.0000000180025095e-35 1.0000000180025095e-35 1.0000000180025095e-35 1.0000000180025095e-35 1.0000000180025095e-35 1.0000000180025095e-35 1.0000000180025095e-35 2.5000000000000004 1.0000000180025095e-35 1.0000000180025095e-35 1.0000000180025095e-35
decision_type=2 2 2 2 2 2 2 2 2 2 2 2 2 2 2
left_child=1 2 3 -1 8 6 7 -2 -3 -6 11 -7 -4 -8 -12
right_child=5 4 12 -5 9 10 13 -9 -10 -11 14 -13 -14 -15 -16
leaf_value=-0.0019338634150620948 -5.7878972833465901e-05 0.0010449395896981587 -0.0055523469928911344 0.00024650736666382249 -0.0015797636303450406 0.0033230070615502265 0.0035881189240764668 0.0039461479736509833 0.0026900803907763081 0.0041069181224935311 0.0047761805475852685 -0.0037994018022052905 -0.001841931604457898 0.0017529939668682738 0.007537201742040053
leaf_weight=4109.6654276996851 844.02638484537601 1121.3992892205715 426.1189506649971 3304.90271897614 528.74117407202721 692.35783901810646 351.37933337688446 152.2548056691885 1143.1956058293581 34.923373773694038 285.98428529500961 17.244214400649071 31.680525675415993 152.39768977463245 43.42985400557518
leaf_count=17763 3612 4672 1892 13596 2266 3605 1818 730 4928 147 1706 77 131 695 284
internal_value=0 -0.000560896 -0.00121401 -0.000962005 0.00125704 0.00236636 0.00138655 0.000554029 0.00187543 -0.00122743 0.00378093 0.00314992 -0.00529558 0.00303297 0.00514019
internal_weight=0 10700.6 7872.37 7414.57 2828.26 2539.07 1500.06 996.281 2264.59 563.665 1039.02 709.602 457.799 503.777 329.414
internal_count=57922 45395 33382 31359 12013 12527 6855 4342 9600 2413 5672 3682 2023 2513 1990
is_linear=0
shrinkage=0.01


Tree=168
num_leaves=16
num_cat=0
split_feature=5 4 0 8 3 2 1 2 4 1 7 0 8 7 1
split_gain=173.613 119.253 131.301 77.8504 40.6904 27.0423 8.19774 7.21528 5.40362 6.76702 2.78218 2.80772 1.86851 1.76134 1.70975
threshold=1.0000000180025095e-35 1.0000000180025095e-35 1.0000000180025095e-35 1.0000000180025095e-35 1.0000000180025095e-35 1.0000000180025095e-35 2.5000000000000004 1.0000000180025095e-35 1.0000000180025095e-35 1.5000000000000002 1.0000000180025095e-35 1.0000000180025095e-35 1.0000000180025095e-35 1.0000000180025095e-35 1.5000000000000002
decision_type=2 2 2 2 2 2 2 2 2 2 2 2 2 2 2
left_child=1 2 4 -4 -1 8 7 -3 9 -2 14 -12 -8 -10 -7
right_child=5 6 3 -5 -6 10 12 -9 13 -11 11 -13 -14 -15 -16
leaf_value=-0.0027218962766784724 0.0023873258741839206 0.0026230133831266094 0.00054619370291431578 -0.0020615120730102122 0.0017923160651081578 0.0028101527952978491 -0.0023483768658741312 0.0046947185575882816 0.0024667172792631467 0.00098005763993566858 0.0065404949350818488 0.0044036146340285433 0.0038463750180761903 0.0043400520242776169 0.0043430254385328076
leaf_weight=3156.0411065369844 632.9931588023901 635.80787631869316 5283.091983705759 1461.5527907907963 213.16370671987534 147.04746547341347 34.20283579826355 228.53844431042671 102.54744906723499 742.52537561953068 79.781822368502617 268.16726130247116 5.6773189306259146 98.30049155652523 144.0426180511713
leaf_count=13761 2827 2561 22120 6292 895 836 143 1127 469 3249 543 1760 24 466 849
internal_value=0 -0.000513121 -0.000824194 -1.88916e-05 -0.00243629 0.00255483 0.00296626 0.00317078 0.00185139 0.00162766 0.00429007 0.00489358 -0.0014665 0.00338358 0.00356868
internal_weight=0 11018.1 10113.8 6744.64 3369.2 2215.41 904.226 864.346 1576.37 1375.52 639.039 347.949 39.8802 200.848 291.09
internal_count=57922 46923 43068 28412 14656 10999 3855 3688 7011 6076 3988 2303 167 935 1685
is_linear=0
shrinkage=0.01


Tree=169
num_leaves=16
num_cat=0
split_feature=2 6 1 7 8 7 3 4 7 4 6 1 4 8 4
split_gain=171.089 123.712 79.232 85.0017 41.9943 34.3425 19.9977 19.8281 14.9796 10.2323 8.68066 8.33388 3.99901 3.44908 2.83097
threshold=1.0000000180025095e-35 1.0000000180025095e-35 2.5000000000000004 1.0000000180025095e-35 1.0000000180025095e-35 1.0000000180025095e-35 1.0000000180025095e-35 1.0000000180025095e-35 1.0000000180025095e-35 1.0000000180025095e-35 1.0000000180025095e-35 2.5000000000000004 1.0000000180025095e-35 1.0000000180025095e-35 1.0000000180025095e-35
decision_type=2 2 2 2 2 2 2 2 2 2 2 2 2 2 2
left_child=1 2 3 -1 8 6 7 -2 -3 -6 11 -7 -4 -8 -12
right_child=5 4 12 -5 9 10 13 -9 -10 -11 14 -13 -14 -15 -16
leaf_value=-0.0019093500974247174 -5.0475044994287505e-05 0.0010282436329224756 -0.0054949345023425113 0.00024529487369356716 -0.0015486844327128409 0.0032853850339136488 0.0035406726274852941 0.0038754998746746319 0.0026554002542442581 0.0040409859414356495 0.0047206318130766454 -0.003749396461132465 -0.0018111679673503125 0.0017381870612363398 0.0074708330134079315
leaf_weight=4106.4541184455156 843.96138459444046 1121.1771383732557 425.18485717475414 3304.1935385614634 528.29069641232491 690.76303665339947 350.42624725401402 151.77791251242161 1142.1054918915033 34.913545459508896 284.69894233345985 17.260963827371597 31.663765594363213 152.29736290872097 43.09438668191433
leaf_count=17763 3612 4672 1892 13596 2266 3605 1818 730 4928 147 1706 77 131 695 284
internal_value=0 -0.000553147 -0.00119782 -0.000948656 0.0012413 0.00233664 0.00136879 0.000547951 0.00184935 -0.00120218 0.00373677 0.00311388 -0.00523962 0.00299462 0.0050822
internal_weight=0 10694 7867.5 7410.65 2826.49 2534.28 1498.46 995.739 2263.28 563.204 1035.82 708.024 456.849 502.724 327.793
internal_count=57922 45395 33382 31359 12013 12527 6855 4342 9600 2413 5672 3682 2023 2513 1990
is_linear=0
shrinkage=0.01


Tree=170
num_leaves=16
num_cat=0
split_feature=5 3 4 0 7 2 2 2 0 1 2 8 3 4 6
split_gain=168.244 116.777 106.139 99.5698 27.8895 26.2596 12.6698 8.15956 5.39084 3.68719 3.3976 2.7122 1.8201 1.39132 1.15807
threshold=1.0000000180025095e-35 1.0000000180025095e-35 1.0000000180025095e-35 1.0000000180025095e-35 1.0000000180025095e-35 1.0000000180025095e-35 1.0000000180025095e-35 1.0000000180025095e-35 1.0000000180025095e-35 2.5000000000000004 1.0000000180025095e-35 1.0000000180025095e-35 1.0000000180025095e-35 1.0000000180025095e-35 1.0000000180025095e-35
decision_type=2 2 2 2 2 2 2 2 2 2 2 2 2 2 2
left_child=1 2 3 -1 6 8 -3 -4 13 -10 -6 12 -7 -2 -13
right_child=5 4 7 -5 10 11 -8 -9 9 -11 -12 14 -14 -15 -16
leaf_value=-0.0026895077457563428 0.0027010387371160581 0.00059008426778928017 0.0019923813831795299 -0.00044517739378018099 0.0035935074123019991 0.0050163008052534113 0.002867366007180953 0.0043516197808562409 0.0016141544948458629 -0.0026854762982671545 0.005792428096388579 6.8939053873990933e-05 0.0038999299036887531 0.0044102954761114496 0.0032061289792818921
leaf_weight=3152.8476218134165 231.8813854008913 1036.0678726434708 572.81894618272781 5299.2944923341274 345.22361981868744 274.52504777908325 319.68993569910526 197.01726028323174 1262.778803601861 20.265020206570625 88.2246373295784 19.269125878810883 312.04174004495144 59.930554434657097 30.221315175294876
leaf_count=13761 1055 4222 2311 22369 1393 1764 1450 962 5576 83 455 90 1981 297 153
internal_value=0 -0.000504985 -0.000958592 -0.00128237 0.00183301 0.00251787 0.00112707 0.00259616 0.00182527 0.00154624 0.00404108 0.00423274 0.00442241 0.00305208 0.00198466
internal_weight=0 11011.2 9221.98 8452.14 1789.21 2210.91 1355.76 769.836 1574.86 1283.04 433.448 636.057 586.567 291.812 49.4904
internal_count=57922 46923 39403 36130 7520 10999 5672 3273 7011 5659 1848 3988 3745 1352 243
is_linear=0
shrinkage=0.01


Tree=171
num_leaves=16
num_cat=0
split_feature=2 6 3 8 8 7 3 4 7 7 4 4 6 8 6
split_gain=166.003 120.142 78.078 73.1049 40.9516 33.692 19.1989 19.0039 15.059 14.5675 9.95968 8.441 7.24533 3.38373 1.20817
threshold=1.0000000180025095e-35 1.0000000180025095e-35 1.0000000180025095e-35 1.0000000180025095e-35 1.0000000180025095e-35 1.0000000180025095e-35 1.0000000180025095e-35 1.0000000180025095e-35 1.0000000180025095e-35 1.0000000180025095e-35 1.0000000180025095e-35 1.0000000180025095e-35 1.0000000180025095e-35 1.0000000180025095e-35 1.0000000180025095e-35
decision_type=2 2 2 2 2 2 2 2 2 2 2 2 2 2 2
left_child=1 2 3 -1 9 6 7 -2 -4 -3 -6 12 -7 -8 -13
right_child=5 4 8 -5 10 11 13 -9 -10 -11 -12 14 -14 -15 -16
leaf_value=-0.0010779145777163391 -4.3574181376645202e-05 0.0010151120296123246 0.00066694273758645991 -0.0038189400519821129 -0.0015314024261783017 0.0027304492882222536 0.0034831836808857466 0.0038051684845752188 0.0034018259287497627 0.0026202106941130153 0.0039842960641169253 0.0053766225863990788 0.0046638196164811904 0.0016960530532805444 0.007406487141203324
leaf_weight=5794.7540803402662 843.88954731822014 1120.8963074088097 593.89100559055805 1169.3695496767759 528.00504371523857 613.27479280531406 349.32925990223885 151.29407545924187 304.59606759250164 1141.0185283720493 34.90137580037117 93.238678053021431 283.40791608393192 152.06406033039093 42.773578256368637
leaf_count=24439 3612 4672 2454 5214 2266 3145 1818 730 1275 4928 147 537 1706 695 284
internal_value=0 -0.000544725 -0.00118023 -0.00153817 0.00122415 0.00230422 0.00134548 0.000541536 0.0015941 0.0018248 -0.00118942 0.00369363 0.00334152 0.00294118 0.00601498
internal_weight=0 10687.4 7862.61 6964.12 2824.82 2529.27 1496.58 995.184 898.487 2261.91 562.906 1032.69 896.683 501.393 136.012
internal_count=57922 45395 33382 29653 12013 12527 6855 4342 3729 9600 2413 5672 4851 2513 821
is_linear=0
shrinkage=0.01


Tree=172
num_leaves=16
num_cat=0
split_feature=2 6 1 7 8 7 3 4 7 4 4 6 4 8 6
split_gain=162.858 117.787 77.5813 82.5735 40.1479 33.1532 18.8567 18.657 14.2991 9.76412 8.34157 7.15169 3.86417 3.33022 1.20125
threshold=1.0000000180025095e-35 1.0000000180025095e-35 2.5000000000000004 1.0000000180025095e-35 1.0000000180025095e-35 1.0000000180025095e-35 1.0000000180025095e-35 1.0000000180025095e-35 1.0000000180025095e-35 1.0000000180025095e-35 1.0000000180025095e-35 1.0000000180025095e-35 1.0000000180025095e-35 1.0000000180025095e-35 1.0000000180025095e-35
decision_type=2 2 2 2 2 2 2 2 2 2 2 2 2 2 2
left_child=1 2 3 -1 8 6 7 -2 -3 -6 11 -7 -4 -8 -12
right_child=5 4 12 -5 9 10 13 -9 -10 -11 14 -13 -14 -15 -16
leaf_value=-0.0018700226387513234 -4.3138008973436637e-05 0.0010049656913676487 -0.0054250687469607692 0.00025440858735501155 -0.0015166090263964928 0.0027064403862678737 0.0034538038882775809 0.0037726926867324611 0.0025954260165400832 0.0039452322553548257 0.0053384974453400055 0.0046293684976523967 -0.0018032946609618256 0.0016800774174505764 0.0073666925751838834
leaf_weight=4101.3957358449697 843.89683245122433 1120.8912610858679 424.04983019828796 3303.0674413889647 527.82480838894844 612.53186511993408 348.78056353330612 151.07157680392265 1140.3983774930239 34.894517242908478 92.96687650680542 282.66557551920414 31.657975509762764 151.97535344958305 42.575588911771774
leaf_count=17763 3612 4672 1892 13596 2266 3145 1818 730 4928 147 537 1706 131 695 284
internal_value=0 -0.000539445 -0.0011688 -0.000922332 0.00121226 0.00228374 0.00133279 0.000536241 0.00180706 -0.00117792 0.00366367 0.00331362 -0.00517346 0.00291549 0.00597558
internal_weight=0 10684.2 7860.17 7404.46 2824.01 2526.46 1495.72 994.968 2261.29 562.719 1030.74 895.197 455.708 500.756 135.542
internal_count=57922 45395 33382 31359 12013 12527 6855 4342 9600 2413 5672 4851 2023 2513 821
is_linear=0
shrinkage=0.01


Tree=173
num_leaves=16
num_cat=0
split_feature=5 4 0 8 3 2 1 2 0 1 8 3 8 4 1
split_gain=160.825 112.918 125.068 73.5264 38.2659 25.1545 7.93757 6.23753 5.30492 3.62382 2.61639 1.85456 1.83483 1.37538 1.13623
threshold=1.0000000180025095e-35 1.0000000180025095e-35 1.0000000180025095e-35 1.0000000180025095e-35 1.0000000180025095e-35 1.0000000180025095e-35 2.5000000000000004 1.0000000180025095e-35 1.0000000180025095e-35 1.5000000000000002 1.0000000180025095e-35 1.0000000180025095e-35 1.0000000180025095e-35 1.0000000180025095e-35 1.0000000180025095e-35
decision_type=2 2 2 2 2 2 2 2 2 2 2 2 2 2 2
left_child=1 2 4 -4 -1 8 7 -3 13 -10 11 -7 -8 -2 -12
right_child=5 6 3 -5 -6 10 12 -9 9 -11 14 -13 -14 -15 -16
leaf_value=-0.002649409539097754 0.002657758842619653 0.0025903928590637142 0.00053890841297873145 -0.0019976351959993463 0.0017303236167055646 0.0049399210097502881 -0.0023428436078737308 0.0045231528301049448 0.0020853048369624972 0.001018709179252866 -0.0011694226833051274 0.0038090378226672849 0.0037991667030411848 0.0043594216630724811 0.0026807664885100313
leaf_weight=3148.3597412407398 231.46605518460274 635.70605073869228 5278.1795216798782 1458.5596994906664 212.9831173568964 272.6364728808403 34.155462980270386 226.46006867289543 592.39515224099159 689.06812399625778 9.487445190548895 309.78360413014889 5.6713922768831244 59.761405646800995 39.898804977536201
leaf_count=13761 1055 2561 22120 6292 895 1764 143 1127 2643 3016 44 1981 24 297 199
internal_value=0 -0.00049358 -0.000796387 -1.02742e-05 -0.0023719 0.0024657 0.00289644 0.00309806 0.00178865 0.00151178 0.00415103 0.00433842 -0.00146821 0.00300695 0.00194112
internal_weight=0 11000.1 10098.1 6736.74 3361.34 2204.5 901.993 862.166 1572.69 1281.46 631.806 582.42 39.8269 291.227 49.3863
internal_count=57922 46923 43068 28412 14656 10999 3855 3688 7011 5659 3988 3745 167 1352 243
is_linear=0
shrinkage=0.01


Tree=174
num_leaves=16
num_cat=0
split_feature=2 6 3 8 8 7 3 4 7 7 4 6 1 8 4
split_gain=158.461 114.69 76.021 70.5818 38.8 32.3938 18.3534 17.8762 14.4548 13.9912 9.42715 8.12404 8.13121 3.19108 2.7337
threshold=1.0000000180025095e-35 1.0000000180025095e-35 1.0000000180025095e-35 1.0000000180025095e-35 1.0000000180025095e-35 1.0000000180025095e-35 1.0000000180025095e-35 1.0000000180025095e-35 1.0000000180025095e-35 1.0000000180025095e-35 1.0000000180025095e-35 1.0000000180025095e-35 2.5000000000000004 1.0000000180025095e-35 1.0000000180025095e-35
decision_type=2 2 2 2 2 2 2 2 2 2 2 2 2 2 2
left_child=1 2 3 -1 9 6 7 -2 -4 -3 -6 12 -7 -8 -13
right_child=5 4 8 -5 10 11 13 -9 -10 -11 -12 14 -14 -15 -16
leaf_value=-0.0010546327215189832 -3.7083480448002763e-05 0.00098853817837246975 0.0006763373247284382 -0.0037509106383537688 -0.0014866771456475436 0.0031889965250742531 0.0034065619852801836 0.0037031548726991254 0.0033564098816827727 0.0025622215117230957 0.0038810996854959298 0.0045766356731628171 -0.0037632828330691564 0.001669268819928468 0.0073041571708534966
leaf_weight=5790.7675284743309 843.77831272780895 1120.6567543298006 593.76983396708965 1166.4392067492008 527.38385289907455 686.74617998301983 347.82643434405327 150.58991266787052 304.4157168418169 1139.3436964005232 34.882427737116814 281.45967574417591 17.245349198579788 151.90181483328342 42.264261737465858
leaf_count=24439 3612 4672 2454 5214 2266 3605 1818 730 1275 4928 147 1706 77 695 284
internal_value=0 -0.000532009 -0.00115322 -0.00150669 0.00119705 0.00225505 0.00131506 0.000529349 0.00158468 0.00178189 -0.00115367 0.0036216 0.00301869 0.00287848 0.00493273
internal_weight=0 10677.7 7855.39 6957.21 2822.27 2521.81 1494.1 994.368 898.186 2260 562.266 1027.72 703.992 499.728 323.724
internal_count=57922 45395 33382 29653 12013 12527 6855 4342 3729 9600 2413 5672 3682 2513 1990
is_linear=0
shrinkage=0.01


Tree=175
num_leaves=16
num_cat=0
split_feature=5 4 0 8 3 2 1 2 4 1 8 3 8 7 6
split_gain=155.635 110.174 122.235 70.928 37.1197 24.4679 7.76103 5.93455 5.26671 6.54035 2.55318 1.8607 1.8054 1.65949 1.13846
threshold=1.0000000180025095e-35 1.0000000180025095e-35 1.0000000180025095e-35 1.0000000180025095e-35 1.0000000180025095e-35 1.0000000180025095e-35 2.5000000000000004 1.0000000180025095e-35 1.0000000180025095e-35 1.5000000000000002 1.0000000180025095e-35 1.0000000180025095e-35 1.0000000180025095e-35 1.0000000180025095e-35 1.0000000180025095e-35
decision_type=2 2 2 2 2 2 2 2 2 2 2 2 2 2 2
left_child=1 2 4 -4 -1 8 7 -3 9 -2 11 -7 -8 -10 -12
right_child=5 6 3 -5 -6 10 12 -9 13 -11 14 -13 -14 -15 -16
leaf_value=-0.0026165642297242197 0.0022884692766556207 0.0025696826510224731 0.00053190443649805995 -0.0019604760228793669 0.0016972876305818996 0.0048850129973528819 -0.0023196457133315132 0.0044573471945595 0.0023868147538299699 0.00090274689339458992 9.9531140754507485e-06 0.003749511561640338 0.003773873815970062 0.0042096016294780984 0.003125306765727046
leaf_weight=3145.2311257719994 630.63127221167088 635.68915042281151 5277.007235661149 1457.0666789412498 212.97515451908112 271.29519359767437 34.142391189932823 225.67281046509743 102.20993848145008 740.59935925900936 19.225017383694649 308.31514112651348 5.6696682423353186 97.678149208426476 30.089026719331741
leaf_count=13761 2827 2561 22120 6292 895 1764 143 1127 469 3249 90 1981 24 466 153
internal_value=0 -0.000485405 -0.00078455 -7.37751e-06 -0.00234298 0.00242833 0.00286473 0.00306424 0.0017611 0.00154004 0.00409515 0.004281 -0.00145186 0.00327755 0.00191079
internal_weight=0 10993.5 10092.3 6734.07 3358.21 2200.04 901.174 861.362 1571.12 1371.23 628.924 579.61 39.8121 199.888 49.314
internal_count=57922 46923 43068 28412 14656 10999 3855 3688 7011 6076 3988 3745 167 935 243
is_linear=0
shrinkage=0.01


Tree=176
num_leaves=16
num_cat=0
split_feature=2 6 1 7 8 7 3 4 7 4 4 6 4 8 6
split_gain=154.189 111.675 75.6164 79.611 37.4936 31.6515 17.8579 17.1259 13.6794 9.10192 7.95339 6.76533 3.80736 3.06006 1.182
threshold=1.0000000180025095e-35 1.0000000180025095e-35 2.5000000000000004 1.0000000180025095e-35 1.0000000180025095e-35 1.0000000180025095e-35 1.0000000180025095e-35 1.0000000180025095e-35 1.0000000180025095e-35 1.0000000180025095e-35 1.0000000180025095e-35 1.0000000180025095e-35 1.0000000180025095e-35 1.0000000180025095e-35 1.0000000180025095e-35
decision_type=2 2 2 2 2 2 2 2 2 2 2 2 2 2 2
left_child=1 2 3 -1 8 6 7 -2 -3 -6 11 -7 -4 -8 -12
right_child=5 4 12 -5 9 10 13 -9 -10 -11 14 -13 -14 -15 -16
leaf_value=-0.0018261328319539327 -3.1053467123376244e-05 0.00097264564393146269 -0.0053480410552873064 0.00026087046562339467 -0.0014571772411866991 0.0026476741730589765 0.0033599270303270169 0.0036348001595145995 0.0025291329258315225 0.0038181478479825007 0.0052171020794998168 0.0045244264304869167 -0.0017509118205083969 0.0016576617526026019 0.0072421138851078452
leaf_weight=4095.053650483489 843.66200971603394 1120.4379352778196 422.71389250457287 3301.302001863718 526.94946633279324 610.40634080767632 346.88498556613922 150.11470201611519 1138.2820230871439 34.870913237333298 92.092962086200714 280.26944606006145 31.626116707921028 151.82266192138195 41.956757038831711
leaf_count=17763 3612 4672 1892 13596 2266 3145 1818 730 4928 147 537 1706 131 695 284
internal_value=0 -0.000524684 -0.00113786 -0.000894616 0.00118202 0.00222673 0.00129758 0.000522691 0.00175704 -0.00112975 0.00358001 0.00323823 -0.00509765 0.0028417 0.00585092
internal_weight=0 10671.2 7850.7 7396.36 2820.54 2517.21 1492.48 993.777 2258.72 561.82 1024.73 890.676 454.34 498.708 134.05
internal_count=57922 45395 33382 31359 12013 12527 6855 4342 9600 2413 5672 4851 2023 2513 821
is_linear=0
shrinkage=0.01


Tree=177
num_leaves=16
num_cat=0
split_feature=2 3 8 1 8 4 7 5 1 0 8 4 3 4 3
split_gain=151.264 110.458 87.8437 90.6793 31.1566 21.5051 20.952 17.8631 15.8014 8.96899 8.34822 3.80983 3.36135 3.19322 1.866
threshold=1.0000000180025095e-35 1.0000000180025095e-35 1.0000000180025095e-35 2.5000000000000004 1.0000000180025095e-35 1.0000000180025095e-35 1.0000000180025095e-35 1.0000000180025095e-35 2.5000000000000004 1.0000000180025095e-35 1.0000000180025095e-35 1.0000000180025095e-35 1.0000000180025095e-35 1.0000000180025095e-35 1.0000000180025095e-35
decision_type=2 2 2 2 2 2 2 2 2 2 2 2 2 2 2
left_child=1 2 3 -1 7 -4 10 8 -2 13 -3 -8 -11 -6 -9
right_child=4 6 5 -5 9 -7 11 14 -10 12 -12 -13 -14 -15 -16
leaf_value=-0.00028578662865437081 0.0023114753368457643 0.001287122039035258 -0.0035623653053433535 -0.0051419718699013415 -0.0032247921728871445 0.0014671943774831656 0.0025636008858269054 0.0048305325458667375 -0.0044496967384898816 -0.00014503834570555715 -0.00037824537772197125 0.0048014758204418181 0.0018809173036158076 0.0019972147904405301 0.0036906783313473586
leaf_weight=6617.0644356012344 1445.5277220606804 951.06227940320969 1383.2340639382601 408.24203903973103 99.159065723419189 90.579138666391373 691.96279330551624 269.96916805207729 35.413116723299026 210.03167667984962 440.38352258503437 85.470204666256905 134.23394645750523 13.2779633551836 306.86982342600822
leaf_count=27860 6689 3951 6215 1806 406 373 2986 1764 149 863 1819 385 616 59 1981
internal_value=0 -0.000519598 -0.00103363 -0.000567981 0.00220688 -0.00325325 0.00149472 0.00273128 0.0021498 -0.000155962 0.000760044 0.00280963 0.00064491 -0.00260811 0.00422415
internal_weight=0 10668 8499.12 7025.31 2514.48 1473.81 2168.88 2057.78 1480.94 456.703 1391.45 777.433 344.266 112.437 576.839
internal_count=57922 45395 36254 29666 12527 6588 9141 10583 6838 1944 5770 3371 1479 465 3745
is_linear=0
shrinkage=0.01


Tree=178
num_leaves=16
num_cat=0
split_feature=5 4 0 8 6 2 1 2 0 1 7 0 8 1 1
split_gain=148.832 106.803 118.929 67.5308 36.293 23.2492 7.43563 5.53464 5.22379 3.49216 2.47129 2.84195 1.7371 1.70671 1.35078
threshold=1.0000000180025095e-35 1.0000000180025095e-35 1.0000000180025095e-35 1.0000000180025095e-35 1.0000000180025095e-35 1.0000000180025095e-35 2.5000000000000004 1.0000000180025095e-35 1.0000000180025095e-35 2.5000000000000004 1.0000000180025095e-35 1.0000000180025095e-35 1.0000000180025095e-35 1.5000000000000002 1.5000000000000002
decision_type=2 2 2 2 2 2 2 2 2 2 2 2 2 2 2
left_child=1 2 4 -4 -1 8 7 -3 14 -10 13 -12 -8 -7 -2
right_child=5 6 3 -5 -6 10 12 -9 9 -11 11 -13 -14 -15 -16
leaf_value=-0.0027532349063100398 0.0037002677374945686 0.002544733486010007 0.00052366412672918581 -0.0019098640444981661 0.00012066973824891006 0.0025624595238369153 -0.0022528736981002381 0.0043708793745286818 0.0015203566663112142 -0.002664536442748563 0.0062711314677247297 0.0040895089848961477 0.0037243185405133766 0.0041071473873464095 0.0023280512326863977
leaf_weight=2833.6045124381781 129.45343247056007 635.6615352332592 5274.5338916778564 1454.8581902831793 520.06750701367855 144.67824837565422 34.107773005962372 224.60946674644947 1258.5940470695496 20.260986730456352 77.425613775849342 260.98757837712765 5.6705197393894187 141.47067625820637 160.89748352766037
leaf_count=12453 616 2561 22120 6292 2203 836 143 1127 5576 83 543 1760 24 849 736
internal_value=0 -0.00047452 -0.000769143 -2.45151e-06 -0.00230757 0.00237844 0.00282608 0.00302152 0.00172897 0.00145406 0.00401022 0.00458864 -0.00140081 0.00332615 0.00293986
internal_weight=0 10983.1 10083.1 6729.39 3353.67 2193.77 900.049 860.271 1569.21 1278.86 624.562 338.413 39.7783 286.149 290.351
internal_count=57922 46923 43068 28412 14656 10999 3855 3688 7011 5659 3988 2303 167 1685 1352
is_linear=0
shrinkage=0.01


Tree=179
num_leaves=16
num_cat=0
split_feature=2 6 4 0 8 7 3 4 7 1 4 6 1 8 6
split_gain=147.206 107.552 72.9253 72.393 35.6096 30.6721 17.2764 16.357 13.3127 9.10112 7.73243 6.51628 4.94021 2.90577 1.17658
threshold=1.0000000180025095e-35 1.0000000180025095e-35 1.0000000180025095e-35 1.0000000180025095e-35 1.0000000180025095e-35 1.0000000180025095e-35 1.0000000180025095e-35 1.0000000180025095e-35 1.0000000180025095e-35 1.5000000000000002 1.0000000180025095e-35 1.0000000180025095e-35 2.5000000000000004 1.0000000180025095e-35 1.0000000180025095e-35
decision_type=2 2 2 2 2 2 2 2 2 2 2 2 2 2 2
left_child=1 2 3 -1 8 6 7 -2 -3 -6 11 -7 -4 -8 -12
right_child=5 4 12 -5 9 10 13 -9 -10 -11 14 -13 -14 -15 -16
leaf_value=-0.0027589166347886727 -3.8063856724258062e-05 0.00094984952626196663 0.0023707633710634926 -0.00066119517363395113 -0.0024371199465757993 0.0025983599751931057 0.0032926380161536943 0.0035508208309970382 0.002485872971982943 0.00011382823144266987 0.0051297934514674716 0.0044451365304053764 -0.001687785513069543 0.001632216802293163 0.0071592383019539489
leaf_weight=2535.7920674681664 843.18910683691502 1120.2015458196402 592.40289688110352 4683.8448370993137 265.10418298840523 608.65516100823879 345.52332238852978 149.51288019120693 1136.9224773198366 296.03879392147064 91.458388984203339 278.4761014431715 31.591250076889992 151.65655522048473 41.543065011501312
leaf_count=11184 3612 4672 2435 19632 1138 3145 1818 730 4928 1275 537 1706 131 695 284
internal_value=0 -0.000512476 -0.00111452 -0.00139799 0.00116308 0.00217926 0.00126454 0.000502465 0.00172355 -0.00109133 0.00351518 0.00317807 0.00216529 0.00278615 0.00576369
internal_weight=0 10661.9 7843.63 7219.64 2818.27 2510.01 1489.88 992.702 2257.12 561.143 1020.13 887.131 623.994 497.18 133.001
internal_count=57922 45395 33382 30816 12013 12527 6855 4342 9600 2413 5672 4851 2566 2513 821
is_linear=0
shrinkage=0.01


Tree=180
num_leaves=16
num_cat=0
split_feature=2 3 8 1 7 4 7 3 4 8 4 6 4 8 3
split_gain=144.412 106.565 85.0349 88.2872 30.1768 20.5307 20.1324 16.9669 16.0574 7.85706 7.63995 6.43067 3.68234 2.85951 1.17333
threshold=1.0000000180025095e-35 1.0000000180025095e-35 1.0000000180025095e-35 2.5000000000000004 1.0000000180025095e-35 1.0000000180025095e-35 1.0000000180025095e-35 1.0000000180025095e-35 1.0000000180025095e-35 1.0000000180025095e-35 1.0000000180025095e-35 1.0000000180025095e-35 1.0000000180025095e-35 1.0000000180025095e-35 1.0000000180025095e-35
decision_type=2 2 2 2 2 2 2 2 2 2 2 2 2 2 2
left_child=1 2 3 -1 7 -4 9 8 -2 -3 11 -6 -8 -9 -12
right_child=4 6 5 -5 10 -7 12 13 -10 -11 14 -13 -14 -15 -16
leaf_value=-0.00027637965689465265 -3.7682786738880798e-05 0.0012630311394093506 -0.0035018725447258665 -0.0050738073965535648 0.0025753939740414929 0.0014114100411002641 0.0025199147669187844 0.0032646695728950842 0.0035203173793541395 -0.00035295622521278063 0.005169023762323928 0.0044119337765115988 0.0047228169204124185 0.0016168141210824974 0.0073161663902201104
leaf_weight=6613.599198654294 843.19543050229549 950.77625143527985 1380.067576110363 407.22184580564499 607.94545683264732 90.632474467158318 691.09541055560112 345.00121568143368 149.30137896537781 440.16391372680664 98.197183191776276 277.76964150369167 85.240257978439331 151.57075120508671 34.354526430368423
leaf_count=27860 3612 3951 6215 1806 3145 373 2986 1818 730 1819 589 1706 385 695 232
internal_value=0 -0.000507501 -0.00101265 -0.00055464 0.00215979 -0.00319909 0.0014717 0.00125259 0.000497547 0.000751651 0.00348644 0.00315135 0.00276179 0.00276169 0.00572552
internal_weight=0 10658.8 8491.52 7020.82 2507.34 1470.7 2167.28 1489.07 992.497 1390.94 1018.27 885.715 776.336 496.572 132.552
internal_count=57922 45395 36254 29666 12527 6588 9141 6855 4342 5770 5672 4851 3371 2513 821
is_linear=0
shrinkage=0.01


Tree=181
num_leaves=16
num_cat=0
split_feature=5 3 4 7 7 2 2 1 0 1 2 8 3 1 1
split_gain=142.555 103.622 92.7673 90.6655 24.7408 22.1906 10.5763 6.64918 5.17668 3.44985 3.21237 2.3772 1.90046 1.32478 1.11997
threshold=1.0000000180025095e-35 1.0000000180025095e-35 1.0000000180025095e-35 1.0000000180025095e-35 1.0000000180025095e-35 1.0000000180025095e-35 1.0000000180025095e-35 2.5000000000000004 1.0000000180025095e-35 1.5000000000000002 1.0000000180025095e-35 1.0000000180025095e-35 1.0000000180025095e-35 1.5000000000000002 1.0000000180025095e-35
decision_type=2 2 2 2 2 2 2 2 2 2 2 2 2 2 2
left_child=1 2 3 -1 6 8 -3 -4 13 -10 -6 12 -7 -2 -13
right_child=5 4 7 -5 10 11 -8 -9 9 -11 -12 14 -14 -15 -16
leaf_value=-0.002103667068342249 0.0036579899109778864 0.00058631465419619255 0.0026438710762349367 -1.0092518332339772e-05 0.003392650068813099 0.0047279457359115061 0.0026732194546910922 -0.0017953963770381415 0.0019845523384537903 0.00094220309042394022 0.0055452726440460669 -0.0012729948854283068 0.0035722099572762884 0.0022978555860450884 0.0025576556844122906
leaf_weight=4769.1211488097906 129.17954188585281 1035.5572911947966 730.77775575220585 3652.9821806699038 344.88857093453407 267.47730529308319 317.24038308858871 35.373219355940819 590.18200832605362 687.28736291825771 86.765403538942337 9.4520692676305753 303.96951089799404 160.68980368971825 39.645835906267166
leaf_count=20755 616 4222 3124 15375 1393 1764 1450 149 2643 3016 455 44 1981 736 199
internal_value=0 -0.000464288 -0.000892546 -0.00119561 0.00174084 0.00233121 0.00107571 0.00243891 0.00169752 0.00142376 0.00382534 0.00393175 0.00411318 0.002904 0.0018202
internal_weight=0 10972.7 9188.25 8422.1 1784.45 2187.88 1352.8 766.151 1567.34 1277.47 431.654 620.545 571.447 289.869 49.0979
internal_count=57922 46923 39403 36130 7520 10999 5672 3273 7011 5659 1848 3988 3745 1352 243
is_linear=0
shrinkage=0.01


Tree=182
num_leaves=16
num_cat=0
split_feature=2 6 1 7 8 7 0 4 7 1 1 4 6 4 6
split_gain=140.378 103.807 71.0686 75.1583 33.9801 29.3209 16.4823 34.6549 12.7468 9.69295 8.95824 7.48885 6.24855 3.72682 1.17044
threshold=1.0000000180025095e-35 1.0000000180025095e-35 2.5000000000000004 1.0000000180025095e-35 1.0000000180025095e-35 1.0000000180025095e-35 1.0000000180025095e-35 1.0000000180025095e-35 1.0000000180025095e-35 2.5000000000000004 1.5000000000000002 1.0000000180025095e-35 1.0000000180025095e-35 1.0000000180025095e-35 1.0000000180025095e-35
decision_type=2 2 2 2 2 2 2 2 2 2 2 2 2 2 2
left_child=1 2 3 -1 8 6 7 -2 -3 -8 -6 12 -7 -4 -13
right_child=5 4 13 -5 10 11 9 -9 -10 -11 -12 14 -14 -15 -16
leaf_value=-0.001763020002146885 -0.0019254570871662668 0.0009371684758847737 -0.0051916167331154065 0.00026613542046861844 -0.0023931734615909909 0.0025422818612700826 0.0020007058695975478 0.0054749951848152168 0.0024407843456599461 -0.0055431885381489587 0.00013910960219083105 0.0050311290696430332 0.004355928668943289 -0.0016282054889651329 0.0070654962150776971
leaf_weight=4085.724330842495 325.42610481381416 1119.786049708724 420.11293302476406 3299.4046143591404 264.7448553442955 606.81292153894901 1066.2287545204163 78.551249697804451 1135.5387343913317 17.30844758450985 295.77541795372963 90.752657935023308 276.53587259352207 31.554307028651237 41.083264037966728
leaf_count=17763 1413 4672 1892 13596 1138 3145 4957 409 4928 76 1275 537 1706 131 284
internal_value=0 -0.000500249 -0.00109197 -0.000856468 0.00114658 0.00213164 0.00123746 -0.000486478 0.00169423 0.0018802 -0.00105694 0.00344186 0.00311005 -0.00494267 0.00566509
internal_weight=0 10652.6 7836.8 7385.13 2815.85 2502.7 1487.51 403.977 2255.32 1083.54 560.52 1015.18 883.349 451.667 131.836
internal_count=57922 45395 33382 31359 12013 12527 6855 1822 9600 5033 2413 5672 4851 2023 821
is_linear=0
shrinkage=0.01


Tree=183
num_leaves=16
num_cat=0
split_feature=5 3 4 0 7 2 2 1 0 1 2 8 3 4 6
split_gain=138.219 101.133 90.5017 88.4557 23.9613 21.5658 10.152 6.46667 5.09112 3.38755 3.13398 2.32636 1.88085 1.30508 1.11838
threshold=1.0000000180025095e-35 1.0000000180025095e-35 1.0000000180025095e-35 1.0000000180025095e-35 1.0000000180025095e-35 1.0000000180025095e-35 1.0000000180025095e-35 2.5000000000000004 1.0000000180025095e-35 1.5000000000000002 1.0000000180025095e-35 1.0000000180025095e-35 1.0000000180025095e-35 1.0000000180025095e-35 1.0000000180025095e-35
decision_type=2 2 2 2 2 2 2 2 2 2 2 2 2 2 2
left_child=1 2 3 -1 6 8 -3 -4 13 -10 -6 12 -7 -2 -13
right_child=5 4 7 -5 10 11 -8 -9 9 -11 -12 14 -14 -15 -16
leaf_value=-0.0025109369371291651 0.0025304942720884276 0.00058827054819947247 0.0026136985528864825 -0.00039026472896413426 0.0033480358954724823 0.0046731585178130504 0.0026341152751342338 -0.0017650631296241279 0.0019581317511449849 0.0009248229756216109 0.0054781154590143287 -9.7302813491139452e-05 0.0035207791809334517 0.0041950926016686351 0.0029986050153212869
leaf_weight=3133.3112464845181 230.23800626397133 1035.4664131850004 730.22176603972912 5283.5429536998272 344.80166275799274 266.16527459025383 316.7514643073082 35.36022937297821 589.59757536649704 686.88762412965298 86.375632628798485 19.144090786576271 302.71347704529762 59.212735280394554 29.881258204579353
leaf_count=13761 1055 4222 3124 22369 1393 1764 1450 149 2643 3016 455 90 1981 297 153
internal_value=0 -0.000457082 -0.000880307 -0.00117972 0.00172204 0.00229785 0.0010675 0.00241146 0.00167362 0.0014021 0.00377474 0.00387982 0.00405995 0.00287102 0.00178967
internal_weight=0 10965.8 9182.44 8416.85 1783.4 2183.84 1352.22 765.582 1565.94 1276.49 431.177 617.904 568.879 289.451 49.0253
internal_count=57922 46923 39403 36130 7520 10999 5672 3273 7011 5659 1848 3988 3745 1352 243
is_linear=0
shrinkage=0.01


Tree=184
num_leaves=16
num_cat=0
split_feature=2 6 1 7 8 8 5 1 7 1 0 4 3 4 3
split_gain=136.352 100.807 69.532 73.5978 33.1347 28.9521 15.799 15.1856 12.4001 8.79917 8.43338 3.66558 2.99566 2.80998 1.85798
threshold=1.0000000180025095e-35 1.0000000180025095e-35 2.5000000000000004 1.0000000180025095e-35 1.0000000180025095e-35 1.0000000180025095e-35 1.0000000180025095e-35 2.5000000000000004 1.0000000180025095e-35 1.5000000000000002 1.0000000180025095e-35 1.0000000180025095e-35 1.0000000180025095e-35 1.0000000180025095e-35 1.0000000180025095e-35
decision_type=2 2 2 2 2 2 2 2 2 2 2 2 2 2 2
left_child=1 2 3 -1 8 6 7 -2 -3 -6 13 -4 -12 -7 -8
right_child=5 4 11 -5 9 10 14 -9 -10 -11 12 -13 -14 -15 -16
leaf_value=-0.0017409333596685769 0.0022252611892101082 0.00092469917832340223 -0.005136587290180513 0.00026749561958431921 -0.0023708857307159254 -0.0031304929558964791 0.004640079655927689 -0.0044017413905121728 0.0024081544197236491 0.00013935015310250455 -0.00014269303826048825 -0.0016013734026946165 0.0017724830200518064 0.0017825019479096838 0.0034932472428014635
leaf_weight=4082.7646857053041 1439.4185455441475 1119.5169594734907 419.18486991524696 3298.6622319221497 264.56675091385841 99.161633685231209 265.38604570925236 35.428863242268562 1134.4956905394793 295.73046411573887 209.95417834818363 31.536541283130646 133.67033751308918 13.190032437443731 302.05163060128689
leaf_count=17763 6689 4672 1892 13596 1138 406 1764 149 4928 1275 863 131 616 59 1981
internal_value=0 -0.000492926 -0.00107622 -0.000843393 0.00113037 0.00210296 0.00261163 0.00206607 0.00167136 -0.00104596 -0.000175325 -0.00488923 0.000602313 -0.00255371 0.00402961
internal_weight=0 10646.5 7832.15 7381.43 2814.31 2498.26 2042.29 1474.85 2254.01 560.297 455.976 450.721 343.625 112.352 567.438
internal_count=57922 45395 33382 31359 12013 12527 10583 6838 9600 2413 1944 2023 1479 465 3745
is_linear=0
shrinkage=0.01


Tree=185
num_leaves=16
num_cat=0
split_feature=2 3 8 1 7 4 7 0 4 1 8 4 6 4 3
split_gain=133.76 99.6424 81.1198 83.5191 28.55 19.5417 18.3797 15.8323 33.5202 9.36249 7.4345 7.31935 6.00951 3.63336 1.16003
threshold=1.0000000180025095e-35 1.0000000180025095e-35 1.0000000180025095e-35 2.5000000000000004 1.0000000180025095e-35 1.0000000180025095e-35 1.0000000180025095e-35 1.0000000180025095e-35 1.0000000180025095e-35 2.5000000000000004 1.0000000180025095e-35 1.0000000180025095e-35 1.0000000180025095e-35 1.0000000180025095e-35 1.0000000180025095e-35
decision_type=2 2 2 2 2 2 2 2 2 2 2 2 2 2 2
left_child=1 2 3 -1 7 -4 10 8 -2 -9 -3 12 -6 -8 -13
right_child=4 6 5 -5 11 -7 13 9 -10 -11 -12 14 -14 -15 -16
leaf_value=-0.00025959042019078161 -0.0019012945138366258 0.0012365000944863456 -0.0034127853270928933 -0.0049370620645963377 0.0024952977755714439 0.0013806525350468766 0.0024207761822364893 0.001951150668669459 0.0053923484829937734 -0.0054577908872289341 -0.00033572966074835636 0.0050310653260508733 0.0042785159102996309 0.0046128912257630264 0.0071817360846405031
leaf_weight=6607.3085586577654 325.36397780478001 950.31261533498764 1375.35244782269 405.14316955208778 605.13936768472195 90.654754638671875 689.65586894750595 1063.9985683560371 78.144958764314651 17.333932176232338 440.01971629261971 97.082394242286682 274.80984202027321 84.920689314603806 33.81514935195446
leaf_count=27860 1413 3951 6215 1806 3145 373 2986 4957 409 76 1819 589 1706 385 232
internal_value=0 -0.000488141 -0.000977068 -0.000529831 0.00208409 -0.00311637 0.00142665 0.0012016 -0.000488782 0.00183238 0.000738913 0.00338039 0.0030522 0.00266111 0.00558665
internal_weight=0 10643.4 8478.46 7012.45 2495.69 1466.01 2164.91 1484.84 403.509 1081.33 1390.33 1010.85 879.949 774.577 130.898
internal_count=57922 45395 36254 29666 12527 6588 9141 6855 1822 5033 5770 5672 4851 3371 821
is_linear=0
shrinkage=0.01


Tree=186
num_leaves=16
num_cat=0
split_feature=5 3 4 0 7 2 2 0 0 1 2 8 3 1 1
split_gain=132.253 97.2333 87.8301 86.074 22.9326 20.5093 9.63869 6.26639 5.01251 3.31731 3.07969 2.22475 1.84219 1.30382 1.10674
threshold=1.0000000180025095e-35 1.0000000180025095e-35 1.0000000180025095e-35 1.0000000180025095e-35 1.0000000180025095e-35 1.0000000180025095e-35 1.0000000180025095e-35 1.0000000180025095e-35 1.0000000180025095e-35 1.5000000000000002 1.0000000180025095e-35 1.0000000180025095e-35 1.0000000180025095e-35 1.5000000000000002 1.0000000180025095e-35
decision_type=2 2 2 2 2 2 2 2 2 2 2 2 2 2 2
left_child=1 2 3 -1 6 8 -3 -4 13 -10 -6 12 -7 -2 -13
right_child=5 4 7 -5 10 11 -8 -9 9 -11 -12 14 -14 -15 -16
leaf_value=-0.0024715349322176707 0.0035819578732871451 0.00058361308591282099 0.0036490455844439169 -0.00037843365776093053 0.0032781179032812429 0.0045866589684630654 0.0025787553174337671 0.0017354611445372138 0.0019243157827744501 0.00090122636824460699 0.0053945197911321593 -0.001322507640858849 0.0034421497251898446 0.0022303912343575641 0.0024895882323162357
leaf_weight=3129.0173673182726 128.69590067863464 1035.4223847389221 258.48163755238056 5279.8294519037008 344.67157126963139 264.11716125905514 316.05390511453152 506.37469820678234 588.83524104952812 686.32392878830433 85.889500468969345 9.4346511363983137 300.8104052990675 160.24775053560734 39.505273759365082
leaf_count=13761 616 4222 1110 22369 1393 1764 1450 2163 2643 3016 455 44 1981 736 199
internal_value=0 -0.000446982 -0.000862197 -0.0011573 0.00169049 0.00225107 0.00105019 0.00238215 0.00164314 0.00137366 0.0037003 0.00380005 0.00397724 0.00283238 0.00175469
internal_weight=0 10955.7 9173.7 8408.85 1782.04 2177.97 1351.48 764.856 1564.1 1275.16 430.561 613.867 564.928 288.944 48.9399
internal_count=57922 46923 39403 36130 7520 10999 5672 3273 7011 5659 1848 3988 3745 1352 243
is_linear=0
shrinkage=0.01


Tree=187
num_leaves=16
num_cat=0
split_feature=2 6 4 0 8 8 5 1 7 1 0 1 3 4 3
split_gain=129.923 97.1431 67.1125 67.4755 31.7132 28.1023 15.0314 14.7384 11.9927 8.65637 8.01533 4.47025 2.86336 2.61632 1.8196
threshold=1.0000000180025095e-35 1.0000000180025095e-35 1.0000000180025095e-35 1.0000000180025095e-35 1.0000000180025095e-35 1.0000000180025095e-35 1.0000000180025095e-35 2.5000000000000004 1.0000000180025095e-35 1.5000000000000002 1.0000000180025095e-35 2.5000000000000004 1.0000000180025095e-35 1.0000000180025095e-35 1.0000000180025095e-35
decision_type=2 2 2 2 2 2 2 2 2 2 2 2 2 2 2
left_child=1 2 3 -1 8 6 7 -2 -3 -6 13 -4 -12 -7 -8
right_child=5 4 11 -5 9 10 14 -9 -10 -11 12 -13 -14 -15 -16
leaf_value=-0.0026437321652607536 0.0021840210311280862 0.00090834059263776037 0.0022883229450715529 -0.00061515210512029213 -0.0023320964534875857 -0.0030632262544535989 0.0045540198125072363 -0.0043420888328184982 0.0023677729317623315 0.00015890133840408977 -0.00015827617053565003 -0.0015765223561807296 0.0017154634737925559 0.0016839196425704579 0.0034151004728514584
leaf_weight=2524.9313595294952 1436.7397661805153 1119.1679435372353 592.18755896389484 4676.8133865892887 264.24846808612347 99.187302872538567 263.35384726524353 35.459396168589592 1133.1251285076141 295.51754410564899 209.89787349104881 31.520248576998711 133.38235899806023 13.148901864886282 300.16429932415485
leaf_count=11184 6689 4672 2435 19632 1138 406 1764 149 4928 1275 863 131 616 59 1981
internal_value=0 -0.000480986 -0.00105384 -0.00132637 0.00111316 0.00205601 0.00255847 0.00202683 0.00164258 -0.00101702 -0.000188976 0.00209301 0.00056977 -0.00250757 0.00394736
internal_weight=0 10637.5 7825.45 7201.74 2812.06 2491.33 2035.72 1472.2 2252.29 559.766 455.616 623.708 343.28 112.336 563.518
internal_count=57922 45395 33382 30816 12013 12527 10583 6838 9600 2413 1944 2566 1479 465 3745
is_linear=0
shrinkage=0.01


Tree=188
num_leaves=16
num_cat=0
split_feature=5 1 8 0 3 2 3 7 0 4 1 7 0 1 1
split_gain=127.961 95.9155 88.606 68.0283 31.4516 19.7986 7.9587 11.1398 4.96109 3.91507 3.26034 2.18737 2.86973 1.69717 1.27958
threshold=1.0000000180025095e-35 2.5000000000000004 1.0000000180025095e-35 1.0000000180025095e-35 1.0000000180025095e-35 1.0000000180025095e-35 1.0000000180025095e-35 1.0000000180025095e-35 1.0000000180025095e-35 1.0000000180025095e-35 2.5000000000000004 1.0000000180025095e-35 1.0000000180025095e-35 1.5000000000000002 1.5000000000000002
decision_type=2 2 2 2 2 2 2 2 2 2 2 2 2 2 2
left_child=1 2 3 -1 -4 8 9 -8 14 -3 -10 13 -13 -7 -2
right_child=5 6 4 -5 -6 11 7 -9 10 -11 -12 12 -14 -15 -16
leaf_value=-0.0010635212675785535 0.0035472002990862049 -0.0051535554563673404 -0.0027112822857221497 0.00086897013107471103 0.00015435078716993398 0.0023284893088646027 -0.0046356955381328486 0.0088080276283477501 0.0014160578748692524 -0.0016997920656606786 -0.0026277235548295202 0.0060118753413419173 0.0037883926630673569 0.0038815262015190434 0.0022073206380853676
leaf_weight=2703.9662679284811 128.47336478531361 460.18256506323814 1642.7974570095539 5582.2631795108318 499.44250032305717 142.4599801003933 15.205494076013565 10.365308836102486 1253.9163599461317 35.341895759105682 20.260454371571541 75.215785160660744 254.28747829794884 139.04509344696999 160.09031167626381
leaf_count=11724 616 2071 7271 23497 2105 836 63 43 5576 149 83 543 1760 849 736
internal_value=0 -0.000439538 -0.000230322 0.000238359 -0.00204319 0.00221664 -0.00462649 0.000813814 0.00161989 -0.00490723 0.00135176 0.00374292 0.00429595 0.00309559 0.00280386
internal_weight=0 10949.6 10428.5 8286.23 2142.24 2173.75 521.095 25.5708 1562.74 495.524 1274.18 611.008 329.503 281.505 288.564
internal_count=57922 46923 44597 35221 9376 10999 2326 106 7011 2220 5659 3988 2303 1685 1352
is_linear=0
shrinkage=0.01


Tree=189
num_leaves=16
num_cat=0
split_feature=2 6 3 8 8 7 0 4 7 7 1 1 4 6 6
split_gain=126.629 94.562 66.2047 61.2023 30.6148 27.5063 15.0631 32.2713 12.1859 11.7318 8.9669 8.51292 7.14322 5.69452 1.14599
threshold=1.0000000180025095e-35 1.0000000180025095e-35 1.0000000180025095e-35 1.0000000180025095e-35 1.0000000180025095e-35 1.0000000180025095e-35 1.0000000180025095e-35 1.0000000180025095e-35 1.0000000180025095e-35 1.0000000180025095e-35 2.5000000000000004 1.5000000000000002 1.0000000180025095e-35 1.0000000180025095e-35 1.0000000180025095e-35
decision_type=2 2 2 2 2 2 2 2 2 2 2 2 2 2 2
left_child=1 2 3 -1 9 6 7 -2 -4 -3 -8 -6 13 -7 -14
right_child=5 4 8 -5 11 12 10 -9 -10 -11 -12 -13 14 -15 -16
leaf_value=-0.00095087144389980011 -0.0018675204866376144 0.00089261618927277339 0.00068238715305961664 -0.003473831849105543 -0.0023001431789089134 0.0024414804640676751 0.0018981490238806798 0.005305627621476826 0.0031456289392125074 0.0023364587972177389 -0.0053471657470993052 0.00017102213519265598 0.004867285719233002 0.0041829614271930941 0.0068985669104051506
leaf_weight=5770.4614699184895 325.26675733923912 1118.9900360405445 593.25938327610493 1153.7338958531618 263.99887429177761 603.1285984814167 1061.3813132941723 77.701261460781097 303.62086746096611 1132.1307130604982 17.360976696014404 295.37721394002438 89.554515495896339 272.64869002997875 40.260187447071075
leaf_count=24439 1413 4672 2454 5214 1138 3145 4957 409 1275 4928 76 1275 537 1706 284
internal_value=0 -0.000474779 -0.00104013 -0.00137126 0.00109848 0.00203163 0.0011653 -0.000484377 0.00151627 0.00161875 0.00178154 -0.00099525 0.00330813 0.00298364 0.00549726
internal_weight=0 10631.6 7821.08 6924.2 2810.5 2487.3 1481.71 402.968 896.88 2251.12 1078.74 559.376 1005.59 875.777 129.815
internal_count=57922 45395 33382 29653 12013 12527 6855 1822 3729 9600 5033 2413 5672 4851 821
is_linear=0
shrinkage=0.01


Tree=190
num_leaves=16
num_cat=0
split_feature=2 6 4 0 8 7 0 4 7 1 1 4 1 1 3
split_gain=124.217 92.7067 65.5585 65.0175 30.0137 27.0584 14.7735 31.678 11.5145 8.78593 8.34906 7.05586 5.67619 4.3545 1.13974
threshold=1.0000000180025095e-35 1.0000000180025095e-35 1.0000000180025095e-35 1.0000000180025095e-35 1.0000000180025095e-35 1.0000000180025095e-35 1.0000000180025095e-35 1.0000000180025095e-35 1.0000000180025095e-35 2.5000000000000004 1.5000000000000002 1.0000000180025095e-35 2.5000000000000004 2.5000000000000004 1.0000000180025095e-35
decision_type=2 2 2 2 2 2 2 2 2 2 2 2 2 2 2
left_child=1 2 3 -1 8 6 7 -2 -3 -8 -6 12 -7 -4 -13
right_child=5 4 13 -5 10 11 9 -9 -10 -11 -12 14 -14 -15 -16
leaf_value=-0.0025941391641857124 -0.0018482008405641688 0.00088369756874560152 0.0022732860891043149 -0.0006015741352128765 -0.0022782532371750349 0.0030743482027018377 0.0018803118894375013 0.0052654656520167466 0.002314290894552679 -0.0052873368954963465 0.00016930533570580494 0.0049078125621789441 -0.0026366986702858427 -0.0015425203893690376 0.0070545557967789975
leaf_weight=2520.5697115808725 325.37966421246529 1118.9803734272718 592.03338530659676 4674.696538746357 263.87071287631989 856.6810911744833 1060.7384979426861 77.511944577097893 1131.5482745617628 17.381745129823685 295.3882170766592 96.083776980638504 17.76392363011837 31.497569695115089 33.303281649947166
leaf_count=11184 1413 4672 2435 19632 1138 4770 4957 409 4928 76 1275 589 81 131 232
internal_value=0 -0.000470165 -0.00103003 -0.00129959 0.00108778 0.00201332 0.0011542 -0.000479609 0.00160299 0.00176475 -0.000985507 0.00328083 0.00295833 0.00208053 0.00546037
internal_weight=0 10628.6 7818.8 7195.27 2809.79 2484.84 1481.01 402.892 2250.53 1078.12 559.259 1003.83 874.445 623.531 129.387
internal_count=57922 45395 33382 30816 12013 12527 6855 1822 9600 5033 2413 5672 4851 2566 821
is_linear=0
shrinkage=0.01


Tree=191
num_leaves=16
num_cat=0
split_feature=5 1 4 0 2 3 7 0 3 4 1 3 4 0 1
split_gain=122.482 93.3054 86.5882 92.0472 19.0221 7.74314 10.8574 4.91465 4.70288 3.84949 3.25745 2.16023 2.95291 1.30563 1.25748
threshold=1.0000000180025095e-35 2.5000000000000004 1.0000000180025095e-35 1.0000000180025095e-35 1.0000000180025095e-35 1.0000000180025095e-35 1.0000000180025095e-35 1.0000000180025095e-35 1.0000000180025095e-35 1.0000000180025095e-35 1.5000000000000002 1.0000000180025095e-35 1.0000000180025095e-35 1.0000000180025095e-35 1.5000000000000002
decision_type=2 2 2 2 2 2 2 2 2 2 2 2 2 2 2
left_child=1 2 3 -1 7 9 -7 14 -4 -3 -9 13 -13 -6 -2
right_child=4 5 8 -5 11 6 -8 10 -10 -11 -12 12 -14 -15 -16
leaf_value=-0.001925596488204202 0.003504665680303067 -0.0050864547346266388 0.0025128992231223581 0.00017705123382198395 0.0054437164601162267 -0.0045815287153068533 0.008686517506879007 0.0018667146060978987 0.0045939003477177354 -0.0016606024034739111 0.00085190564486006717 0.0026542939399843567 0.0050246353583527342 0.0039033911959498705 0.0021751969386380578
leaf_weight=3062.973963573575 128.19436670839787 459.0673456043005 728.54721856117249 6500.6436486393213 75.624768599867821 15.204317912459373 10.3768460303545 587.53337740898132 127.62059886753559 35.323122590780258 685.18845860660076 264.19779020547867 65.608229294419289 202.06434515118599 159.86922620236874
leaf_count=13400 616 2071 3124 27509 510 63 43 2643 564 149 3016 1707 436 1335 736
internal_value=0 -0.000429924 -0.000223619 -0.000496371 0.00217169 -0.0045641 0.000800575 0.00158734 0.00282309 -0.00484169 0.00132038 0.003673 0.00312583 0.00432288 0.00276684
internal_weight=0 10939.8 10419.8 9563.62 2168.28 519.972 25.5812 1560.79 856.168 494.39 1272.72 607.495 329.806 277.689 288.064
internal_count=57922 46923 44597 40909 10999 2326 106 7011 3688 2220 5659 3988 2143 1845 1352
is_linear=0
shrinkage=0.01


Tree=192
num_leaves=16
num_cat=0
split_feature=2 3 7 1 4 8 7 5 1 0 8 4 4 4 3
split_gain=120.927 90.723 76.2505 115.489 57.4574 26.6253 16.7516 13.8043 13.741 7.44997 6.86105 3.45001 2.79948 2.34874 1.77906
threshold=1.0000000180025095e-35 1.0000000180025095e-35 1.0000000180025095e-35 1.5000000000000002 1.0000000180025095e-35 1.0000000180025095e-35 1.0000000180025095e-35 1.0000000180025095e-35 2.5000000000000004 1.0000000180025095e-35 1.0000000180025095e-35 1.0000000180025095e-35 1.0000000180025095e-35 1.0000000180025095e-35 1.0000000180025095e-35
decision_type=2 2 2 2 2 2 2 2 2 2 2 2 2 2 2
left_child=1 2 4 -4 -1 7 10 8 -2 13 -3 -8 -11 -7 -9
right_child=5 6 3 -5 -6 9 11 14 -10 12 -12 -13 -14 -15 -16
leaf_value=-0.0021419725815937513 0.0021230637206099069 0.0011864797736412011 0.0028701894570543167 -0.00097138502519944069 0.0019777422313216561 -0.002957835797437398 0.0023110751765840301 0.0044227218440960779 -0.0041703577067077127 0.00024372756243446796 -0.00032426221641282166 0.0044525191789367416 0.0033387262112252315 0.0015493124996338603 0.0032903622594738532
leaf_weight=4190.8332383334637 1432.7828661799431 949.64224898815155 1083.3507725894451 2818.625782430172 368.29258732497692 99.220077753067017 687.7431685179472 260.2652043402195 35.554228320717812 310.58820034563541 439.85220848023891 84.4732416421175 32.26072670519352 13.086956813931463 297.16407780349255
leaf_count=18481 6689 3951 4534 11727 1512 406 2986 1764 149 1332 1819 385 147 59 1981
internal_value=0 -0.000463828 -0.000930944 9.51956e-05 -0.00180918 0.00198824 0.0013645 0.0024793 0.00197068 -0.000197278 0.000708246 0.00254533 0.000534955 -0.00243263 0.00381906
internal_weight=0 10622.8 8461.1 3901.98 4559.13 2480.92 2161.71 2025.77 1468.34 455.156 1389.49 772.216 342.849 112.307 557.429
internal_count=57922 45395 36254 16261 19993 12527 9141 10583 6838 1944 5770 3371 1479 465 3745
is_linear=0
shrinkage=0.01


Tree=193
num_leaves=16
num_cat=0
split_feature=2 6 1 7 8 7 3 4 7 1 4 6 4 8 6
split_gain=118.623 89.4539 63.7185 69.2303 28.9087 26.351 14.4453 13.6545 10.9869 8.21623 6.86757 5.52244 3.36288 2.60529 1.13389
threshold=1.0000000180025095e-35 1.0000000180025095e-35 2.5000000000000004 1.0000000180025095e-35 1.0000000180025095e-35 1.0000000180025095e-35 1.0000000180025095e-35 1.0000000180025095e-35 1.0000000180025095e-35 1.5000000000000002 1.0000000180025095e-35 1.0000000180025095e-35 1.0000000180025095e-35 1.0000000180025095e-35 1.0000000180025095e-35
decision_type=2 2 2 2 2 2 2 2 2 2 2 2 2 2 2
left_child=1 2 3 -1 8 6 7 -2 -3 -6 11 -7 -4 -8 -12
right_child=5 4 12 -5 9 10 13 -9 -10 -11 14 -13 -14 -15 -16
leaf_value=-0.0016594044548179873 -6.5561110433847537e-05 0.00087491704325399632 -0.0049150082974912211 0.00029045102171831221 -0.0022470146423905248 0.0023716506017699324 0.0030104355684867287 0.0032363171010905889 0.0022729282184088444 0.00018190866356552628 0.004754122216542124 0.0040920155758029731 -0.0015251941707886646 0.0014299832987870872 0.0067869211205766611
leaf_weight=4070.2159614712 841.0671149045229 1118.5560217946768 415.35502046346664 3295.0577662587166 263.61531227827072 600.75032792985439 339.92658953368664 147.15626661479473 1130.1109047830105 295.23785263299942 88.746040299534798 270.65489430725574 31.484117895364761 150.47271268069744 39.721477970480919
leaf_count=17763 3612 4672 1892 13596 1138 3145 1818 730 4928 1275 537 1706 131 695 284
internal_value=0 -0.00045933 -0.00100953 -0.000787083 0.00107164 0.00197031 0.0011224 0.000426121 0.00157751 -0.000963833 0.0032242 0.00290599 -0.00467616 0.00252549 0.00538265
internal_weight=0 10619.6 7812.11 7365.27 2807.52 2478.5 1478.62 988.223 2248.67 558.853 999.873 871.405 446.839 490.399 128.468
internal_count=57922 45395 33382 31359 12013 12527 6855 4342 9600 2413 5672 4851 2023 2513 821
is_linear=0
shrinkage=0.01


Tree=194
num_leaves=15
num_cat=0
split_feature=3 8 1 2 4 8 2 1 7 1 2 4 0 2
split_gain=117.276 96.6717 99.7129 67.8048 25.2793 20.14 12.6106 7.77262 7.54073 4.46728 3.40829 3.05838 1.8213 0.607972
threshold=1.0000000180025095e-35 1.0000000180025095e-35 2.5000000000000004 1.0000000180025095e-35 1.0000000180025095e-35 1.0000000180025095e-35 1.0000000180025095e-35 1.0000000180025095e-35 1.0000000180025095e-35 2.5000000000000004 1.0000000180025095e-35 1.0000000180025095e-35 1.0000000180025095e-35 1.0000000180025095e-35
decision_type=2 2 2 2 2 2 2 2 2 2 2 2 2 2
left_child=1 2 3 -1 7 6 8 -3 -2 10 -7 -8 -4 -6
right_child=5 4 12 -5 13 9 11 -9 -10 -11 -12 -13 -14 -15
leaf_value=-0.00022893820342059513 0.0011769424256679582 -0.0044945857892013871 -0.0041072789428562217 0.0021892441367250296 0.0013394265973932734 -0.00021684571160064951 0.0031732466710006784 -0.0026513262594877207 0.0025079754123651697 -0.0073419297939385586 0.0015345383299117607 0.0051993960361475175 -0.0054002342932916629 0.0029522601758942136
leaf_weight=6596.282106295228 949.51882112026215 274.80872970819473 238.01269379258156 1406.8307968378067 90.67549666762352 432.75676256418228 489.21769787371159 1365.4625791758299 771.44232495129108 7.891331046819686 149.50150434672832 87.881364181637764 200.91101749241352 31.489049777388573
leaf_count=27860 3951 1225 1108 7068 373 1790 2787 6101 3371 33 691 566 860 138
internal_value=0 -0.000503095 -5.83741e-05 0.000196143 -0.0026333 0.00177939 0.00220256 -0.00296014 0.00177359 0.000131554 0.000232842 0.00348179 -0.00469911 0.00175515
internal_weight=0 10204.5 8442.04 8003.11 1762.44 2888.21 2298.06 1640.27 1720.96 590.15 582.258 577.099 438.924 122.165
internal_count=57922 44733 36896 34928 7837 13189 10675 7326 7322 2514 2481 3353 1968 511
is_linear=0
shrinkage=0.01


Tree=195
num_leaves=16
num_cat=0
split_feature=5 4 0 1 6 2 1 0 3 1 3 4 8 0 4
split_gain=115.662 88.3096 99.1023 57.0614 31.1505 17.8032 5.98686 4.83656 4.52374 3.11111 2.17797 2.87361 1.64352 1.30056 1.23337
threshold=1.0000000180025095e-35 1.0000000180025095e-35 1.0000000180025095e-35 2.5000000000000004 1.0000000180025095e-35 1.0000000180025095e-35 2.5000000000000004 1.0000000180025095e-35 1.0000000180025095e-35 1.5000000000000002 1.0000000180025095e-35 1.0000000180025095e-35 1.0000000180025095e-35 1.0000000180025095e-35 1.0000000180025095e-35
decision_type=2 2 2 2 2 2 2 2 2 2 2 2 2 2 2
left_child=1 2 4 -4 -1 7 8 14 -3 -9 13 -12 -8 -7 -2
right_child=5 6 3 -5 -6 10 12 9 -10 -11 11 -13 -14 -15 -16
leaf_value=-0.0025125166316591991 0.0023897894208305026 0.0024647329686424769 0.0001796979929847008 -0.0051255992899627931 0.00015530284070092498 0.0053530718310995252 -0.0020369578612666273 0.0018194818036983257 0.0045081794937015703 0.00082702618934835288 0.0025561741855855686 0.0049064134841384941 0.0037810234866802708 0.0038090187810095599 0.0040156122004124618
leaf_weight=2809.2681129574776 228.83995971083641 727.70908209681511 6495.1597021818161 209.26396384835243 518.44744522869587 74.946123123168945 33.987574830651283 586.44373315572739 127.28468561172485 684.56691417098045 262.2841369509697 64.896042302250862 5.6647294014692298 200.4650536775589 58.611109673976898
leaf_count=12453 1055 3124 27509 903 2203 510 143 2643 564 3016 1707 436 24 1335 297
internal_value=0 -0.000417656 -0.00068612 1.41047e-05 -0.00209688 0.00211426 0.00259278 0.00154987 0.00276895 0.00128494 0.00357393 0.00302234 -0.0012058 0.00422919 0.00272129
internal_weight=0 10926.8 10032.1 6704.42 3327.72 2161.05 894.646 1558.46 854.994 1271.01 602.591 327.18 39.6523 275.411 287.451
internal_count=57922 46923 43068 28412 14656 10999 3855 7011 3688 5659 3988 2143 167 1845 1352
is_linear=0
shrinkage=0.01


Tree=196
num_leaves=15
num_cat=0
split_feature=3 8 1 2 4 8 2 6 7 1 2 4 0 2
split_gain=113.813 94.7223 96.6697 66.0698 24.4685 19.6714 12.3297 7.66521 7.3802 4.34188 3.32378 2.94673 1.72745 0.597484
threshold=1.0000000180025095e-35 1.0000000180025095e-35 2.5000000000000004 1.0000000180025095e-35 1.0000000180025095e-35 1.0000000180025095e-35 1.0000000180025095e-35 1.0000000180025095e-35 1.0000000180025095e-35 2.5000000000000004 1.0000000180025095e-35 1.0000000180025095e-35 1.0000000180025095e-35 1.0000000180025095e-35
decision_type=2 2 2 2 2 2 2 2 2 2 2 2 2 2
left_child=1 2 3 -1 7 6 8 -3 -2 10 -7 -8 -4 -6
right_child=5 4 12 -5 13 9 11 -9 -10 -11 -12 -13 -14 -15
leaf_value=-0.00022444439706988687 0.0011583347685110352 -0.0032823652604677253 -0.0040527350505641111 0.0021640060960149443 0.0013005229728516639 -0.00021894241096338801 0.003136848972061403 -0.0016098261165420978 0.0024755281984005935 -0.0072477213286104725 0.0015112277616898763 0.0051311417029308694 -0.0053132397400645869 0.0029002828569350977
leaf_weight=6594.5831839889288 949.30577538907528 1290.6975889950991 237.49789109826088 1404.8976277709007 90.708771973848343 432.72886662185192 488.04523599147797 347.86429807543755 770.72341264784336 7.8806140422821036 149.35737664997578 87.351210549473763 200.51241464912891 31.43743409216404
leaf_count=27860 3951 5786 1108 7068 373 1790 2787 1540 3371 33 691 566 860 138
internal_value=0 -0.000495695 -5.54426e-05 0.000195024 -0.00260543 0.00175385 0.00217245 -0.00292729 0.00174855 0.000125183 0.000225002 0.0034396 -0.00462977 0.00171226
internal_weight=0 10198.2 8437.49 7999.48 1760.71 2885.39 2295.43 1638.56 1720.03 589.967 582.086 575.396 438.01 122.146
internal_count=57922 44733 36896 34928 7837 13189 10675 7326 7322 2514 2481 3353 1968 511
is_linear=0
shrinkage=0.01


Tree=197
num_leaves=16
num_cat=0
split_feature=5 4 0 8 3 2 1 4 1 3 3 4 8 7 0
split_gain=112.183 86.1013 96.8236 55.686 30.4827 17.2731 5.74577 4.77606 5.78628 4.3851 2.19488 2.80649 1.58252 1.36357 1.28832
threshold=1.0000000180025095e-35 1.0000000180025095e-35 1.0000000180025095e-35 1.0000000180025095e-35 1.0000000180025095e-35 1.0000000180025095e-35 2.5000000000000004 1.0000000180025095e-35 1.5000000000000002 1.0000000180025095e-35 1.0000000180025095e-35 1.0000000180025095e-35 1.0000000180025095e-35 1.0000000180025095e-35 1.0000000180025095e-35
decision_type=2 2 2 2 2 2 2 2 2 2 2 2 2 2 2
left_child=1 2 4 -4 -1 7 9 8 -2 -3 14 -12 -8 -9 -7
right_child=5 6 3 -5 -6 10 12 13 -10 -11 11 -13 -14 -15 -16
leaf_value=-0.002321696833530429 0.0020259782063247766 0.0024354751241859834 0.0004935545385392825 -0.0017230944435606501 0.001593394915952202 0.0053057539746511695 -0.0019761057875901477 0.0021741198857320736 0.00071702033047221184 0.0044487984158866848 0.002509586716606383 0.0048387860341690628 0.0037319104878062539 0.0038378136205696736 0.0037656548816241372
leaf_weight=3112.4118847697973 624.17525784671307 727.37538792192936 5257.6206455826759 1444.744824975729 212.44420719146729 74.602185219526291 33.966719746589661 101.32548901438713 735.84599277377129 127.08200961351395 261.39091561734676 64.494791612029076 5.6675662845373145 95.881248235702515 199.74235990643501
leaf_count=13761 2827 3124 22120 6292 895 510 143 469 3249 564 1707 436 24 466 1335
internal_value=0 -0.000411231 -0.000676367 1.57393e-05 -0.00207154 0.00208416 0.00256226 0.00152865 0.00131776 0.00273491 0.00352538 0.00297055 -0.00115988 0.002983 0.00418445
internal_weight=0 10921.3 10027.2 6702.37 3324.86 2157.46 894.092 1557.23 1360.02 854.457 600.23 325.886 39.6343 197.207 274.345
internal_count=57922 46923 43068 28412 14656 10999 3855 7011 6076 3688 3988 2143 167 935 1845
is_linear=0
shrinkage=0.01


Tree=198
num_leaves=16
num_cat=0
split_feature=2 6 3 8 8 7 0 4 7 7 1 1 4 6 0
split_gain=110.727 84.6128 60.3527 56.6428 27.0157 25.33 13.8804 29.3487 11.1273 10.5938 8.07976 8.07577 6.56134 5.25488 1.1339
threshold=1.0000000180025095e-35 1.0000000180025095e-35 1.0000000180025095e-35 1.0000000180025095e-35 1.0000000180025095e-35 1.0000000180025095e-35 1.0000000180025095e-35 1.0000000180025095e-35 1.0000000180025095e-35 1.0000000180025095e-35 1.5000000000000002 2.5000000000000004 1.0000000180025095e-35 1.0000000180025095e-35 1.0000000180025095e-35
decision_type=2 2 2 2 2 2 2 2 2 2 2 2 2 2 2
left_child=1 2 3 -1 9 6 7 -2 -4 -3 -6 -8 13 -7 -14
right_child=5 4 8 -5 10 12 11 -9 -10 -11 -12 -13 14 -15 -16
leaf_value=-0.0008917701598081492 -0.0018220157454224577 0.00084561757108275021 0.00066605221932000724 -0.0033255348262485451 -0.0021966654874247711 0.0023091689773873519 0.0017810650918593624 0.0050627666775984138 0.0030216109856076351 0.0022191596852286504 0.00021374194723014348 -0.0050825602843752081 0.0065485847759014035 0.0039929891919449267 0.0045692280212474255
leaf_weight=5758.8277711868286 324.93832091987133 1118.0229230374098 593.00208538770676 1146.7010906934738 263.16408647596836 598.51211155951023 1055.6661310940981 76.492351278662682 303.01263107359409 1128.1231114268303 294.90049734711647 17.425574645400047 44.589671522378922 268.48115716874599 82.472362175583839
leaf_count=24439 1413 4672 2454 5214 1138 3145 4957 409 1275 4928 1275 76 297 1706 524
internal_value=0 -0.000443583 -0.000979087 -0.00129591 0.00104623 0.0019079 0.00107619 -0.000510125 0.00146265 0.00153548 -0.000922923 0.00166961 0.00314162 0.0028306 0.00526384
internal_weight=0 10605.8 7801.54 6905.53 2804.21 2468.58 1474.52 401.431 896.015 2246.15 558.065 1073.09 994.055 866.993 127.062
internal_count=57922 45395 33382 29653 12013 12527 6855 1822 3729 9600 2413 5033 5672 4851 821
is_linear=0
shrinkage=0.01


Tree=199
num_leaves=16
num_cat=0
split_feature=2 6 4 7 8 7 0 4 7 1 1 4 6 1 0
split_gain=108.614 82.9519 59.4276 59.1841 26.4851 24.9126 13.6129 28.8073 10.3971 7.92398 7.91308 6.479 5.18301 3.83595 1.12336
threshold=1.0000000180025095e-35 1.0000000180025095e-35 1.0000000180025095e-35 1.0000000180025095e-35 1.0000000180025095e-35 1.0000000180025095e-35 1.0000000180025095e-35 1.0000000180025095e-35 1.0000000180025095e-35 1.5000000000000002 2.5000000000000004 1.0000000180025095e-35 1.0000000180025095e-35 2.5000000000000004 1.0000000180025095e-35
decision_type=2 2 2 2 2 2 2 2 2 2 2 2 2 2 2
left_child=1 2 3 -1 8 6 7 -2 -3 -6 -8 12 -7 -4 -13
right_child=5 4 13 -5 9 11 10 -9 -10 -11 -12 14 -14 -15 -16
leaf_value=-0.0020567051625979783 -0.0018031925796912008 0.00083716960432396697 0.0021733555414260044 -0.00023303506553217697 -0.0021757350610677197 0.0022885174928050202 0.0017642754210978741 0.0050241696529643425 0.002198072827067821 0.00021159479741647016 -0.0050263011969305174 0.0065095898737182528 0.0039624180544073203 -0.0014127009409632036 0.0045359135984395765
leaf_weight=3910.4914692640305 325.04643072187901 1118.0118677169085 591.7552335113287 3265.6848944872618 263.03937120735645 597.87704527378082 1055.0581560134888 76.310108602046967 1127.5589633136988 294.9143350571394 17.444315627217293 44.409120932221413 267.85021299123764 31.41242641210556 82.248431921005249
leaf_count=17246 1413 4672 2435 13570 1138 3145 4957 409 4928 1275 76 297 1706 131 524
internal_value=0 -0.000439269 -0.000969572 -0.0012268 0.00103602 0.00189063 0.00106591 -0.000505103 0.00152051 -0.000913878 0.00165383 0.00311547 0.00280641 0.00199259 0.00522793
internal_weight=0 10602.9 7799.34 7176.18 2803.52 2466.24 1473.86 401.357 2245.57 557.954 1072.5 992.385 865.727 623.168 126.658
internal_count=57922 45395 33382 30816 12013 12527 6855 1822 9600 2413 5033 5672 4851 2566 821
is_linear=0
shrinkage=0.01


Tree=200
num_leaves=15
num_cat=0
split_feature=3 7 1 4 1 0 8 2 7 0 1 2 4 6
split_gain=107.866 90.1486 117.367 73.1708 60.1015 44.7094 18.3765 11.7859 6.87665 6.54406 4.24916 3.06684 2.79117 1.59692
threshold=1.0000000180025095e-35 1.0000000180025095e-35 1.5000000000000002 1.0000000180025095e-35 2.5000000000000004 1.0000000180025095e-35 1.0000000180025095e-35 1.0000000180025095e-35 1.0000000180025095e-35 1.0000000180025095e-35 2.5000000000000004 1.0000000180025095e-35 1.0000000180025095e-35 1.0000000180025095e-35
decision_type=2 2 2 2 2 2 2 2 2 2 2 2 2 2
left_child=1 3 13 5 -4 -1 7 8 -2 -5 11 -8 -9 -3
right_child=6 2 4 9 -6 -7 10 12 -10 -11 -12 -13 -14 -15
leaf_value=-0.0029783375522997803 0.0011308962577363244 0.0028048412109147824 -7.6338867917749903e-05 0.0037457868727147547 -0.0049756512514340509 -0.0010091165523573211 -0.00019299014638337816 0.0030629171456933303 0.0024031102734910132 0.0013977857446951622 -0.0071620236048357214 0.0014701198007160293 0.0050133239051447223 0.0035991105329193219
leaf_weight=1795.9112243652344 949.00385887920856 1037.4256930202246 3007.8882195949554 185.86916749179363 273.12482936680317 3220.4040595144033 432.51149585843086 485.6889510601759 769.27782699465752 328.46400620043278 7.8744811117649069 149.10291144251823 86.429810643196106 334.83143571019173
leaf_count=8129 3951 4548 13016 818 1223 13964 1790 2787 3371 1424 33 691 566 1611
internal_value=0 -0.000482813 0.000542912 -0.00134582 -0.000484177 -0.00171413 0.00170914 0.00211439 0.00170047 0.0022463 0.000134577 0.000233365 0.00335756 0.00299864
internal_weight=0 10183.9 4653.27 5530.65 3281.01 5016.32 2879.89 2290.4 1718.28 514.333 589.489 581.614 572.119 1372.26
internal_count=57922 44733 20398 24335 14239 22093 13189 10675 7322 2242 2514 2481 3353 6159
is_linear=0
shrinkage=0.01


Tree=201
num_leaves=16
num_cat=0
split_feature=5 1 4 0 2 3 7 0 3 4 1 3 4 0 1
split_gain=105.915 83.3595 76.5696 83.6738 16.4621 7.17758 10.2839 4.76596 4.26035 3.63108 2.98137 2.24688 2.70037 1.29081 1.18237
threshold=1.0000000180025095e-35 2.5000000000000004 1.0000000180025095e-35 1.0000000180025095e-35 1.0000000180025095e-35 1.0000000180025095e-35 1.0000000180025095e-35 1.0000000180025095e-35 1.0000000180025095e-35 1.0000000180025095e-35 2.5000000000000004 1.0000000180025095e-35 1.0000000180025095e-35 1.0000000180025095e-35 1.5000000000000002
decision_type=2 2 2 2 2 2 2 2 2 2 2 2 2 2 2
left_child=1 2 3 -1 7 9 -7 14 -4 -3 -9 13 -13 -6 -2
right_child=4 5 8 -5 11 6 -8 10 -10 -11 -12 12 -14 -15 -16
leaf_value=-0.0018269975796091596 0.0033700725164871976 -0.004833154462116027 0.0023702744348735711 0.00018085727733358026 0.005236907271944165 -0.0044081655984136497 0.0085052519537949026 0.0012854410361144472 0.004357274965444761 -0.0015018177007452066 -0.0025818964030339688 0.0024252321161969672 0.0047213815008232216 0.003689973474116242 0.0020772272610583586
leaf_weight=3051.7788299024105 127.30945186316967 454.81735497713089 726.42850364744663 6487.9546939879656 74.071453616023064 15.168330267071724 10.392164647579193 1247.8675782382488 126.73235766589642 35.255118861794472 20.257491827011108 259.75684802234173 63.797430023550987 198.47691044211388 159.194898635149
leaf_count=13400 616 2071 3124 27509 510 63 43 5576 564 149 83 1707 436 1335 736
internal_value=0 -0.000399484 -0.00020477 -0.000461459 0.00202859 -0.00432406 0.00084206 0.00148684 0.00266543 -0.0045935 0.00122366 0.00344146 0.00287798 0.00411039 0.00265171
internal_weight=0 10908.5 10392.9 9539.73 2150.73 515.633 25.5605 1554.63 853.161 490.072 1268.13 596.103 323.554 272.548 286.504
internal_count=57922 46923 44597 40909 10999 2326 106 7011 3688 2220 5659 3988 2143 1845 1352
is_linear=0
shrinkage=0.01


Tree=202
num_leaves=16
num_cat=0
split_feature=2 6 3 8 8 7 0 4 7 7 1 1 4 6 0
split_gain=104.961 80.0184 58.0184 54.7689 25.4846 24.1495 13.0178 27.4706 10.5499 9.89314 7.79412 7.6406 6.2842 4.99072 1.11443
threshold=1.0000000180025095e-35 1.0000000180025095e-35 1.0000000180025095e-35 1.0000000180025095e-35 1.0000000180025095e-35 1.0000000180025095e-35 1.0000000180025095e-35 1.0000000180025095e-35 1.0000000180025095e-35 1.0000000180025095e-35 1.5000000000000002 2.5000000000000004 1.0000000180025095e-35 1.0000000180025095e-35 1.0000000180025095e-35
decision_type=2 2 2 2 2 2 2 2 2 2 2 2 2 2 2
left_child=1 2 3 -1 9 6 7 -2 -4 -3 -6 -8 13 -7 -14
right_child=5 4 8 -5 10 12 11 -9 -10 -11 -12 -13 14 -15 -16
leaf_value=-0.00086647919592452603 -0.0017521583087623616 0.00082670809464017992 0.00066606854737945103 -0.0032624686375945034 -0.0021476931849267033 0.002256671741649818 0.0017329356006470134 0.0049309215527078513 0.0029604755903312741 0.0021547725955747559 0.0002207926275421071 -0.0049357348596694734 0.0064387495070495826 0.0039024901785953748 0.0044659962720889875
leaf_weight=5753.4909056872129 325.17449234426022 1117.6005706042051 592.85919468104839 1143.6771297454834 262.8074165135622 596.72577841579914 1053.5047935694456 75.852985680103302 302.74140636622906 1126.0841184854507 294.78372131288052 17.465854853391647 44.070989519357681 266.5461932271719 81.760234281420708
leaf_count=24439 1413 4672 2454 5214 1138 3145 4957 409 1275 4928 1275 76 297 1706 524
internal_value=0 -0.000431781 -0.000952851 -0.00126378 0.00101777 0.00186072 0.00104872 -0.000488076 0.00144165 0.00149325 -0.000895537 0.00162418 0.00306916 0.00276484 0.00515693
internal_weight=0 10594 7792.77 6897.17 2801.28 2461.1 1472 401.027 895.601 2243.68 557.591 1070.97 989.103 863.272 125.831
internal_count=57922 45395 33382 29653 12013 12527 6855 1822 3729 9600 2413 5033 5672 4851 821
is_linear=0
shrinkage=0.01


Tree=203
num_leaves=15
num_cat=0
split_feature=3 7 1 4 1 0 8 2 7 0 1 2 4 6
split_gain=103.021 87.3456 114.363 70.4021 57.9033 42.7894 17.6634 11.463 6.53877 6.35866 4.11453 2.9283 2.65964 1.45012
threshold=1.0000000180025095e-35 1.0000000180025095e-35 1.5000000000000002 1.0000000180025095e-35 2.5000000000000004 1.0000000180025095e-35 1.0000000180025095e-35 1.0000000180025095e-35 1.0000000180025095e-35 1.0000000180025095e-35 2.5000000000000004 1.0000000180025095e-35 1.0000000180025095e-35 1.0000000180025095e-35
decision_type=2 2 2 2 2 2 2 2 2 2 2 2 2 2
left_child=1 3 13 5 -4 -1 7 8 -2 -5 11 -8 -9 -3
right_child=6 2 4 9 -6 -7 10 12 -10 -11 -12 -13 -14 -15
leaf_value=-0.0029216062783810788 0.0011062221474949323 0.0027791286414020487 -7.601644235170698e-05 0.0036827670556095625 -0.0048912891623018049 -0.00099379043771763301 -0.00019155746485325937 0.0030109300826159204 0.0023473453618268096 0.0013668328745053842 -0.0070565371092012955 0.0014344671288951828 0.0049219564649474841 0.0035368135334661603
leaf_weight=1792.6267141848803 948.75970309972763 1036.6608339697123 3006.2196040004492 185.5650332570076 272.34845794737339 3218.4386665523052 432.46651098132133 484.0137026309967 768.18727453052998 328.28952683508396 7.8655099123716345 148.88381886482239 85.724824301898479 333.97290647774935
leaf_count=8129 3951 4548 13016 818 1223 13964 1790 2787 3371 1424 33 691 566 1611
internal_value=0 -0.000471995 0.000538062 -0.00132195 -0.000476018 -0.00168344 0.00167156 0.00206937 0.00166152 0.00220317 0.000127667 0.000224867 0.00329847 0.00296375
internal_weight=0 10174.1 4649.2 5524.92 3278.57 5011.07 2875.9 2286.69 1716.95 513.855 589.216 581.35 569.739 1370.63
internal_count=57922 44733 20398 24335 14239 22093 13189 10675 7322 2242 2514 2481 3353 6159
is_linear=0
shrinkage=0.01


Tree=204
num_leaves=16
num_cat=0
split_feature=2 6 1 7 8 7 0 4 7 1 1 4 6 4 0
split_gain=102.202 77.7807 56.2845 61.7983 24.6333 23.477 12.5889 26.5189 9.45724 7.65156 7.46964 6.19368 4.87526 3.14008 1.1056
threshold=1.0000000180025095e-35 1.0000000180025095e-35 2.5000000000000004 1.0000000180025095e-35 1.0000000180025095e-35 1.0000000180025095e-35 1.0000000180025095e-35 1.0000000180025095e-35 1.0000000180025095e-35 1.5000000000000002 2.5000000000000004 1.0000000180025095e-35 1.0000000180025095e-35 1.0000000180025095e-35 1.0000000180025095e-35
decision_type=2 2 2 2 2 2 2 2 2 2 2 2 2 2 2
left_child=1 2 3 -1 8 6 7 -2 -3 -6 -8 12 -7 -4 -13
right_child=5 4 13 -5 9 11 10 -9 -10 -11 -12 14 -14 -15 -16
leaf_value=-0.0015578392858417479 -0.0017137218235431324 0.00081950159341069833 -0.004638553982004379 0.00028647050575882061 -0.0021192851720890442 0.0022265593477116753 0.001711061065963524 0.0048636293723539345 0.0021183429278651801 0.00022805083076445575 -0.0048796928842735204 0.006389026776120234 0.0038556952748607931 -0.0013563321073495279 0.0044193517312261198
leaf_weight=4054.3618389815092 325.32284261286259 1117.4156920462847 410.64189267158508 3291.9877722710371 262.61086510121822 595.75428296625614 1052.4836723506451 75.531095743179321 1125.0059387981892 294.70631423592567 17.481696352362633 43.837948098778725 265.57328434288502 31.374793127179146 81.437889069318771
leaf_count=17763 1413 4672 1892 13596 1138 3145 4957 409 4928 1275 76 297 1706 131 524
internal_value=0 -0.000426025 -0.000939905 -0.000731382 0.0010035 0.00183763 0.00103711 -0.000474381 0.00147112 -0.000878027 0.00160338 0.00303104 0.00272887 -0.00440558 0.0051086
internal_weight=0 10588.1 7788.37 7346.35 2799.74 2457.42 1470.82 400.854 2242.42 557.317 1069.97 986.603 861.328 442.017 125.276
internal_count=57922 45395 33382 31359 12013 12527 6855 1822 9600 2413 5033 5672 4851 2023 821
is_linear=0
shrinkage=0.01


Tree=205
num_leaves=15
num_cat=0
split_feature=3 8 1 2 4 8 2 1 7 1 2 4 0 1
split_gain=100.301 85.6477 88.0644 58.8989 22.0243 17.0761 11.0905 7.65409 6.26513 4.01246 2.77922 2.60144 1.76428 0.524364
threshold=1.0000000180025095e-35 1.0000000180025095e-35 2.5000000000000004 1.0000000180025095e-35 1.0000000180025095e-35 1.0000000180025095e-35 1.0000000180025095e-35 1.0000000180025095e-35 1.0000000180025095e-35 2.5000000000000004 1.0000000180025095e-35 1.0000000180025095e-35 1.0000000180025095e-35 2.5000000000000004
decision_type=2 2 2 2 2 2 2 2 2 2 2 2 2 2
left_child=1 2 3 -1 7 6 8 -3 -2 10 -7 -8 -4 -6
right_child=5 4 12 -5 13 9 11 -9 -10 -11 -12 -13 -14 -15
leaf_value=-0.00020379634043387563 0.0010973573929581491 -0.00431207823566742 -0.0038424132351587838 0.0020575716750729565 0.0014804499018393133 -0.0001776249600326946 0.0029684775640674756 -0.0024767850650803968 0.0023125848012737473 -0.0069668796638248359 0.0014071355579229386 0.0048631235002133148 -0.0051205269775803789 0.0046708466055002881
leaf_weight=6584.5819925367832 948.63976010680199 272.94653820991516 235.35543909668922 1395.9444350749254 116.576292142272 432.38320036232471 482.70974183082581 1356.9785039722919 767.46174205839634 7.855969011783599 148.72503452003002 85.271982565522194 199.590656042099 5.3897908478975287
leaf_count=27860 3951 1225 1108 7068 488 1790 2787 6101 3371 33 691 566 860 23
internal_value=0 -0.000465819 -4.70562e-05 0.00019176 -0.00247741 0.00165022 0.0020417 -0.00278412 0.00164082 0.000131999 0.000227968 0.00325292 -0.00442892 0.00162144
internal_weight=0 10167.4 8415.47 7980.53 1751.89 2873.05 2284.08 1629.93 1716.1 588.964 581.108 567.982 434.946 121.966
internal_count=57922 44733 36896 34928 7837 13189 10675 7326 7322 2514 2481 3353 1968 511
is_linear=0
shrinkage=0.01


Tree=206
num_leaves=16
num_cat=0
split_feature=5 4 0 1 6 2 1 0 3 1 3 4 8 0 4
split_gain=98.8803 77.8301 88.3015 50.8467 28.5627 15.4416 5.06839 4.70696 4.05206 2.8396 2.34268 2.57156 1.51859 1.29516 1.16271
threshold=1.0000000180025095e-35 1.0000000180025095e-35 1.0000000180025095e-35 2.5000000000000004 1.0000000180025095e-35 1.0000000180025095e-35 2.5000000000000004 1.0000000180025095e-35 1.0000000180025095e-35 1.5000000000000002 1.0000000180025095e-35 1.0000000180025095e-35 1.0000000180025095e-35 1.0000000180025095e-35 1.0000000180025095e-35
decision_type=2 2 2 2 2 2 2 2 2 2 2 2 2 2 2
left_child=1 2 4 -4 -1 7 8 14 -3 -9 13 -12 -8 -7 -2
right_child=5 6 3 -5 -6 10 12 9 -10 -11 11 -13 -14 -15 -16
leaf_value=-0.0023729409401425663 0.0022770789681186556 0.0023206204099446869 0.0001790470109203511 -0.0048479465792148173 0.0001848120081820973 0.0051580140322744043 -0.0018538028865103574 0.0016906288593153862 0.0042614630101489867 0.00074048768869999174 0.0023186769518425514 0.00457350927892867 0.0037363025475381124 0.0036022722655173079 0.0038620141613758103
leaf_weight=2795.158271253109 227.68877916038036 725.27555978298187 6481.6201219558716 207.65444676578045 517.41806748509407 73.466549925506115 33.900969430804253 583.46197606623173 126.30416095256805 682.45317550003529 257.71140703558922 62.9294243901968 5.6727617532014838 197.01249897480011 58.095717072486877
leaf_count=12453 1055 3124 27509 903 2203 510 143 2643 564 3016 1707 436 24 1335 297
internal_value=0 -0.000385901 -0.000638212 2.29946e-05 -0.00197342 0.00196404 0.00244591 0.0014401 0.00260848 0.00117841 0.00333941 0.00276121 -0.00105248 0.00402484 0.00259927
internal_weight=0 10893 10001.9 6689.27 3312.58 2142.82 891.153 1551.7 851.58 1265.92 591.12 320.641 39.5737 270.479 285.784
internal_count=57922 46923 43068 28412 14656 10999 3855 7011 3688 5659 3988 2143 167 1845 1352
is_linear=0
shrinkage=0.01


Tree=207
num_leaves=16
num_cat=0
split_feature=2 6 3 8 8 7 0 4 7 7 1 1 4 1 6
split_gain=97.7826 74.7808 54.9199 52.1686 23.6493 22.8541 12.1847 25.5897 9.8815 9.20393 7.50228 7.13528 6.0103 4.80734 1.10339
threshold=1.0000000180025095e-35 1.0000000180025095e-35 1.0000000180025095e-35 1.0000000180025095e-35 1.0000000180025095e-35 1.0000000180025095e-35 1.0000000180025095e-35 1.0000000180025095e-35 1.0000000180025095e-35 1.0000000180025095e-35 1.5000000000000002 2.5000000000000004 1.0000000180025095e-35 1.5000000000000002 1.0000000180025095e-35
decision_type=2 2 2 2 2 2 2 2 2 2 2 2 2 2 2
left_child=1 2 3 -1 9 6 7 -2 -4 -3 -6 -8 13 -7 -14
right_child=5 4 8 -5 10 12 11 -9 -10 -11 -12 -13 14 -15 -16
leaf_value=-0.0008359947582670087 -0.0016928688856720456 0.00080107588406953464 0.00065907026979064197 -0.0031780357661203525 -0.0020885344401589899 0.0035815550366753652 0.0016730706653331807 0.0047824397774710618 0.0028805745075813839 0.0020828158881976123 0.00023660710309452983 -0.0047635696830469493 0.0044079767307527206 0.0020597090055111582 0.006450619822564908
leaf_weight=5747.3802412748337 325.26461388170719 1117.1715791374445 592.7693894058466 1139.683442234993 262.35344521701336 351.26439449191093 1050.6726519614458 75.126301258802414 302.36438639461994 1123.8044431954622 294.59104396402836 17.509371921420097 86.289558976888657 507.40742516517639 38.131061926484108
leaf_count=24439 1413 4672 2454 5214 1138 2044 4957 409 1275 4928 1275 76 537 2807 284
internal_value=0 -0.000416601 -0.000920701 -0.00122356 0.000985512 0.00179984 0.00100989 -0.000477891 0.00140947 0.00144384 -0.000858671 0.00156756 0.0029799 0.00268226 0.00503398
internal_weight=0 10580.1 7782.2 6887.06 2797.92 2451.67 1468.57 400.391 895.134 2240.98 556.944 1068.18 983.092 858.672 124.421
internal_count=57922 45395 33382 29653 12013 12527 6855 1822 3729 9600 2413 5033 5672 4851 821
is_linear=0
shrinkage=0.01


Tree=208
num_leaves=16
num_cat=0
split_feature=2 6 4 0 8 7 0 4 7 4 1 4 1 1 0
split_gain=95.9128 73.3121 54.4487 54.492 23.1846 22.4725 11.9494 25.117 9.03263 7.38788 6.99192 5.93448 4.73362 3.4243 1.10166
threshold=1.0000000180025095e-35 1.0000000180025095e-35 1.0000000180025095e-35 1.0000000180025095e-35 1.0000000180025095e-35 1.0000000180025095e-35 1.0000000180025095e-35 1.0000000180025095e-35 1.0000000180025095e-35 1.0000000180025095e-35 2.5000000000000004 1.0000000180025095e-35 1.5000000000000002 2.5000000000000004 1.0000000180025095e-35
decision_type=2 2 2 2 2 2 2 2 2 2 2 2 2 2 2
left_child=1 2 3 -1 8 6 7 -2 -3 -6 -8 12 -7 -4 -13
right_child=5 4 13 -5 9 11 10 -9 -10 -11 -12 14 -14 -15 -16
leaf_value=-0.0023505784518804054 -0.001675437896882925 0.00079307399646707177 0.0020948604809787165 -0.00051983500153991984 -0.0011478728086221695 0.0035524683743177461 0.0016572519913272933 0.0047456459076282761 0.002062986776176526 0.003607549352114612 -0.0047114758174209952 0.0062850410511605392 0.0020411822167927039 -0.0012973084020363613 0.0043085052580740931
leaf_weight=2496.9417225718498 325.36162480711937 1117.1594196110964 591.47761134803295 4660.3247368484735 521.98837001621723 350.60237993299961 1050.097175642848 74.952552884817123 1123.2629024982452 34.850621983408928 17.525855749845505 43.350939564406872 506.89535754919052 31.335442841053009 80.681310892105103
leaf_count=11184 1413 4672 2435 19632 2266 2044 4957 409 4928 147 76 297 2807 131 524
internal_value=0 -0.000412545 -0.000911745 -0.00115852 0.000975889 0.00178346 0.00100023 -0.000473191 0.00142976 -0.000850247 0.0015527 0.00295482 0.0026591 0.00192419 0.00499933
internal_weight=0 10577.3 7780.08 7157.27 2797.26 2449.47 1467.94 400.314 2240.42 556.839 1067.62 981.53 857.498 622.813 124.032
internal_count=57922 45395 33382 30816 12013 12527 6855 1822 9600 2413 5033 5672 4851 2566 821
is_linear=0
shrinkage=0.01


Tree=209
num_leaves=15
num_cat=0
split_feature=3 8 1 2 4 8 2 1 7 1 2 4 0 1
split_gain=94.9509 82.1995 84.7525 55.0146 20.9519 16.2414 10.6287 7.53045 5.90142 3.88452 2.58364 2.44257 1.70365 0.526077
threshold=1.0000000180025095e-35 1.0000000180025095e-35 2.5000000000000004 1.0000000180025095e-35 1.0000000180025095e-35 1.0000000180025095e-35 1.0000000180025095e-35 1.0000000180025095e-35 1.0000000180025095e-35 2.5000000000000004 1.0000000180025095e-35 1.0000000180025095e-35 1.0000000180025095e-35 2.5000000000000004
decision_type=2 2 2 2 2 2 2 2 2 2 2 2 2 2
left_child=1 2 3 -1 7 6 8 -3 -2 10 -7 -8 -4 -6
right_child=5 4 12 -5 13 9 11 -9 -10 -11 -12 -13 -14 -15
leaf_value=-0.00019089267162117354 0.0010701299575913586 -0.0042436950550136703 -0.0037706106706509005 0.0019977033163834077 0.0014308808118949302 -0.00017029620871941261 0.0029034361919713235 -0.0024209627065990497 0.0022502303402387271 -0.0068631545995163626 0.001358861423899122 0.0047480572860058865 -0.0050282901221393797 0.0046255639758362383
leaf_weight=6580.4835525155067 948.32011541724205 272.22752249240875 234.5937248468399 1391.3908157870173 116.51256887614727 432.27477304637432 480.64067143201828 1354.104070097208 766.08633051812649 7.845904514193534 148.43095690011978 84.388518653810024 199.13137148320675 5.3931832313537589
leaf_count=27860 3951 1225 1108 7068 488 1790 2787 6101 3371 33 691 566 860 23
internal_value=0 -0.00045345 -4.31179e-05 0.000191099 -0.00242634 0.00160709 0.00198948 -0.00272607 0.00159746 0.000126131 0.000220563 0.00317893 -0.00434804 0.00157222
internal_weight=0 10153.8 8405.6 7971.87 1748.24 2867.99 2279.44 1626.33 1714.41 588.552 580.706 565.029 433.725 121.906
internal_count=57922 44733 36896 34928 7837 13189 10675 7326 7322 2514 2481 3353 1968 511
is_linear=0
shrinkage=0.01


Tree=210
num_leaves=16
num_cat=0
split_feature=5 1 7 1 3 2 3 7 0 4 1 3 4 0 1
split_gain=93.5924 74.6578 70.9565 80.8907 57.8504 14.6104 6.69709 9.75197 4.66395 3.43472 2.77649 2.35472 2.45995 1.29531 1.14557
threshold=1.0000000180025095e-35 2.5000000000000004 1.0000000180025095e-35 1.5000000000000002 1.0000000180025095e-35 1.0000000180025095e-35 1.0000000180025095e-35 1.0000000180025095e-35 1.0000000180025095e-35 1.0000000180025095e-35 1.5000000000000002 1.0000000180025095e-35 1.0000000180025095e-35 1.0000000180025095e-35 1.5000000000000002
decision_type=2 2 2 2 2 2 2 2 2 2 2 2 2 2 2
left_child=1 2 4 -4 -1 8 9 -8 14 -3 -10 13 -13 -7 -2
right_child=5 6 3 -5 -6 11 7 -9 10 -11 -12 12 -14 -15 -16
leaf_value=-0.0013590855865267899 0.0032691196852378834 -0.0046019311525275141 0.0029540923925443934 -9.8039081979120433e-05 0.00098965635118114471 0.0050844218511363849 -0.0042358994704697391 0.0083408870731845833 0.0016511741448614729 -0.0013580279241747345 0.0007110185112714386 0.0022424429039181338 0.0044585066099302548 0.0035229176655137725 0.0019936007107802522
leaf_weight=4938.1933471560478 126.62737949192524 450.81872636079788 1248.678318336606 2850.8716098517179 1331.3944626003504 72.91616066545248 15.137045875191689 10.401989459991455 582.53954909741879 35.188066184520721 681.72617954015732 256.26106554269791 62.261489503085613 195.70728905498981 158.60649634897709
leaf_count=21602 616 2071 5334 12052 5609 510 63 43 2643 149 3016 1707 436 1335 736
internal_value=0 -0.000375378 -0.000191394 0.000831607 -0.000860312 0.00191384 -0.00410477 0.000886596 0.00140481 -0.00436706 0.00114422 0.00325718 0.00267562 0.00394678 0.00255986
internal_weight=0 10880.7 10369.1 4099.55 6269.59 2136.65 511.546 25.539 1549.5 486.007 1264.27 587.146 318.523 268.623 285.234
internal_count=57922 46923 44597 17386 27211 10999 2326 106 7011 2220 5659 3988 2143 1845 1352
is_linear=0
shrinkage=0.01


Tree=211
num_leaves=16
num_cat=0
split_feature=2 6 4 0 8 7 0 4 7 1 1 4 6 1 0
split_gain=91.8278 70.711 53.0735 53.0876 22.1512 21.5826 11.6565 24.4444 8.66293 7.36923 6.69006 5.83686 4.67365 3.28136 1.09122
threshold=1.0000000180025095e-35 1.0000000180025095e-35 1.0000000180025095e-35 1.0000000180025095e-35 1.0000000180025095e-35 1.0000000180025095e-35 1.0000000180025095e-35 1.0000000180025095e-35 1.0000000180025095e-35 1.5000000000000002 2.5000000000000004 1.0000000180025095e-35 1.0000000180025095e-35 2.5000000000000004 1.0000000180025095e-35
decision_type=2 2 2 2 2 2 2 2 2 2 2 2 2 2 2
left_child=1 2 3 -1 8 6 7 -2 -3 -6 -8 12 -7 -4 -13
right_child=5 4 13 -5 9 11 10 -9 -10 -11 -12 14 -14 -15 -16
leaf_value=-0.0023154144305951342 -0.0016603563447266999 0.00078077968416066822 0.0020732537382783457 -0.00050744196948763272 -0.0020453044307755307 0.0021120112927108907 0.001628454910968333 0.0046853906275986599 0.0020248654734000586 0.00026048631696849891 -0.0045966985154718932 0.0062170644985967295 0.0037148866945294814 -0.0012490673091319112 0.0042432431738611181
leaf_weight=2493.4639455974102 325.27216377854347 1116.8139332830906 591.32906241714954 4658.0532079935074 261.97437860071659 591.9533416479826 1048.5342715233564 74.631586447358131 1122.0448214262724 294.33232645690441 17.552538931369781 43.031537801027298 262.61173614859581 31.302051216363907 80.230903118848801
leaf_count=11184 1413 4672 2435 19632 1138 3145 4957 409 4928 1275 76 297 1706 131 524
internal_value=0 -0.000403564 -0.000894017 -0.00113781 0.000960525 0.00174734 0.000979827 -0.000476088 0.00140428 -0.00082535 0.00152596 0.00289801 0.00260458 0.00190623 0.00493231
internal_weight=0 10569.3 7774.15 7151.52 2795.17 2443.82 1465.99 399.904 2238.86 556.307 1066.09 977.828 854.565 622.631 123.262
internal_count=57922 45395 33382 30816 12013 12527 6855 1822 9600 2413 5033 5672 4851 2566 821
is_linear=0
shrinkage=0.01


Tree=212
num_leaves=15
num_cat=0
split_feature=3 8 1 2 4 8 2 1 7 1 4 4 0 1
split_gain=90.7783 79.502 81.3563 52.5629 20.3077 15.6963 10.2444 7.39846 5.69788 3.75334 2.49204 2.35792 1.70546 0.526503
threshold=1.0000000180025095e-35 1.0000000180025095e-35 2.5000000000000004 1.0000000180025095e-35 1.0000000180025095e-35 1.0000000180025095e-35 1.0000000180025095e-35 1.0000000180025095e-35 1.0000000180025095e-35 2.5000000000000004 1.0000000180025095e-35 1.0000000180025095e-35 1.0000000180025095e-35 2.5000000000000004
decision_type=2 2 2 2 2 2 2 2 2 2 2 2 2 2
left_child=1 2 3 -1 7 6 8 -3 -2 10 -7 -8 -4 -6
right_child=5 4 12 -5 13 9 11 -9 -10 -11 -12 -13 -14 -15
leaf_value=-0.00018377851327193198 0.0010462598066808941 -0.0041866722616249116 -0.0036851558710177487 0.0019575697029350055 0.0014100639475943912 3.1812497576778709e-05 0.0028487592875953132 -0.0023782413877385458 0.002206284610758918 -0.0067588573874623036 0.0026292005721246449 0.0046673000362727384 -0.0049452903189720031 0.0046056755563873312
leaf_weight=6577.6212390512228 948.10685513913631 271.67861348390579 233.72447161376476 1388.2540797442198 116.48677524924278 540.82109227776527 478.94271074235439 1352.1048422008753 765.14090219140053 7.8345627337694159 39.646643370389938 83.769569732248783 198.71356043219566 5.3945306539535514
leaf_count=27860 3951 1225 1108 7068 488 2302 2787 6101 3371 33 179 566 860 23
internal_value=0 -0.000443533 -3.99162e-05 0.000189405 -0.00238532 0.00157246 0.00194883 -0.00268081 0.00156433 0.000116422 0.000209217 0.00311948 -0.00426421 0.0015515
internal_weight=0 10144 8398.31 7965.88 1745.66 2864.26 2275.96 1623.78 1713.25 588.302 580.468 562.712 432.438 121.881
internal_count=57922 44733 36896 34928 7837 13189 10675 7326 7322 2514 2481 3353 1968 511
is_linear=0
shrinkage=0.01


Tree=213
num_leaves=16
num_cat=0
split_feature=5 4 0 1 3 2 0 1 3 1 3 4 8 0 1
split_gain=89.7162 72.5758 82.2028 47.0757 26.557 13.9702 4.61682 4.56324 3.77817 2.71863 2.36556 2.37887 1.43062 1.28828 1.12421
threshold=1.0000000180025095e-35 1.0000000180025095e-35 1.0000000180025095e-35 2.5000000000000004 1.0000000180025095e-35 1.0000000180025095e-35 1.0000000180025095e-35 2.5000000000000004 1.0000000180025095e-35 1.5000000000000002 1.0000000180025095e-35 1.0000000180025095e-35 1.0000000180025095e-35 1.0000000180025095e-35 1.5000000000000002
decision_type=2 2 2 2 2 2 2 2 2 2 2 2 2 2 2
left_child=1 2 4 -4 -1 6 14 8 -3 -8 13 -12 -9 -7 -2
right_child=5 7 3 -5 -6 10 9 12 -10 -11 11 -13 -14 -15 -16
leaf_value=-0.002136789582409938 0.0032323058370232389 0.0022467110085036468 0.00017676610296958617 -0.0046720837602689941 0.0015198836743962746 0.0050249089181240748 0.0016214346484251811 -0.0017309201537442939 0.0041244491480341323 0.0006906773124905483 0.0021831250373718202 0.0043704191982979852 0.0036928109660499591 0.0034631920677931399 0.0019677349466685683
leaf_weight=3090.620135396719 126.38441106677055 723.87883448600769 6473.2063353359699 206.61621883511543 212.25287027657032 72.481588453054428 581.85845971107483 33.840962439775467 125.77288538217545 681.22989198565483 255.13382105529308 61.759124621748924 5.6794586330652228 194.73196169734001 158.42332620918751
leaf_count=13761 616 3124 27509 903 895 510 2643 143 564 3016 1707 436 24 1335 736
internal_value=0 -0.000367462 -0.000611307 2.67844e-05 -0.0019018 0.00187604 0.00137878 0.00237017 0.00252467 0.00111944 0.00319378 0.00260941 -0.000951479 0.00388681 0.00252889
internal_weight=0 10871.9 9982.7 6679.82 3302.87 2132 1547.9 889.172 849.652 1263.09 584.106 316.893 39.5204 267.214 284.808
internal_count=57922 46923 43068 28412 14656 10999 7011 3855 3688 5659 3988 2143 167 1845 1352
is_linear=0
shrinkage=0.01


Tree=214
num_leaves=16
num_cat=0
split_feature=5 4 0 8 6 2 0 1 3 1 3 4 8 0 1
split_gain=88.0011 71.1507 80.6161 46.9383 26.321 13.7588 4.5345 4.47428 3.71222 2.69259 2.33316 2.34584 1.40202 1.27297 1.10574
threshold=1.0000000180025095e-35 1.0000000180025095e-35 1.0000000180025095e-35 1.0000000180025095e-35 1.0000000180025095e-35 1.0000000180025095e-35 1.0000000180025095e-35 2.5000000000000004 1.0000000180025095e-35 2.5000000000000004 1.0000000180025095e-35 1.0000000180025095e-35 1.0000000180025095e-35 1.0000000180025095e-35 1.5000000000000002
decision_type=2 2 2 2 2 2 2 2 2 2 2 2 2 2 2
left_child=1 2 4 -4 -1 6 14 8 -3 -8 13 -12 -9 -7 -2
right_child=5 7 3 -5 -6 10 9 12 -10 -11 11 -13 -14 -15 -16
leaf_value=-0.002268365089094121 0.0032042593756068981 0.0022247453824842255 0.00046527919444877742 -0.001575043429202381 0.00018886426857445571 0.0049908771307877629 0.0011676229464141462 -0.0017139051754845429 0.0040867347036306458 -0.0025075995586652561 0.0021642589468881253 0.0043390877256932591 0.0036546244380687436 0.0034361691037425169 0.0019494568020190612
leaf_weight=2784.4814004600048 126.21657517552376 723.71651376783848 5243.2240702658892 1436.4321517646313 516.83704814314842 72.247248768806458 1242.3716131001711 33.835181802511215 125.66478548943996 20.259486481547356 254.78602676093578 61.583900302648544 5.6814047098159781 194.30291254818439 158.31019851565361
leaf_count=12453 616 3124 22120 6292 2203 510 5576 143 564 83 1707 436 24 1335 736
internal_value=0 -0.000363856 -0.0006053 2.65163e-05 -0.00188367 0.00185897 0.00136565 0.0023472 0.00250022 0.00110865 0.00316832 0.00258761 -0.000942057 0.00385757 0.00250609
internal_weight=0 10869.9 9980.97 6679.66 3301.32 2130.08 1547.16 888.898 849.381 1262.63 582.92 316.37 39.5166 266.55 284.527
internal_count=57922 46923 43068 28412 14656 10999 7011 3855 3688 5659 3988 2143 167 1845 1352
is_linear=0
shrinkage=0.01


Tree=215
num_leaves=16
num_cat=0
split_feature=2 6 3 8 8 7 0 4 7 7 1 1 4 1 0
split_gain=87.3161 67.4942 50.4393 48.7431 20.9703 20.8555 11.2025 23.2937 9.33157 8.40518 7.23431 6.381 5.58048 4.47875 1.08311
threshold=1.0000000180025095e-35 1.0000000180025095e-35 1.0000000180025095e-35 1.0000000180025095e-35 1.0000000180025095e-35 1.0000000180025095e-35 1.0000000180025095e-35 1.0000000180025095e-35 1.0000000180025095e-35 1.0000000180025095e-35 1.5000000000000002 2.5000000000000004 1.0000000180025095e-35 1.5000000000000002 1.0000000180025095e-35
decision_type=2 2 2 2 2 2 2 2 2 2 2 2 2 2 2
left_child=1 2 3 -1 9 6 7 -2 -4 -3 -6 -8 13 -7 -14
right_child=5 4 8 -5 10 12 11 -9 -10 -11 -12 -13 14 -15 -16
leaf_value=-0.00078924169980261732 -0.0016295655097706945 0.00075766118319147194 0.00063179440213059952 -0.0030582688003998131 -0.0020084433573971314 0.0034270921571593685 0.0015882504791523303 0.0045826909765307802 0.0027917866859387365 0.00198363689888341 0.00027738288264748354 -0.0044879319452078891 0.0061257475565929054 0.0019515190063936411 0.0041501563129670276
leaf_weight=5737.8820829391479 325.16611464321613 1116.3866170942783 592.61825630068779 1133.8271069973707 261.61531412601471 347.55524361133575 1046.4224405735731 74.116553157567978 301.90142196416855 1120.5027927011251 294.10701008141041 17.573573425412178 42.604819573462009 503.98111055791378 79.597525507211685
leaf_count=24439 1413 4672 2454 5214 1138 2044 4957 409 1275 4928 1275 76 297 2807 524
internal_value=0 -0.000393435 -0.000872865 -0.00116363 0.000939856 0.00170653 0.000951894 -0.00047642 0.00136079 0.00137178 -0.000798707 0.00148789 0.00284056 0.00255378 0.00483893
internal_weight=0 10558.8 7766.23 6871.71 2792.61 2437.02 1463.28 399.283 894.52 2236.89 555.722 1064 973.739 851.536 122.202
internal_count=57922 45395 33382 29653 12013 12527 6855 1822 3729 9600 2413 5033 5672 4851 821
is_linear=0
shrinkage=0.01


Tree=216
num_leaves=15
num_cat=0
split_feature=3 7 1 4 1 0 8 2 0 7 1 2 4 6
split_gain=85.7285 77.5065 106.175 61.7867 50.1125 37.3713 14.8165 9.91201 5.94884 5.41701 3.64534 2.37392 2.18937 0.976536
threshold=1.0000000180025095e-35 1.0000000180025095e-35 1.5000000000000002 1.0000000180025095e-35 2.5000000000000004 1.0000000180025095e-35 1.0000000180025095e-35 1.0000000180025095e-35 1.0000000180025095e-35 1.0000000180025095e-35 2.5000000000000004 1.0000000180025095e-35 1.0000000180025095e-35 1.0000000180025095e-35
decision_type=2 2 2 2 2 2 2 2 2 2 2 2 2 2
left_child=1 3 13 5 -4 -1 7 9 -5 -2 11 -8 -9 -3
right_child=6 2 4 8 -6 -7 10 12 -10 -11 -12 -13 -14 -15
leaf_value=-0.0027351772118207628 0.0010127827896697179 0.0027140051294435958 -8.5059093780577081e-05 0.0035107619912761803 -0.0045878291231587019 -0.00092853122105635705 -0.00016833480695780276 0.0027898983054095044 0.0012655357185811142 0.0021444827374315009 -0.0066658999974221721 0.001298912167126522 0.0045505865222227118 0.0033381066240491565
leaf_weight=1780.344364374876 947.76373778283596 1032.8254340812564 2997.6331585943699 184.45750057697296 269.3758155554533 3208.2138125002384 432.13908840715885 477.05791433155537 327.58007450401783 763.83263865113258 7.8233424723148337 148.04867048561573 82.896594524383545 331.08241845667362
leaf_count=8129 3951 4548 13016 818 1223 13964 1790 2787 1424 3371 33 691 566 1611
internal_value=0 -0.000431217 0.000522025 -0.00123375 -0.000456328 -0.0015733 0.00152942 0.00189565 0.00207436 0.00151783 0.000114638 0.000206068 0.00305055 0.0028655
internal_weight=0 10131.5 4630.92 5500.6 3267.01 4988.56 2859.56 2271.55 512.038 1711.6 588.011 580.188 559.955 1363.91
internal_count=57922 44733 20398 24335 14239 22093 13189 10675 2242 7322 2514 2481 3353 6159
is_linear=0
shrinkage=0.01


Tree=217
num_leaves=16
num_cat=0
split_feature=2 6 4 7 8 7 0 4 7 1 1 4 6 1 6
split_gain=85.0145 65.6121 49.3211 50.475 20.2654 20.261 10.8315 22.479 8.03241 7.10153 6.23842 5.49893 4.41939 2.98078 1.07991
threshold=1.0000000180025095e-35 1.0000000180025095e-35 1.0000000180025095e-35 1.0000000180025095e-35 1.0000000180025095e-35 1.0000000180025095e-35 1.0000000180025095e-35 1.0000000180025095e-35 1.0000000180025095e-35 1.5000000000000002 2.5000000000000004 1.0000000180025095e-35 1.0000000180025095e-35 2.5000000000000004 1.0000000180025095e-35
decision_type=2 2 2 2 2 2 2 2 2 2 2 2 2 2 2
left_child=1 2 3 -1 8 6 7 -2 -3 -6 -8 12 -7 -4 -13
right_child=5 4 13 -5 9 11 10 -9 -10 -11 -12 14 -14 -15 -16
leaf_value=-0.0018664770725830596 -0.0015937069032615641 0.00075117367763529103 0.0019979498727722557 -0.00017836018482472572 -0.0019818976485813716 0.002040701154830371 0.0015681962340314062 0.0045189304412214569 0.0019499763107080799 0.00028341034335069819 -0.0044376327835610662 0.0041694212345266728 0.003605185891108708 -0.0011711083228284364 0.0062163994722819662
leaf_weight=3882.5685504972935 325.29552984237671 1116.2091039270163 591.13158579170704 3257.0821508318186 261.42734889686108 589.46067899465561 1045.4781479239464 73.813103020191193 1119.4806792587042 294.03804025053978 17.586248457431793 84.626912906765938 260.28917855024338 31.249422058463097 37.059144124388695
leaf_count=17246 1413 4672 2435 13570 1138 3145 4957 409 4928 1275 76 537 1706 131 284
internal_value=0 -0.000388183 -0.000861012 -0.00109636 0.000926727 0.0016852 0.000941478 -0.000463206 0.00135145 -0.000782747 0.00146884 0.00280464 0.00251992 0.00183883 0.00479282
internal_weight=0 10553.2 7762.03 7139.65 2791.16 2433.61 1462.17 399.109 2235.69 555.465 1063.06 971.436 849.75 622.381 121.686
internal_count=57922 45395 33382 30816 12013 12527 6855 1822 9600 2413 5033 5672 4851 2566 821
is_linear=0
shrinkage=0.01


Tree=218
num_leaves=15
num_cat=0
split_feature=3 7 1 4 1 0 8 2 0 7 1 4 4 6
split_gain=83.488 74.6806 103.925 59.6101 49.072 36.4549 14.3187 9.57792 5.79569 5.19029 3.56783 2.26311 2.13515 0.912831
threshold=1.0000000180025095e-35 1.0000000180025095e-35 1.5000000000000002 1.0000000180025095e-35 2.5000000000000004 1.0000000180025095e-35 1.0000000180025095e-35 1.0000000180025095e-35 1.0000000180025095e-35 1.0000000180025095e-35 2.5000000000000004 1.0000000180025095e-35 1.0000000180025095e-35 1.0000000180025095e-35
decision_type=2 2 2 2 2 2 2 2 2 2 2 2 2 2
left_child=1 3 13 5 -4 -1 7 9 -5 -2 11 -8 -9 -3
right_child=6 2 4 8 -6 -7 10 12 -10 -11 -12 -13 -14 -15
leaf_value=-0.0026958305246521518 0.0010049392246481007 0.0026833973719943417 -9.0450375413095172e-05 0.003455191647654609 -0.0045490725326542162 -0.00091059495685612637 4.0571721287426184e-05 0.0027502264800087868 0.001238186011959631 0.0021130153071958297 -0.0065924494266605708 0.0025194670977312246 0.0044931610358643695 0.0032872628979110602
leaf_weight=1778.1668370366096 947.6175776720047 1032.3626836314797 2996.8586164563894 184.24968901276588 269.00779044628143 3206.4474569112062 540.42639382183552 475.84992465376854 327.52362762391567 763.15113560855389 7.8153801560401908 39.522220999002457 82.466328054666519 330.45785740017891
leaf_count=8129 3951 4548 13016 818 1223 13964 2302 2787 1424 3371 33 179 566 1611
internal_value=0 -0.000425628 0.000510239 -0.00121375 -0.000457705 -0.00154744 0.00151007 0.00187039 0.00203636 0.00149924 0.000119059 0.000209503 0.00300767 0.00282982
internal_weight=0 10125.1 4628.69 5496.39 3265.87 4984.61 2856.85 2269.08 511.773 1710.77 587.764 579.949 558.316 1362.82
internal_count=57922 44733 20398 24335 14239 22093 13189 10675 2242 7322 2514 2481 3353 6159
is_linear=0
shrinkage=0.01


Tree=219
num_leaves=16
num_cat=0
split_feature=2 6 3 8 7 8 0 4 7 7 1 1 4 6 0
split_gain=82.8375 63.7666 48.2255 46.7671 19.6637 19.6134 10.4816 21.6849 8.77578 7.67554 6.97204 6.10162 5.41834 4.31705 1.07895
threshold=1.0000000180025095e-35 1.0000000180025095e-35 1.0000000180025095e-35 1.0000000180025095e-35 1.0000000180025095e-35 1.0000000180025095e-35 1.0000000180025095e-35 1.0000000180025095e-35 1.0000000180025095e-35 1.0000000180025095e-35 1.5000000000000002 2.5000000000000004 1.0000000180025095e-35 1.0000000180025095e-35 1.0000000180025095e-35
decision_type=2 2 2 2 2 2 2 2 2 2 2 2 2 2 2
left_child=1 2 3 -1 6 9 7 -2 -4 -3 -7 -8 13 -6 -14
right_child=4 5 8 -5 12 10 11 -9 -10 -11 -12 -13 14 -15 -16
leaf_value=-0.00076741978682485557 -0.0015579477175956412 0.00074469135871295074 0.00062820218403375038 -0.0029927436818563313 0.0020128989614649159 -0.0019573913762149114 0.001549622073438807 0.0044555379597633225 0.0027235820202724192 0.0019168711252254345 0.00028771293318453683 -0.0043879825125664271 0.006038031208209599 0.0035613652477993218 0.0040574165735746178
leaf_weight=5732.9528908729553 325.42532758414745 1116.0326388031244 592.54882526397705 1130.6477979123592 588.56401091814041 261.24106442928314 1044.5937108397484 73.511823579668999 301.61511053144932 1118.4694918394089 293.97051377594471 17.598599389195442 42.203032337129116 259.39773571491241 78.969948008656502
leaf_count=24439 1413 4672 2454 5214 3145 1138 4957 409 1275 4928 1275 76 297 1706 524
internal_value=0 -0.000383155 -0.000849421 -0.001134 0.00166476 0.000913459 0.000932184 -0.000449848 0.00133501 0.00133142 -0.000768665 0.00145125 0.00276924 0.00248659 0.00474724
internal_weight=0 10547.5 7757.76 6863.6 2430.26 2789.71 1461.13 398.937 894.164 2234.5 555.212 1062.19 969.135 847.962 121.173
internal_count=57922 45395 33382 29653 12527 12013 6855 1822 3729 9600 2413 5033 5672 4851 821
is_linear=0
shrinkage=0.01


Tree=220
num_leaves=15
num_cat=0
split_feature=4 3 7 1 0 8 2 1 0 8 3 1 8 3
split_gain=81.6351 75.7098 78.3529 101.362 35.5673 12.2026 7.21654 6.00062 4.28384 6.95806 4.6422 3.47751 1.61864 2.42397
threshold=1.0000000180025095e-35 1.0000000180025095e-35 1.0000000180025095e-35 1.5000000000000002 1.0000000180025095e-35 1.0000000180025095e-35 1.0000000180025095e-35 2.5000000000000004 1.0000000180025095e-35 1.0000000180025095e-35 1.0000000180025095e-35 2.5000000000000004 1.0000000180025095e-35 1.0000000180025095e-35
decision_type=2 2 2 2 2 2 2 2 2 2 2 2 2 2
left_child=1 2 4 -4 -1 6 -3 8 9 -2 -10 -7 13 -9
right_child=7 5 3 -5 -6 11 -8 12 10 -11 -12 -13 -14 -15
leaf_value=-0.0026594618947506873 0.0040652740991926391 0.0012996486514270733 0.0027237363462132643 -0.00067004221330429646 -0.0008952910534180483 3.8713031805243389e-05 0.0027110086219655676 -0.0030515519560932046 0.0017275016581293867 1.7045220208321653e-05 0.0034350053856979351 -0.0071312397880408341 0.0034933074349202693 0.0041216313042053369
leaf_weight=1776.1561623960733 317.74484402686357 1530.3245780169964 1244.6938187479973 3004.011790573597 3204.8074738532305 540.35247409343719 474.65773771703243 31.254444792866707 558.56081542372704 49.006186917424202 222.70429892838001 6.8502642512321463 6.3592616915702811 5.5469823703169814
leaf_count=8129 1569 6514 5577 13037 13964 2302 2787 134 2502 210 1116 29 27 25
internal_value=0 -0.000251887 -0.000673421 0.000324194 -0.00152437 0.00127254 0.00163377 0.00249515 0.00263277 0.00352434 0.00221424 -5.10454e-05 -0.00116534 -0.00197036
internal_weight=0 11781.9 9229.67 4248.71 4980.96 2552.19 2004.98 1191.18 1148.02 366.751 781.265 547.203 43.1607 36.8014
internal_count=57922 52339 40707 18614 22093 11632 9301 5583 5397 1779 3618 2331 186 159
is_linear=0
shrinkage=0.01


Tree=221
num_leaves=16
num_cat=0
split_feature=2 6 1 7 7 8 0 4 7 1 1 4 6 4 6
split_gain=80.746 62.0311 47.6166 52.6832 19.0926 18.9886 10.1354 20.9368 7.42084 6.89365 5.95641 5.29349 4.22 2.87191 1.06831
threshold=1.0000000180025095e-35 1.0000000180025095e-35 2.5000000000000004 1.0000000180025095e-35 1.0000000180025095e-35 1.0000000180025095e-35 1.0000000180025095e-35 1.0000000180025095e-35 1.0000000180025095e-35 1.0000000180025095e-35 2.5000000000000004 1.0000000180025095e-35 1.0000000180025095e-35 1.0000000180025095e-35 1.0000000180025095e-35
decision_type=2 2 2 2 2 2 2 2 2 2 2 2 2 2 2
left_child=1 2 3 -1 6 8 7 -2 -3 -7 -8 12 -6 -4 -13
right_child=4 5 13 -5 11 9 10 -9 -10 -11 -12 14 -14 -15 -16
leaf_value=-0.0014132837891693009 -0.0015228277291250898 0.000735374416200973 -0.0042764689080460154 0.0002924667088293752 0.0019870967386731585 -0.0030000026433773803 0.001531093406688366 0.004395435090693023 0.0018882299729226549 -0.00020136815113636322 -0.0043330896950604493 0.0040732116093587321 0.0035201063421943912 -0.0011283518233271646 0.0061198682203468724
leaf_weight=4031.0711649507284 325.5504604279995 1115.7993902117014 404.25280183553696 3287.2421392500401 587.74172627925873 109.69928056001663 1043.7170601189137 73.219349831342697 1117.5861316621304 445.26425835490227 17.613145709037781 83.969842024147511 258.5604206174612 31.215679869055748 36.629231229424477
leaf_count=17763 1413 4672 1892 13596 3145 479 4957 409 4928 1934 76 537 1706 131 284
internal_value=0 -0.000378254 -0.000838254 -0.000647094 0.00164484 0.000900902 0.000923076 -0.000436157 0.00131226 -0.000754572 0.00143378 0.00273477 0.00245546 -0.0040508 0.00469484
internal_weight=0 10542.1 7753.78 7318.31 2427 2788.35 1460.1 398.77 2233.39 554.964 1061.33 966.901 846.302 435.468 120.599
internal_count=57922 45395 33382 31359 12527 12013 6855 1822 9600 2413 5033 5672 4851 2023 821
is_linear=0
shrinkage=0.01


Tree=222
num_leaves=15
num_cat=0
split_feature=4 3 7 1 0 8 2 1 0 8 3 1 8 3
split_gain=79.6346 73.7027 75.5782 99.0526 34.6671 11.7939 6.97967 5.83896 4.17775 6.80423 4.53841 3.39282 1.59134 2.37558
threshold=1.0000000180025095e-35 1.0000000180025095e-35 1.0000000180025095e-35 1.5000000000000002 1.0000000180025095e-35 1.0000000180025095e-35 1.0000000180025095e-35 2.5000000000000004 1.0000000180025095e-35 1.0000000180025095e-35 1.0000000180025095e-35 2.5000000000000004 1.0000000180025095e-35 1.0000000180025095e-35
decision_type=2 2 2 2 2 2 2 2 2 2 2 2 2 2
left_child=1 2 4 -4 -1 6 -3 8 9 -2 -10 -7 13 -9
right_child=7 5 3 -5 -6 11 -8 12 10 -11 -12 -13 -14 -15
leaf_value=-0.0026223411027532072 0.0040191064539374819 0.0012828563812254787 0.0026880325983984011 -0.00066774910977620086 -0.00087983296231458727 4.3162479947669719e-05 0.0026722354749789952 -0.0030147848439793907 0.0017072328790564001 1.4640001481128988e-05 0.0033968064430862721 -0.0070453442226869204 0.0034727077641742406 0.004088502074092267
leaf_weight=1774.0868630707264 317.09754018485546 1529.7741523087025 1243.9108339995146 3003.1695238947868 3203.233956977725 540.22336709499359 473.480971544981 31.238654315471649 558.17357313632965 48.986646413803101 222.29953527450562 6.8377646952867499 6.3611241877079001 5.5436876490712157
leaf_count=8129 1569 6514 5577 13037 13964 2302 2787 134 2502 210 1116 29 27 25
internal_value=0 -0.000248786 -0.000664787 0.000315113 -0.00150092 0.00125587 0.00161124 0.00246599 0.00260188 0.00348326 0.00218847 -4.54374e-05 -0.00114553 -0.00194421
internal_weight=0 11774.7 9224.4 4247.08 4977.32 2550.32 2003.26 1189.7 1146.56 366.084 780.473 547.061 43.1435 36.7823
internal_count=57922 52339 40707 18614 22093 11632 9301 5583 5397 1779 3618 2331 186 159
is_linear=0
shrinkage=0.01


Tree=223
num_leaves=16
num_cat=0
split_feature=2 6 1 7 8 8 1 4 7 1 0 0 4 4 1
split_gain=78.7095 60.3427 46.5289 50.8375 18.6543 18.3838 9.30063 7.91075 7.17464 6.7856 5.11609 3.76689 2.82891 2.0053 1.38539
threshold=1.0000000180025095e-35 1.0000000180025095e-35 2.5000000000000004 1.0000000180025095e-35 1.0000000180025095e-35 1.0000000180025095e-35 2.5000000000000004 1.0000000180025095e-35 1.0000000180025095e-35 1.5000000000000002 1.0000000180025095e-35 1.0000000180025095e-35 1.0000000180025095e-35 1.0000000180025095e-35 1.5000000000000002
decision_type=2 2 2 2 2 2 2 2 2 2 2 2 2 2 2
left_child=1 2 3 -1 6 8 7 -2 -3 -7 14 -8 -4 -12 -6
right_child=4 5 12 -5 10 9 11 -9 -10 -11 13 -13 -14 -15 -16
leaf_value=-0.001391453006995162 0.0018844085435184383 0.00072615490026050982 -0.0042304258737163253 0.00028445082142832125 -0.0033666483352793436 -0.0019144323253844973 0.00027137036638591369 0.0037124047289779187 0.0018600058328957481 0.00030148859042274703 0.00015848052773327257 -0.0057688233140973785 -0.0011048578135709564 0.0028039101041142352 -0.0011125537993034002
leaf_weight=4028.0305575430393 1653.4620837420225 1115.5673860609531 403.43313662707806 3287.1294153928757 47.07199390232563 260.90448796749115 21.367476336658001 276.2967310026288 1116.7112414687872 293.81139492988586 309.21072000265121 19.978398196399212 31.196731224656105 31.580670967698097 64.804199174046516
leaf_count=17763 8684 4672 1892 13596 196 1138 95 1713 4928 1275 1332 91 131 147 269
internal_value=0 -0.000373424 -0.000827242 -0.000638371 0.00162517 0.000888506 0.00204559 0.00214614 0.00129337 -0.000740745 -0.000205492 -0.00264726 -0.00400608 0.000403629 -0.00206097
internal_weight=0 10536.8 7749.79 7315.16 2423.77 2786.99 1971.1 1929.76 2232.28 554.716 452.668 41.3459 434.63 340.791 111.876
internal_count=57922 45395 33382 31359 12527 12013 10583 10397 9600 2413 1944 186 2023 1479 465
is_linear=0
shrinkage=0.01


Tree=224
num_leaves=15
num_cat=0
split_feature=4 3 7 1 0 8 2 1 0 8 3 1 8 3
split_gain=77.6807 71.8078 73.0466 96.804 33.933 11.3517 6.74414 5.66572 4.1119 6.60654 4.43645 3.31827 1.5518 2.32596
threshold=1.0000000180025095e-35 1.0000000180025095e-35 1.0000000180025095e-35 1.5000000000000002 1.0000000180025095e-35 1.0000000180025095e-35 1.0000000180025095e-35 2.5000000000000004 1.0000000180025095e-35 1.0000000180025095e-35 1.0000000180025095e-35 2.5000000000000004 1.0000000180025095e-35 1.0000000180025095e-35
decision_type=2 2 2 2 2 2 2 2 2 2 2 2 2 2
left_child=1 2 4 -4 -1 6 -3 8 9 -2 -10 -7 13 -9
right_child=7 5 3 -5 -6 11 -8 12 10 -11 -12 -13 -14 -15
leaf_value=-0.002589142669590152 0.0039752732025839102 0.0012662893014916657 0.0026536068232914131 -0.00066465645484930786 -0.00086435716823913991 5.0872696859311063e-05 0.0026333338364246711 -0.0029689025041568966 0.0016850376593632861 2.9272771321623349e-05 0.0033568673756950375 -0.0069658839075483238 0.0034400181748226624 0.0040604425355812105
leaf_weight=1771.92721106112 316.50332912802696 1529.2289500832558 1243.1990944594145 3002.431363299489 3201.6741228699684 540.15664774179459 472.34621255099773 31.232822224497795 557.74126671254635 48.996971666812897 221.868960916996 6.8248382508754721 6.3605581521987906 5.5426680818200103
leaf_count=8129 1569 6514 5577 13037 13964 2302 2787 134 2502 210 1116 29 27 25
internal_value=0 -0.000245718 -0.000656431 0.000306992 -0.00147884 0.00124001 0.00158889 0.0024371 0.00257112 0.00344629 0.00216082 -3.66773e-05 -0.00112067 -0.00190947
internal_weight=0 11767.8 9219.23 4245.63 4973.6 2548.56 2001.58 1188.25 1145.11 365.5 779.61 546.981 43.136 36.7755
internal_count=57922 52339 40707 18614 22093 11632 9301 5583 5397 1779 3618 2331 186 159
is_linear=0
shrinkage=0.01


Tree=225
num_leaves=16
num_cat=0
split_feature=2 6 1 8 7 8 0 4 7 1 1 6 1 4 4
split_gain=76.7223 58.6996 45.4655 49.4621 18.211 17.7985 9.6177 19.7701 6.93656 6.70732 5.69194 5.08009 5.44249 2.78622 2.11014
threshold=1.0000000180025095e-35 1.0000000180025095e-35 2.5000000000000004 1.0000000180025095e-35 1.0000000180025095e-35 1.0000000180025095e-35 1.0000000180025095e-35 1.0000000180025095e-35 1.0000000180025095e-35 1.0000000180025095e-35 2.5000000000000004 1.0000000180025095e-35 2.5000000000000004 1.0000000180025095e-35 1.0000000180025095e-35
decision_type=2 2 2 2 2 2 2 2 2 2 2 2 2 2 2
left_child=1 2 3 -1 6 8 7 -2 -3 -7 -8 12 -6 -4 -13
right_child=4 5 13 -5 11 9 10 -9 -10 -11 -12 14 -14 -15 -16
leaf_value=-0.00025507702754337636 -0.0014766177298260986 0.00071703626204078458 -0.0041848436790900305 -0.0024351160442781122 0.0023389143769720054 -0.0029441424231100382 0.0014941353166090402 0.0042911710966046556 0.0018321897366613466 -0.00018153795548656292 -0.0042341757459884184 0.0034517733384112708 -0.0033426387473384062 -0.0010818575325817331 0.0060294933105497954
leaf_weight=6055.2924424409866 325.62143601477146 1115.3366214782 402.61899442970753 1256.7446998953819 652.1780888736248 109.51469902694225 1041.8735361248255 72.695071652531624 1115.8447818011045 444.95975847542286 17.639992833137512 257.17286165058613 17.307663977146149 31.177932679653168 36.230942882597446
leaf_count=25647 1413 4672 1892 5712 3605 479 4957 409 4928 1934 76 1706 77 131 284
internal_value=0 -0.00036866 -0.000816376 -0.000629768 0.00160565 0.000876265 0.000900748 -0.000423963 0.00127474 -0.000727182 0.00139876 0.00267288 0.00219203 -0.00396183 0.00377008
internal_weight=0 10531.5 7745.83 7312.04 2420.72 2785.66 1457.83 398.317 2231.18 554.474 1059.51 962.89 669.486 433.797 293.404
internal_count=57922 45395 33382 31359 12527 12013 6855 1822 9600 2413 5033 5672 3682 2023 1990
is_linear=0
shrinkage=0.01


Tree=226
num_leaves=15
num_cat=0
split_feature=4 3 7 1 0 8 2 1 0 8 3 1 8 3
split_gain=75.816 69.8697 70.9245 94.5591 33.0739 10.9039 6.53245 5.50502 4.01023 6.4397 4.33422 3.24076 1.52332 2.27834
threshold=1.0000000180025095e-35 1.0000000180025095e-35 1.0000000180025095e-35 1.5000000000000002 1.0000000180025095e-35 1.0000000180025095e-35 1.0000000180025095e-35 2.5000000000000004 1.0000000180025095e-35 1.0000000180025095e-35 1.0000000180025095e-35 2.5000000000000004 1.0000000180025095e-35 1.0000000180025095e-35
decision_type=2 2 2 2 2 2 2 2 2 2 2 2 2 2
left_child=1 2 4 -4 -1 6 -3 8 9 -2 -10 -7 13 -9
right_child=7 5 3 -5 -6 11 -8 12 10 -11 -12 -13 -14 -15
leaf_value=-0.0025555326717711818 0.0039295710916325746 0.001248182160187394 0.002621631988526712 -0.00065886185953045577 -0.00085200735373175483 5.8424294591215532e-05 0.0025949207097317566 -0.0029288547982338417 0.0016658592393787466 3.2536126323092355e-05 0.0033194887635529936 -0.0068823096318707698 0.0034194845924043161 0.0040297574482448676
leaf_weight=1770.0532481223345 315.89922814071178 1528.7322992235422 1242.3697332590818 3001.4469675570726 3200.271413013339 540.00022913515568 471.182801425457 31.221552848815918 557.41651724278927 48.977214470505714 221.47980417311192 6.8120975196361533 6.362374782562255 5.5400377810001364
leaf_count=8129 1569 6514 5577 13037 13964 2302 2787 134 2502 210 1116 29 27 25
internal_value=0 -0.000242763 -0.000647981 0.000301497 -0.00145867 0.00122333 0.00156548 0.0024091 0.00254134 0.00340647 0.00213607 -2.80422e-05 -0.00109828 -0.00188018
internal_weight=0 11760.9 9214.14 4243.82 4970.32 2546.73 1999.92 1186.9 1143.77 364.876 778.896 546.812 43.124 36.7616
internal_count=57922 52339 40707 18614 22093 11632 9301 5583 5397 1779 3618 2331 186 159
is_linear=0
shrinkage=0.01


Tree=227
num_leaves=16
num_cat=0
split_feature=2 6 3 8 8 8 5 1 7 7 1 0 3 4 1
split_gain=74.7907 57.1003 44.7855 43.0415 17.7364 17.2321 8.83168 9.39069 8.14879 6.70604 6.60384 4.78692 2.3314 1.89201 1.36719
threshold=1.0000000180025095e-35 1.0000000180025095e-35 1.0000000180025095e-35 1.0000000180025095e-35 1.0000000180025095e-35 1.0000000180025095e-35 1.0000000180025095e-35 2.5000000000000004 1.0000000180025095e-35 1.0000000180025095e-35 1.5000000000000002 1.0000000180025095e-35 1.0000000180025095e-35 1.0000000180025095e-35 1.5000000000000002
decision_type=2 2 2 2 2 2 2 2 2 2 2 2 2 2 2
left_child=1 2 3 -1 6 9 7 -2 -4 -3 -7 14 -8 -13 -6
right_child=4 5 8 -5 11 10 12 -9 -10 -11 -12 13 -14 -15 -16
leaf_value=-0.00072893767466754137 0.0017218632273710206 0.00070803309520699317 0.00061900338601387237 -0.0028687137011705515 -0.0032901118214430165 -0.0018726745504220432 0.0038166980424794118 -0.0034584883289825886 0.0026391685894485151 0.0018047679545565756 0.00031436712971206864 0.00015314354899119775 0.0024812218525679655 0.0027265101649418849 -0.0010508994767753721
leaf_weight=5723.7503557354212 1404.3188956081867 1115.1071445792913 592.36107082664967 1124.7780440896749 47.077804252505302 260.57456396520138 246.33260256052017 35.887045219540596 301.20234806835651 1114.9866804182529 293.6586831510067 309.13762024044991 278.52545600384474 31.479960456490517 64.797346457839012
leaf_count=24439 6689 4672 2454 5214 196 1138 1764 149 1275 4928 1275 1332 1981 147 269
internal_value=0 -0.000363956 -0.000805638 -0.00108037 0.00158647 0.000864184 0.00199749 0.00159278 0.00129996 0.00125637 -0.000713878 -0.000198487 0.003108 0.000390975 -0.00199317
internal_weight=0 10526.4 7742.09 6848.53 2417.56 2784.33 1965.06 1440.21 893.563 2230.09 554.233 452.493 524.858 340.618 111.875
internal_count=57922 45395 33382 29653 12527 12013 10583 6838 3729 9600 2413 1944 3745 1479 465
is_linear=0
shrinkage=0.01


Tree=228
num_leaves=15
num_cat=0
split_feature=4 6 0 1 5 8 2 1 1 0 8 3 8 3
split_gain=74.1507 67.6474 63.148 44.0359 28.8999 23.5633 10.5266 5.36906 4.79793 3.95371 6.24008 4.19483 1.49521 2.21818
threshold=1.0000000180025095e-35 1.0000000180025095e-35 1.0000000180025095e-35 2.5000000000000004 1.0000000180025095e-35 1.0000000180025095e-35 1.0000000180025095e-35 2.5000000000000004 2.5000000000000004 1.0000000180025095e-35 1.0000000180025095e-35 1.0000000180025095e-35 1.0000000180025095e-35 1.0000000180025095e-35
decision_type=2 2 2 2 2 2 2 2 2 2 2 2 2 2
left_child=1 2 4 -4 -1 6 -3 9 -7 10 -2 -11 13 -9
right_child=7 5 3 -5 -6 8 -8 12 -10 11 -12 -13 -14 -15
leaf_value=-0.0021210163645671918 0.0038899111363866036 0.001106277059938966 7.5528806992333485e-05 -0.0048184293142856816 0.0027193829649877787 -0.00057158435764759685 0.0026954423964603313 -0.0028899683603233533 -0.0068923468068649539 0.0016494534218493865 5.3574226285939448e-05 0.0032774616628347946 0.0033961087139463336 0.0039780285008053015
leaf_weight=2767.8651237934828 315.38854363560677 2025.5915133059025 5458.1160232275724 190.26906713843346 129.10207670927048 645.82046473026276 524.81614442169666 31.213721066713333 12.236781775951384 557.09105181694031 48.984310701489449 221.08073151111603 6.3603720515966407 5.5367485359311095
leaf_count=12453 1569 8683 23697 844 679 2828 3100 134 55 2502 210 1116 27 25
internal_value=0 -0.000240106 -0.000704964 -8.9327e-05 -0.00190531 0.000997984 0.00143329 0.00238379 -0.000689121 0.00251451 0.00337417 0.00211198 -0.00108049 -0.00185525
internal_weight=0 11753.8 8545.35 5648.39 2896.97 3208.46 2550.41 1185.66 658.057 1142.54 364.373 778.172 43.1108 36.7505
internal_count=57922 52339 37673 24541 13132 14666 11783 5583 2883 5397 1779 3618 186 159
is_linear=0
shrinkage=0.01


Tree=229
num_leaves=16
num_cat=0
split_feature=2 1 7 1 4 7 0 4 3 1 4 7 6 7 6
split_gain=72.827 56.0919 59.8548 68.8894 40.105 17.5098 9.1447 18.7982 6.78272 5.42819 4.93251 4.59597 3.85623 1.58448 1.03903
threshold=1.0000000180025095e-35 2.5000000000000004 1.0000000180025095e-35 1.5000000000000002 1.0000000180025095e-35 1.0000000180025095e-35 1.0000000180025095e-35 1.0000000180025095e-35 1.0000000180025095e-35 2.5000000000000004 1.0000000180025095e-35 1.0000000180025095e-35 1.0000000180025095e-35 1.0000000180025095e-35 1.0000000180025095e-35
decision_type=2 2 2 2 2 2 2 2 2 2 2 2 2 2 2
left_child=1 2 4 -4 -1 6 7 -2 13 -8 12 -10 -7 -3 -12
right_child=5 8 3 -5 -6 10 9 -9 11 -11 14 -13 -14 -15 -16
leaf_value=-0.0011324309825531394 -0.0014409070738845159 -0.0033489094084140948 0.0024950716258532323 -0.00018721513094203748 0.0019039279627152841 0.0018983462752229397 0.0014548286787437457 0.004198320865708388 -0.0027224528293526462 -0.004136303920096427 0.0039082454214814325 0.0045293353811425218 0.0033709294460245345 -0.0045383995548434483 0.0059457370256349893
leaf_weight=5182.1148002147675 325.59406147897243 204.19209770858288 1414.8997154980898 2961.9518678486347 474.86458237469196 584.7744123339653 1040.0107420533895 72.224777206778526 19.363881677389145 17.659077331423759 82.840478144586086 15.928555279970167 255.53843325376511 247.99548345804214 35.864118687808514
leaf_count=22731 1413 972 6055 12372 1979 3145 4957 409 81 76 537 67 1706 1138 284
internal_value=0 -0.000359121 -0.000198182 0.000679885 -0.000877549 0.0015666 0.000875353 -0.000417094 -0.00367173 0.00136148 0.0026157 0.000550501 0.00234616 -0.00400127 0.00452383
internal_weight=0 10521.3 10033.8 4376.85 5656.98 2414.51 1455.49 397.819 487.48 1057.67 959.017 35.2924 840.313 452.188 118.705
internal_count=57922 45395 43137 18427 24710 12527 6855 1822 2258 5033 5672 148 4851 2110 821
is_linear=0
shrinkage=0.01


Tree=230
num_leaves=15
num_cat=0
split_feature=4 3 7 1 0 8 2 1 0 8 3 1 8 3
split_gain=71.7035 66.4359 67.7043 90.7245 31.6011 10.2019 6.14048 5.13407 3.8527 6.14254 4.12279 3.12412 1.46921 2.1485
threshold=1.0000000180025095e-35 1.0000000180025095e-35 1.0000000180025095e-35 1.5000000000000002 1.0000000180025095e-35 1.0000000180025095e-35 1.0000000180025095e-35 2.5000000000000004 1.0000000180025095e-35 1.0000000180025095e-35 1.0000000180025095e-35 2.5000000000000004 1.0000000180025095e-35 1.0000000180025095e-35
decision_type=2 2 2 2 2 2 2 2 2 2 2 2 2 2
left_child=1 2 4 -4 -1 6 -3 8 9 -2 -10 -7 13 -9
right_child=7 5 3 -5 -6 11 -8 12 10 -11 -12 -13 -14 -15
leaf_value=-0.0024976717812977747 0.0038356573548787272 0.0012185212441953185 0.0025705780712613376 -0.00064437537367580892 -0.00083110587203956865 6.8797411516429371e-05 0.0025265453566338668 -0.0028310509961405601 0.0016176769508215371 2.819522785444636e-05 0.0032328664205367751 -0.0067549600883159405 0.0033939785139068769 0.0039299779064030631
leaf_weight=1766.2875485420227 314.73992392420769 1527.758868470788 1240.9493478834629 2999.1246349960566 3197.4641853123903 539.85154336690903 469.09751245379448 31.182108044624329 556.76076496392488 48.963519871234894 220.66554876416922 6.7937840819358817 6.3601703047752371 5.5343237072229376
leaf_count=8129 1569 6514 5577 13037 13964 2302 2787 134 2502 210 1116 29 27 25
internal_value=0 -0.000236104 -0.000631438 0.00029655 -0.00142413 0.00119444 0.0015258 0.00234563 0.00247356 0.00332308 0.00207613 -1.60092e-05 -0.00104331 -0.00181195
internal_weight=0 11747.3 9203.83 4240.07 4963.75 2543.5 1996.86 1184.21 1141.13 363.703 777.426 546.645 43.0766 36.7164
internal_count=57922 52339 40707 18614 22093 11632 9301 5583 5397 1779 3618 2331 186 159
is_linear=0
shrinkage=0.01


Tree=231
num_leaves=16
num_cat=0
split_feature=2 1 7 1 3 7 0 4 3 1 4 7 6 7 6
split_gain=70.9956 54.754 57.7602 66.3045 38.9153 17.0011 8.84041 18.1474 6.62336 5.29955 4.81797 4.47422 3.76861 1.5782 1.03015
threshold=1.0000000180025095e-35 2.5000000000000004 1.0000000180025095e-35 1.5000000000000002 1.0000000180025095e-35 1.0000000180025095e-35 1.0000000180025095e-35 1.0000000180025095e-35 1.0000000180025095e-35 2.5000000000000004 1.0000000180025095e-35 1.0000000180025095e-35 1.0000000180025095e-35 1.0000000180025095e-35 1.0000000180025095e-35
decision_type=2 2 2 2 2 2 2 2 2 2 2 2 2 2 2
left_child=1 2 4 -4 -1 6 7 -2 13 -8 12 -10 -7 -3 -12
right_child=5 8 3 -5 -6 10 9 -9 11 -11 14 -13 -14 -15 -16
leaf_value=-0.0013314493585978738 -0.0014081831262810216 -0.0033047419697680549 0.002448219333899737 -0.00018365884700185901 0.00060683847213058566 0.0018740395580941196 0.0014373905675211618 0.0041411169052865222 -0.0026881757456486783 -0.0040851995403859186 0.0038599230979482948 0.0044684871055325646 0.003331651463130701 -0.0044929718263068026 0.0058942681553383397
leaf_weight=4288.0424553453922 325.70294715464115 203.79187932610512 1414.3421577364206 2961.6453510075808 1365.72264534235 583.99950544536114 1039.1827081888914 71.947866886854172 19.349486380815506 17.671626195311546 82.51780541241169 15.92551366984844 254.75270609557629 247.57086515426636 35.643105387687683
leaf_count=19021 1413 972 6055 12372 5689 3145 4957 409 81 76 537 67 1706 1138 284
internal_value=0 -0.000354543 -0.000195603 0.000666978 -0.000863237 0.00154789 0.000866834 -0.000404136 -0.00363034 0.00134505 0.00258308 0.000542824 0.00231676 -0.00395648 0.00447358
internal_weight=0 10516.4 10029.8 4375.99 5653.77 2411.42 1454.51 397.651 486.638 1056.85 956.913 35.275 838.752 451.363 118.161
internal_count=57922 45395 43137 18427 24710 12527 6855 1822 2258 5033 5672 148 4851 2110 821
is_linear=0
shrinkage=0.01


Tree=232
num_leaves=15
num_cat=0
split_feature=4 8 1 0 3 3 1 1 0 8 3 1 8 3
split_gain=69.9915 65.142 59.8749 51.0565 23.2609 9.94313 7.2355 4.94038 3.75945 6.00932 4.01077 3.03626 1.44362 2.08092
threshold=1.0000000180025095e-35 1.0000000180025095e-35 2.5000000000000004 1.0000000180025095e-35 1.0000000180025095e-35 1.0000000180025095e-35 1.0000000180025095e-35 2.5000000000000004 1.0000000180025095e-35 1.0000000180025095e-35 1.0000000180025095e-35 2.5000000000000004 1.0000000180025095e-35 1.0000000180025095e-35
decision_type=2 2 2 2 2 2 2 2 2 2 2 2 2 2
left_child=1 2 3 -1 6 -4 -3 8 9 -2 -10 -6 13 -9
right_child=7 4 5 -5 11 -7 -8 12 10 -11 -12 -13 -14 -15
leaf_value=-0.0008553416191335216 0.0037923608543180129 -0.0039084005131756376 -0.003963021967127665 0.00077605450629627821 6.072245033046467e-05 0.0023218165603939816 -0.0021102296715526663 -0.0027730489237278218 0.0015996892595068837 2.5232943994345924e-05 0.0031939370982413213 -0.0066726563170233979 0.0033914591418533735 0.0038825775299893722
leaf_weight=2733.9261286854744 314.12188321352005 268.69329325854778 395.20520824193954 6430.8035421520472 539.83300258219242 26.885503008961678 1338.4902955591679 31.150361210107803 556.39702466130257 48.943020701408386 220.27769916504622 6.780996322631835 6.3599826395511618 5.5318408682942382
leaf_count=12294 1569 1225 1834 28436 2302 118 6101 134 2502 210 1116 29 27 25
internal_value=0 -0.000233269 0.000119793 0.000289394 -0.00180479 -0.0035627 -0.00241085 0.00231892 0.00244452 0.00328453 0.00205184 -2.28082e-05 -0.00100678 -0.00176935
internal_weight=0 11740.6 9586.82 9164.73 2153.8 422.091 1607.18 1182.78 1139.74 363.065 776.675 546.614 43.0422 36.6822
internal_count=57922 52339 42682 40730 9657 1952 7326 5583 5397 1779 3618 2331 186 159
is_linear=0
shrinkage=0.01


Tree=233
num_leaves=16
num_cat=0
split_feature=2 6 3 8 7 8 0 4 7 1 7 1 4 6 6
split_gain=69.433 53.8077 42.1041 40.4688 16.6251 15.7949 8.59566 17.5477 7.74838 6.50801 6.13871 5.14714 4.67682 3.70386 1.02122
threshold=1.0000000180025095e-35 1.0000000180025095e-35 1.0000000180025095e-35 1.0000000180025095e-35 1.0000000180025095e-35 1.0000000180025095e-35 1.0000000180025095e-35 1.0000000180025095e-35 1.0000000180025095e-35 1.0000000180025095e-35 1.0000000180025095e-35 2.5000000000000004 1.0000000180025095e-35 1.0000000180025095e-35 1.0000000180025095e-35
decision_type=2 2 2 2 2 2 2 2 2 2 2 2 2 2 2
left_child=1 2 3 -1 6 10 7 -2 -4 -7 -3 -8 13 -6 -14
right_child=4 5 8 -5 12 9 11 -9 -10 -11 -12 -13 14 -15 -16
leaf_value=-0.00070581419706472373 -0.0013806904615854257 0.00069336938382257615 0.000598453655929833 -0.0027840247952529902 0.0018553864340854504 -0.0028570085986303752 0.0014211062089713902 0.00408451106438152 0.0025692249674909256 -0.00013205916380204193 0.0017433042949356174 -0.0040193526201903872 0.0038120455562328332 0.0033018135961474905 0.0058430943549164617
leaf_weight=5717.0217832773924 325.81593185663223 1114.5594351738691 592.25397270917892 1120.680005222559 583.40035784244537 109.19056163728237 1038.4210817068815 71.674223586916924 300.83147579431534 444.19862858951092 1112.9131563156843 17.685976549983025 82.199256137013435 254.16259717196226 35.424898885190487
leaf_count=24439 1413 4672 2454 5214 3145 479 4957 409 1275 1934 4928 76 537 1706 284
internal_value=0 -0.00035061 -0.000779716 -0.00104643 0.00153168 0.000842303 0.000858232 -0.000395222 0.0012623 -0.000669726 0.00121795 0.00133 0.00255653 0.00229431 0.00442374
internal_weight=0 10511.6 7730.79 6837.7 2408.78 2780.86 1453.6 397.49 893.085 553.389 2227.47 1056.11 955.187 837.563 117.624
internal_count=57922 45395 33382 29653 12527 12013 6855 1822 3729 2413 9600 5033 5672 4851 821
is_linear=0
shrinkage=0.01


Tree=234
num_leaves=16
num_cat=0
split_feature=5 1 7 1 4 2 3 7 0 4 3 1 4 0 3
split_gain=68.3213 58.1623 52.57 65.7931 43.2274 11.0945 5.71616 8.61855 4.46823 3.20216 2.79294 2.31684 1.93773 1.32098 1.0981
threshold=1.0000000180025095e-35 2.5000000000000004 1.0000000180025095e-35 1.5000000000000002 1.0000000180025095e-35 1.0000000180025095e-35 1.0000000180025095e-35 1.0000000180025095e-35 1.0000000180025095e-35 1.0000000180025095e-35 1.0000000180025095e-35 2.5000000000000004 1.0000000180025095e-35 1.0000000180025095e-35 1.0000000180025095e-35
decision_type=2 2 2 2 2 2 2 2 2 2 2 2 2 2 2
left_child=1 2 4 -4 -1 8 9 -8 14 -3 13 -10 -12 -7 -2
right_child=5 6 3 -5 -6 10 7 -9 11 -11 12 -13 -14 -15 -16
leaf_value=-0.00098696240083250919 0.0029369422923539866 -0.0041199884689369247 0.0026425743270420345 -0.00011631315505075379 0.0020394340903184178 0.0047742447338223219 -0.0038709776022120687 0.0079633714157694227 0.0010070912737474476 -0.00097755768140559709 0.0018109302082419242 -0.0024035265862313573 0.0038305055557505776 0.0031716334031379064 0.0016873587251981775
leaf_weight=5711.8760926425457 148.44657664000988 441.95472905039787 1242.4485487341881 2840.7758567631245 514.47205589711666 70.526570372283459 15.029441639780998 10.42053297162056 1234.3329618573189 34.99501770734787 248.13505418598652 20.243953421711922 58.758925519883633 189.9750710055232 133.63215824961662
leaf_count=25006 703 2071 5334 12052 2205 510 63 43 5576 149 1707 83 436 1335 649
internal_value=0 -0.000320532 -0.000158623 0.000723165 -0.000736897 0.00164899 -0.00364302 0.000974616 0.00120775 -0.00388942 0.002844 0.000952057 0.0021976 0.00360551 0.00234496
internal_weight=0 10812 10309.6 4083.22 6226.35 2104.05 502.4 25.45 1536.66 476.95 567.396 1254.58 306.894 260.502 282.079
internal_count=57922 46923 44597 17386 27211 10999 2326 106 7011 2220 3988 5659 2143 1845 1352
is_linear=0
shrinkage=0.01


Tree=235
num_leaves=16
num_cat=0
split_feature=2 6 3 8 8 8 1 7 7 1 7 0 6 4 1
split_gain=67.642 52.4935 41.1594 39.4602 16.2119 15.3117 8.04051 7.4663 6.7293 6.44999 5.87616 4.30135 3.58997 1.70578 1.36166
threshold=1.0000000180025095e-35 1.0000000180025095e-35 1.0000000180025095e-35 1.0000000180025095e-35 1.0000000180025095e-35 1.0000000180025095e-35 2.5000000000000004 1.0000000180025095e-35 1.0000000180025095e-35 1.5000000000000002 1.0000000180025095e-35 1.0000000180025095e-35 1.0000000180025095e-35 1.0000000180025095e-35 1.5000000000000002
decision_type=2 2 2 2 2 2 2 2 2 2 2 2 2 2 2
left_child=1 2 3 -1 6 10 8 -4 -2 -7 -3 14 -8 -13 -6
right_child=4 5 7 -5 11 9 12 -9 -10 -11 -12 13 -14 -15 -16
leaf_value=-0.00069750934961933199 0.0014235344994383485 0.00068923012961326336 0.00059763879983348032 -0.0027509181613664629 -0.0031898444168331026 -0.0018032828618524213 -0.003923486781615913 0.0025325732215084463 0.0026103639484366249 0.00036030419171315743 0.0017167112575671617 0.00014017844264959826 0.0034326349451573204 0.0025900492405613157 -0.00095457221972261878
leaf_weight=5715.1692768335342 979.77119353413582 1114.3246004134417 592.169707223773 1119.1068100780249 47.053407609462738 259.96562787890434 33.134633660316467 300.68053410947323 932.37060163170099 293.17883397638798 1112.0899718850851 308.95079761743546 8.2951287031173688 31.300267651677132 64.761481091380119
leaf_count=24439 4820 4672 2454 5214 196 1138 144 1275 5577 1275 4928 1332 42 147 269
internal_value=0 -0.000346023 -0.000769957 -0.00103375 0.0015129 0.000832508 0.00190781 0.00124926 0.00200224 -0.000656534 0.00120246 -0.000193633 -0.00245063 0.000365546 -0.00189521
internal_weight=0 10506.7 7727.13 6834.28 2405.64 2779.56 1953.57 892.85 1912.14 553.144 2226.41 452.066 41.4298 340.251 111.815
internal_count=57922 45395 33382 29653 12527 12013 10583 3729 10397 2413 9600 1944 186 1479 465
is_linear=0
shrinkage=0.01


Tree=236
num_leaves=15
num_cat=0
split_feature=4 6 0 1 5 8 2 1 1 0 8 3 8 3
split_gain=67.1858 62.1488 58.8837 40.4307 27.2792 21.0803 9.56991 4.73322 4.55498 3.66637 5.79006 3.81357 1.43379 1.9908
threshold=1.0000000180025095e-35 1.0000000180025095e-35 1.0000000180025095e-35 2.5000000000000004 1.0000000180025095e-35 1.0000000180025095e-35 1.0000000180025095e-35 2.5000000000000004 2.5000000000000004 1.0000000180025095e-35 1.0000000180025095e-35 1.0000000180025095e-35 1.0000000180025095e-35 1.0000000180025095e-35
decision_type=2 2 2 2 2 2 2 2 2 2 2 2 2 2
left_child=1 2 4 -4 -1 6 -3 9 -7 10 -2 -11 13 -9
right_child=7 5 3 -5 -6 8 -8 12 -10 11 -12 -13 -14 -15
leaf_value=-0.0020455572477885578 0.0037281251313124098 0.0010609268777244643 7.786304212283511e-05 -0.0046258456223465987 0.0026649915060356346 -0.00052292978090589517 0.0025811153780897584 -0.0027238874824075088 -0.0067009699080580049 0.0015686671331473384 2.8662399355569082e-05 0.003125252341783756 0.0034024644218478427 0.0037895599106758959
leaf_weight=2759.4967423677444 313.14694763720036 2022.7492922991514 5450.0257766544819 189.07820294797421 128.6710579842329 644.75052423775196 520.70990695059299 31.132314577698708 12.159026816487311 555.74736820161343 48.914826169610023 219.58057203888893 6.3567098379135123 5.5253442600369445
leaf_count=12453 1569 8683 23697 844 679 2828 3100 134 55 2502 210 1116 27 25
internal_value=0 -0.000228582 -0.000674552 -7.98515e-05 -0.0018357 0.000959691 0.00137215 0.00227435 -0.000637282 0.00239749 0.00322832 0.00200951 -0.000981854 -0.00174213
internal_weight=0 11727.6 8527.27 5639.1 2888.17 3200.37 2543.46 1180.4 656.91 1137.39 362.062 775.328 43.0144 36.6577
internal_count=57922 52339 37673 24541 13132 14666 11783 5583 2883 5397 1779 3618 186 159
is_linear=0
shrinkage=0.01


Tree=237
num_leaves=15
num_cat=0
split_feature=4 6 0 1 5 8 2 1 1 0 8 3 8 3
split_gain=65.8874 60.9283 57.7564 39.6766 26.7533 20.6695 9.41022 4.64262 4.47493 3.60266 5.68638 3.74952 1.40538 1.95192
threshold=1.0000000180025095e-35 1.0000000180025095e-35 1.0000000180025095e-35 2.5000000000000004 1.0000000180025095e-35 1.0000000180025095e-35 1.0000000180025095e-35 2.5000000000000004 2.5000000000000004 1.0000000180025095e-35 1.0000000180025095e-35 1.0000000180025095e-35 1.0000000180025095e-35 1.0000000180025095e-35
decision_type=2 2 2 2 2 2 2 2 2 2 2 2 2 2
left_child=1 2 4 -4 -1 6 -3 9 -7 10 -2 -11 13 -9
right_child=7 5 3 -5 -6 8 -8 12 -10 11 -12 -13 -14 -15
leaf_value=-0.0020261621751943557 0.0036948385357170655 0.0010504519108436908 7.7083939128493349e-05 -0.0045853932988073253 0.0026413267422686132 -0.00051773861134297354 0.0025587203958618568 -0.0026974466788432035 -0.0066472308547736152 0.0015533434606820038 2.8375946799503336e-05 0.0030974700222273035 0.0033678000053891494 0.0037536944931132995
leaf_weight=2758.0598527044058 312.81009934097528 2022.4918118417263 5450.044859290123 188.83998985588551 128.52636197209358 644.7032674998045 520.01824697107077 31.1231519728899 12.134873002767561 555.61814095079899 48.914670959115028 219.33581472188234 6.3579108864068976 5.5223712548613539
leaf_count=12453 1569 8683 23697 844 679 2828 3100 134 55 2502 210 1116 27 25
internal_value=0 -0.000226352 -0.00066795 -7.90572e-05 -0.00181834 0.0009504 0.00135894 0.00225299 -0.000630979 0.00237501 0.00319904 0.00199038 -0.000972285 -0.00172528
internal_weight=0 11724.8 8525.47 5638.88 2886.59 3199.35 2542.51 1179.68 656.838 1136.68 361.725 774.954 43.0034 36.6455
internal_count=57922 52339 37673 24541 13132 14666 11783 5583 2883 5397 1779 3618 186 159
is_linear=0
shrinkage=0.01


Tree=238
num_leaves=16
num_cat=0
split_feature=2 8 1 6 7 3 4 0 4 3 1 4 1 4 6
split_gain=65.3949 50.1429 49.7765 33.1939 15.7377 15.5847 11.6242 8.21789 16.5662 8.05811 4.82441 4.47908 3.43186 1.98824 1.00635
threshold=1.0000000180025095e-35 1.0000000180025095e-35 2.5000000000000004 1.0000000180025095e-35 1.0000000180025095e-35 1.0000000180025095e-35 1.0000000180025095e-35 1.0000000180025095e-35 1.0000000180025095e-35 1.0000000180025095e-35 2.5000000000000004 1.0000000180025095e-35 2.5000000000000004 1.0000000180025095e-35 1.0000000180025095e-35
decision_type=2 2 2 2 2 2 2 2 2 2 2 2 2 2 2
left_child=1 2 3 -1 7 6 -3 8 -2 -4 -9 12 -6 -7 -13
right_child=4 5 9 -5 11 13 -8 10 -10 -11 -12 14 -14 -15 -16
leaf_value=-0.00023080327542474762 -0.0013477474496701245 -0.0025757288613970915 -0.0037751348392163838 0.0012082823936649875 0.0023273687742330264 -0.00035460591257094478 0.0011217377287382432 0.0013838404126240125 0.0039787497305237372 0.0017391276164146941 -0.0038801699035055305 0.0037165213475523692 -0.0021018485939530329 0.0024472760490190128 0.0057436245521630472
leaf_weight=6044.358519256115 325.70343078672886 1329.180173560977 386.88177937269211 2181.2353437542915 816.16845439374447 411.31970216333866 90.836984813213348 1036.5752589255571 71.144243836402893 28.449516594409943 17.707900956273079 81.554493144154549 17.876621082425117 26.987851232290268 35.001288622617722
leaf_count=25647 1413 6215 1806 9416 4770 1704 373 4957 409 119 76 537 81 115 284
internal_value=0 -0.000340223 -1.9739e-05 0.000150809 0.0014889 -0.00183042 -0.00233921 0.000833725 -0.000392848 -0.00339742 0.00129543 0.00248904 0.00223243 -0.000182086 0.00432525
internal_weight=0 10499.2 8640.93 8225.59 2401.73 1858.32 1420.02 1451.13 396.848 415.331 1054.28 950.601 834.045 438.308 116.556
internal_count=57922 45395 36988 35063 12527 8407 6588 6855 1822 1925 5033 5672 4851 1819 821
is_linear=0
shrinkage=0.01


Tree=239
num_leaves=16
num_cat=0
split_feature=2 1 7 1 3 8 5 1 3 7 0 3 3 7 1
split_gain=64.1378 49.207 53.4968 63.1578 35.568 15.4884 7.61895 8.14567 5.93936 4.1848 4.03979 2.39684 1.68835 1.55212 1.34493
threshold=1.0000000180025095e-35 2.5000000000000004 1.0000000180025095e-35 1.5000000000000002 1.0000000180025095e-35 1.0000000180025095e-35 1.0000000180025095e-35 2.5000000000000004 1.0000000180025095e-35 1.0000000180025095e-35 1.0000000180025095e-35 1.0000000180025095e-35 1.0000000180025095e-35 1.0000000180025095e-35 1.5000000000000002
decision_type=2 2 2 2 2 2 2 2 2 2 2 2 2 2 2
left_child=1 2 4 -4 -1 6 7 -2 13 -10 14 -8 -12 -3 -7
right_child=5 8 3 -5 -6 10 11 -9 9 -11 12 -13 -14 -15 -16
leaf_value=-0.0012782415234375202 0.0016078103636848037 -0.0031165164280200462 0.0023838164619965742 -0.00018654494114219732 0.00057578671912758691 -0.003128419299821778 0.0036286926731251535 -0.0032110740077691425 -0.0026310103268706894 0.0042947608568296939 -0.00020764864174976 0.0022629173540093519 0.0012406477966649622 -0.0042997501588198182 -0.00090685023026133502
leaf_weight=4278.1437123268843 1396.0893205702305 202.04253271222115 1412.2497578412294 2958.7452089935541 1364.8358014672995 47.053851902484894 242.18548942357302 35.981991961598396 19.304289862513542 15.918947339057921 209.29667592048645 273.71414855122566 130.78989586234093 245.65514600276947 64.75120136141777
leaf_count=19021 6689 972 6055 12372 5689 196 1764 149 81 67 863 1981 616 1138 269
internal_value=0 -0.000336898 -0.000186543 0.000643928 -0.000829818 0.00147517 0.0018621 0.00148673 -0.0034547 0.000499054 -0.000192789 0.00290407 0.000349335 -0.00376577 -0.00184181
internal_weight=0 10496.9 10014 4370.99 5642.98 2399.86 1947.97 1432.07 482.921 35.2232 451.892 515.9 340.087 447.698 111.805
internal_count=57922 45395 43137 18427 24710 12527 10583 6838 2258 148 1944 3745 1479 2110 465
is_linear=0
shrinkage=0.01


Tree=240
num_leaves=15
num_cat=0
split_feature=4 8 1 0 3 3 1 1 0 8 3 1 8 3
split_gain=63.9819 58.7577 53.6142 47.1412 21.2871 9.11235 7.11257 4.38832 3.51775 5.5582 3.62074 2.84837 1.36035 1.86177
threshold=1.0000000180025095e-35 1.0000000180025095e-35 2.5000000000000004 1.0000000180025095e-35 1.0000000180025095e-35 1.0000000180025095e-35 1.0000000180025095e-35 2.5000000000000004 1.0000000180025095e-35 1.0000000180025095e-35 1.0000000180025095e-35 2.5000000000000004 1.0000000180025095e-35 1.0000000180025095e-35
decision_type=2 2 2 2 2 2 2 2 2 2 2 2 2 2
left_child=1 2 3 -1 6 -4 -3 8 9 -2 -10 -6 13 -9
right_child=7 4 5 -5 11 -7 -8 12 10 -11 -12 -13 -14 -15
leaf_value=-0.00082857930598104158 0.003647091748182691 -0.0037885519117105497 -0.0037705426715880144 0.00074052613232540869 6.677046559269672e-05 0.0022494634313932793 -0.0020015366088032933 -0.002607970796975998 0.0015310060164227992 2.1162522974354545e-05 0.0030497807204526058 -0.0064694604265302024 0.0033536474148901474 0.0036948028112570247
leaf_weight=2728.2884408086538 312.06593441963196 267.41025540232658 392.32410258054733 6420.5210216492414 539.58995175361633 26.8659827709198 1332.8696382641792 31.075525373220444 555.12562146037817 48.900871962308884 218.84983522444963 6.7505871951580039 6.3587103933095923 5.5190084576606742
leaf_count=12294 1569 1225 1834 28436 2302 118 6101 134 2502 210 1116 29 27 25
internal_value=0 -0.00022309 0.000112366 0.000272599 -0.0017183 -0.00338472 -0.00230015 0.00222192 0.00234066 0.00315588 0.00196046 -1.39912e-05 -0.00091559 -0.00165742
internal_weight=0 11714.6 9568 9148.81 2146.62 419.19 1600.28 1177.9 1134.94 360.967 773.975 546.341 42.9532 36.5945
internal_count=57922 52339 42682 40730 9657 1952 7326 5583 5397 1779 3618 2331 186 159
is_linear=0
shrinkage=0.01


Tree=241
num_leaves=15
num_cat=0
split_feature=4 6 0 1 5 8 2 1 1 0 8 3 8 3
split_gain=62.7446 58.2 55.2019 37.3139 25.9522 19.3077 9.01847 4.32992 4.30429 3.4565 5.45851 3.55974 1.33339 1.82541
threshold=1.0000000180025095e-35 1.0000000180025095e-35 1.0000000180025095e-35 2.5000000000000004 1.0000000180025095e-35 1.0000000180025095e-35 1.0000000180025095e-35 2.5000000000000004 2.5000000000000004 1.0000000180025095e-35 1.0000000180025095e-35 1.0000000180025095e-35 1.0000000180025095e-35 1.0000000180025095e-35
decision_type=2 2 2 2 2 2 2 2 2 2 2 2 2 2
left_child=1 2 4 -4 -1 6 -3 -7 9 10 -2 -11 13 -10
right_child=8 5 3 -5 -6 7 -8 -9 12 11 -12 -13 -14 -15
leaf_value=-0.0019832887374563548 0.0036144793612975967 0.0010232775228040329 7.4257887670829004e-05 -0.0044566364102718928 0.0026174291985846948 -0.0004880629915788636 0.0025020331898338295 -0.0065304723525171698 -0.0025826572442900326 0.0015160447326466051 2.0951077023884663e-05 0.0030226138575963168 0.0033195121752749874 0.0036598387691162389
leaf_weight=2753.6245351731777 311.73443776369095 2021.3915577828884 5446.8199722021818 188.03670458495617 128.32305113971233 644.04358045756817 518.13427673280239 12.081791117787359 31.066351816058159 554.998624548316 48.900756999850273 218.60987304896116 6.3598512560129157 5.5160315781831732
leaf_count=12453 1569 8683 23697 844 679 2828 3100 55 134 2502 210 1116 27 25
internal_value=0 -0.000220901 -0.000652698 -7.69393e-05 -0.00177843 0.000929889 0.00132499 -0.000599327 0.00220103 0.00231869 0.00312721 0.00194178 -0.000906668 -0.00164139
internal_weight=0 11712.5 8516.8 5634.86 2881.95 3195.65 2539.53 656.125 1177.19 1134.24 360.635 773.608 42.9422 36.5824
internal_count=57922 52339 37673 24541 13132 14666 11783 2883 5583 5397 1779 3618 186 159
is_linear=0
shrinkage=0.01


Tree=242
num_leaves=16
num_cat=0
split_feature=2 8 1 6 7 3 4 0 4 3 1 4 1 4 6
split_gain=62.2814 47.6046 46.3204 31.5798 15.236 14.7074 11.1105 7.85656 15.7754 7.54504 4.57245 4.28954 3.29732 1.87709 0.995606
threshold=1.0000000180025095e-35 1.0000000180025095e-35 2.5000000000000004 1.0000000180025095e-35 1.0000000180025095e-35 1.0000000180025095e-35 1.0000000180025095e-35 1.0000000180025095e-35 1.0000000180025095e-35 1.0000000180025095e-35 2.5000000000000004 1.0000000180025095e-35 1.5000000000000002 1.0000000180025095e-35 1.0000000180025095e-35
decision_type=2 2 2 2 2 2 2 2 2 2 2 2 2 2 2
left_child=1 2 3 -1 7 6 -3 8 -2 -4 -9 12 -6 -7 -13
right_child=4 5 9 -5 11 13 -8 10 -10 -11 -12 14 -14 -15 -16
leaf_value=-0.00022780222054007913 -0.0013194172492628892 -0.0025126820745101199 -0.0036531434254884589 0.0011762829012612996 0.0029536982884294911 -0.00035215464223110177 0.0011020776115686407 0.0013482072509866736 0.003891639436709728 0.0016848670770309982 -0.0037741902301902399 0.0036383452308573496 0.0016708479842815532 0.0023716516125017297 0.0056634002114785602
leaf_weight=6041.8904736936092 325.6714996099472 1325.6796333193779 384.97332619130611 2179.7551254183054 336.55450804531574 411.29247295856476 90.857975348830223 1034.8737628310919 70.706545785069466 28.434859961271286 17.724663242697716 81.032364569604397 495.11163367331028 26.959177330136299 34.66360779851675
leaf_count=25647 1413 6215 1806 9416 2044 1704 373 4957 409 119 76 537 2807 115 284
internal_value=0 -0.000331996 -1.978e-05 0.000144454 0.00145483 -0.00178553 -0.00228083 0.000810086 -0.000389861 -0.00328599 0.00126195 0.00244096 0.00218999 -0.000184599 0.00424507
internal_weight=0 10489.8 8635.05 8221.65 2396.34 1854.79 1416.54 1448.98 396.378 413.408 1052.6 947.362 831.666 438.252 115.696
internal_count=57922 45395 36988 35063 12527 8407 6588 6855 1822 1925 5033 5672 4851 1819 821
is_linear=0
shrinkage=0.01


Tree=243
num_leaves=16
num_cat=0
split_feature=2 8 1 6 7 3 4 0 4 3 1 4 1 4 6
split_gain=61.0832 46.6948 45.4522 30.9562 14.9738 14.4382 10.9033 7.70404 15.4818 7.40724 4.48122 4.23141 3.24472 1.84033 0.98655
threshold=1.0000000180025095e-35 1.0000000180025095e-35 2.5000000000000004 1.0000000180025095e-35 1.0000000180025095e-35 1.0000000180025095e-35 1.0000000180025095e-35 1.0000000180025095e-35 1.0000000180025095e-35 1.0000000180025095e-35 2.5000000000000004 1.0000000180025095e-35 1.5000000000000002 1.0000000180025095e-35 1.0000000180025095e-35
decision_type=2 2 2 2 2 2 2 2 2 2 2 2 2 2 2
left_child=1 2 3 -1 7 6 -3 8 -2 -4 -9 12 -6 -7 -13
right_child=4 5 9 -5 11 13 -8 10 -10 -11 -12 14 -14 -15 -16
leaf_value=-0.00022553139994689467 -0.0013059513656539254 -0.0024899026352614355 -0.0036213097581112002 0.0011647104515433841 0.0029289462646082381 -0.00034865262508482832 0.0010909577036811594 0.0013353383777168373 0.0038606011195592167 0.0016681299786377229 -0.0037342794888914135 0.0036100918141682109 0.0016555364351286137 0.0023488376634862736 0.0056294297272639938
leaf_weight=6041.7016750574112 325.73895806074142 1324.436095431447 384.47641780972481 2179.400883808732 336.00743629038334 411.26953449845314 90.866179555654526 1034.4010463356972 70.562986463308334 28.432967737317085 17.734907239675522 80.850791998207569 494.69592760503292 26.948870718479156 34.524753384292126
leaf_count=25647 1413 6215 1806 9416 2044 1704 373 4957 409 119 76 537 2807 115 284
internal_value=0 -0.00032875 -1.95854e-05 0.000143019 0.00144139 -0.00176889 -0.00226 0.000802288 -0.000386028 -0.00325708 0.00124988 0.00241985 0.00217061 -0.000182767 0.00421435
internal_weight=0 10487.5 8634.01 8221.1 2394.52 1853.52 1415.3 1448.44 396.302 412.909 1052.14 946.079 830.703 438.218 115.376
internal_count=57922 45395 36988 35063 12527 8407 6588 6855 1822 1925 5033 5672 4851 1819 821
is_linear=0
shrinkage=0.01


Tree=244
num_leaves=15
num_cat=0
split_feature=4 3 7 1 0 8 2 1 0 8 3 1 8 3
split_gain=60.5314 56.1231 58.612 82.0581 27.5152 8.57939 5.40919 4.07227 3.34568 5.40837 3.45303 2.74742 1.27982 1.74183
threshold=1.0000000180025095e-35 1.0000000180025095e-35 1.0000000180025095e-35 1.5000000000000002 1.0000000180025095e-35 1.0000000180025095e-35 1.0000000180025095e-35 2.5000000000000004 1.0000000180025095e-35 1.0000000180025095e-35 1.0000000180025095e-35 2.5000000000000004 1.0000000180025095e-35 1.0000000180025095e-35
decision_type=2 2 2 2 2 2 2 2 2 2 2 2 2 2
left_child=1 2 4 -4 -1 6 -3 8 9 -2 -10 -7 13 -9
right_child=7 5 3 -5 -6 11 -8 12 10 -11 -12 -13 -14 -15
leaf_value=-0.0023261079419855026 0.0035609280752960147 0.0011174626078885831 0.0024503189056343504 -0.00061254180641105575 -0.00076683119595510093 6.9295940841209607e-05 0.0023509419102443765 -0.0025025489240709207 0.0014880905903429523 -1.8019076954423104e-05 0.0029733320328465909 -0.0063577882450416203 0.0032771296746265054 0.0035982163849781622
leaf_weight=1754.7652220129967 310.89658865332603 1524.6279233396053 1236.4415073096752 2989.9341432005167 3187.1359315514565 539.42835332453251 463.63813635706902 31.013753652572632 554.49241963028908 48.859383180737495 218.10366214066744 6.7341908365488043 6.3651080280542365 5.5115920081734648
leaf_count=8129 1569 6514 5577 13037 13964 2302 2787 134 2502 210 1116 29 27 25
internal_value=0 -0.000216983 -0.000581085 0.000283509 -0.0013205 0.00110016 0.00140509 0.00216373 0.00227829 0.00307486 0.00190737 -9.95009e-06 -0.00086085 -0.00158196
internal_weight=0 11702.7 9168.28 4226.38 4941.9 2534.43 1988.27 1175.24 1132.35 359.756 772.596 546.163 42.8905 36.5253
internal_count=57922 52339 40707 18614 22093 11632 9301 5583 5397 1779 3618 2331 186 159
is_linear=0
shrinkage=0.01


Tree=245
num_leaves=16
num_cat=0
split_feature=2 6 3 8 7 7 1 0 4 7 1 1 4 6 6
split_gain=59.545 45.5512 37.6848 35.4255 14.5319 12.9561 10.8331 7.44423 14.9413 7.21461 4.88879 4.37541 4.13234 3.20581 0.977397
threshold=1.0000000180025095e-35 1.0000000180025095e-35 1.0000000180025095e-35 1.0000000180025095e-35 1.0000000180025095e-35 1.0000000180025095e-35 1.0000000180025095e-35 1.0000000180025095e-35 1.0000000180025095e-35 1.0000000180025095e-35 2.5000000000000004 2.5000000000000004 1.0000000180025095e-35 1.0000000180025095e-35 1.0000000180025095e-35
decision_type=2 2 2 2 2 2 2 2 2 2 2 2 2 2 2
left_child=1 2 3 -1 7 6 -3 8 -2 -4 -7 -9 13 -6 -14
right_child=4 5 9 -5 12 10 -8 11 -10 -11 -12 -13 14 -15 -16
leaf_value=-0.00065466609187475946 -0.0012759055523649772 -0.0015318098286703921 0.00057213355416595505 -0.002605802029777512 0.0017345841956923869 0.0017087853043930197 0.00058877273857590843 0.0013192498332829537 0.0038071237874895574 0.0024751332999109 -0.0029398167902184454 -0.0036888543486082053 0.0035646641381389265 0.0030895270984710736 0.0055798866430080861
leaf_weight=5704.7474059462547 325.83075974881649 292.16856667399406 591.96800585091114 1111.9299918264151 579.3041278719902 1085.6088693290949 1372.95228330791 1033.633555367589 70.306640058755875 300.27639520168304 23.104827389121056 17.744537815451622 80.554479353129864 249.96960735321045 34.321304373443127
leaf_count=24439 1413 1247 2454 5214 3145 4831 5838 4957 409 1275 97 76 537 1706 284
internal_value=0 -0.000324562 -0.000719979 -0.000972934 0.00142407 0.000774364 0.000216687 0.000794534 -0.000373767 0.00121257 0.00161191 0.00123473 0.00238924 0.00214301 0.00416675
internal_weight=0 10482.8 7708.92 6816.68 2391.67 2773.83 1665.12 1447.52 396.137 892.244 1108.71 1051.38 944.15 829.274 114.876
internal_count=57922 45395 33382 29653 12527 12013 7085 6855 1822 3729 4928 5033 5672 4851 821
is_linear=0
shrinkage=0.01


Tree=246
num_leaves=15
num_cat=0
split_feature=4 3 7 1 0 8 2 1 0 8 3 1 8 3
split_gain=59.0586 54.1083 56.8981 80.2756 26.85 8.33733 5.28879 3.96599 3.26822 5.27417 3.34099 2.69342 1.26337 1.69864
threshold=1.0000000180025095e-35 1.0000000180025095e-35 1.0000000180025095e-35 1.5000000000000002 1.0000000180025095e-35 1.0000000180025095e-35 1.0000000180025095e-35 2.5000000000000004 1.0000000180025095e-35 1.0000000180025095e-35 1.0000000180025095e-35 2.5000000000000004 1.0000000180025095e-35 1.0000000180025095e-35
decision_type=2 2 2 2 2 2 2 2 2 2 2 2 2 2
left_child=1 2 4 -4 -1 6 -3 8 9 -2 -10 -7 13 -9
right_child=7 5 3 -5 -6 11 -8 12 10 -11 -12 -13 -14 -15
leaf_value=-0.0022947169386446343 0.0035204514795461263 0.0010959186985648017 0.0024239643801350942 -0.00060621397039017249 -0.00075377361656762119 6.3500054884291785e-05 0.0023166739534202598 -0.0024729892106993396 0.0014726190300067554 -1.4915087986007329e-05 0.0029346097758378093 -0.006303894888674986 0.0032641166466308188 0.0035534216247973204
leaf_weight=1752.9723562002182 310.32095840573311 1524.1169455498457 1235.6789855659008 2989.2128046303988 3185.7204698622227 539.39560109376907 462.61575439572334 30.999055281281471 554.16213120520115 48.838395088911057 217.72138959169388 6.7260955125093451 6.3654182851314536 5.5082789883017531
leaf_count=8129 1569 6514 5577 13037 13964 2302 2787 134 2502 210 1116 29 27 25
internal_value=0 -0.000214327 -0.00057191 0.00028004 -0.00130073 0.00107937 0.00138017 0.00213851 0.00225167 0.00303971 0.001885 -1.49215e-05 -0.000846916 -0.00156372
internal_weight=0 11696.4 9163.58 4224.89 4938.69 2532.85 1986.73 1173.92 1131.04 359.159 771.884 546.122 42.8728 36.5073
internal_count=57922 52339 40707 18614 22093 11632 9301 5583 5397 1779 3618 2331 186 159
is_linear=0
shrinkage=0.01


Tree=247
num_leaves=16
num_cat=0
split_feature=2 1 7 1 4 8 5 1 3 7 0 3 3 7 1
split_gain=58.0468 44.5036 49.0923 59.1844 32.4143 14.1268 7.00998 7.50998 5.34758 3.99521 3.57233 2.51164 1.56609 1.53451 1.334
threshold=1.0000000180025095e-35 2.5000000000000004 1.0000000180025095e-35 1.5000000000000002 1.0000000180025095e-35 1.0000000180025095e-35 1.0000000180025095e-35 2.5000000000000004 1.0000000180025095e-35 1.0000000180025095e-35 1.0000000180025095e-35 1.0000000180025095e-35 1.0000000180025095e-35 1.0000000180025095e-35 1.5000000000000002
decision_type=2 2 2 2 2 2 2 2 2 2 2 2 2 2 2
left_child=1 2 4 -4 -1 6 7 -2 13 -10 14 -8 -12 -3 -7
right_child=5 8 3 -5 -6 10 11 -9 9 -11 12 -13 -14 -15 -16
leaf_value=-0.001024673525244167 0.0015350829150026502 -0.0029448626297564075 0.0023036506641555526 -0.00018601430865994141 0.0017082063829659522 -0.0030185956656135654 0.0035284583221858201 -0.0030898370702409422 -0.0026063020655042869 0.0041656264006865772 -0.00021201924801726697 0.0021233006348304411 0.0011839465348723987 -0.0041257353450659283 -0.00080556470021013937
leaf_weight=5157.8158290237188 1390.664579436183 200.45689231157303 1410.3127372562885 2956.4306454956532 473.87993013858795 47.033667847514153 239.97711006551981 36.019337102770805 19.253978028893471 15.911493152379988 209.23936302959919 270.69370576739311 130.47940988838673 243.97807976603508 64.718121454119682
leaf_count=22731 6689 972 6055 12372 1979 196 1764 149 81 67 863 1981 616 1138 269
internal_value=0 -0.000320429 -0.000177694 0.000618065 -0.000794715 0.00140697 0.0017782 0.00141832 -0.00329609 0.000457826 -0.000186042 0.00278362 0.000324144 -0.00359312 -0.00173698
internal_weight=0 10478 9998.44 4366.74 5631.7 2388.83 1937.35 1426.68 479.6 35.1655 451.471 510.671 339.719 444.435 111.752
internal_count=57922 45395 43137 18427 24710 12527 10583 6838 2258 148 1944 3745 1479 2110 465
is_linear=0
shrinkage=0.01


Tree=248
num_leaves=15
num_cat=0
split_feature=4 6 0 1 5 8 2 1 1 0 8 3 8 3
split_gain=57.2788 53.3649 51.9196 34.9406 24.7805 17.2825 8.33217 4.25376 3.78887 3.21041 5.16323 3.28104 1.23579 1.64205
threshold=1.0000000180025095e-35 1.0000000180025095e-35 1.0000000180025095e-35 2.5000000000000004 1.0000000180025095e-35 1.0000000180025095e-35 1.0000000180025095e-35 1.5000000000000002 2.5000000000000004 1.0000000180025095e-35 1.0000000180025095e-35 1.0000000180025095e-35 1.0000000180025095e-35 1.0000000180025095e-35
decision_type=2 2 2 2 2 2 2 2 2 2 2 2 2 2
left_child=1 2 4 -4 -1 6 -3 -7 9 10 -2 -11 13 -10
right_child=8 5 3 -5 -6 7 -8 -9 12 11 -12 -13 -14 -15
leaf_value=-0.0019187891556570627 0.0034757793675762954 0.00097690702380642141 7.9778998479840876e-05 -0.0043153412013854763 0.0025826401939808142 -0.0014187778935193425 0.0024022816257908033 0.00019670045757459899 -0.0024158081849053529 0.0014456834466444401 -2.2353120307302414e-05 0.0028954403689926485 0.0032542188445375693 0.0035109834075727074
leaf_weight=2746.2784031480551 309.83183477818966 2019.0871711820364 5439.9920044541359 187.10031192004681 127.99505111575127 305.11977478861809 514.64170759916306 349.9189627468586 30.973145365715027 553.9072774797678 48.84578749537468 217.36666913330555 6.3641437739133826 5.5055678486824027
leaf_count=12453 1569 8683 23697 844 679 1345 3100 1538 134 2502 210 1116 27 25
internal_value=0 -0.000211089 -0.000624884 -6.63584e-05 -0.00171833 0.000892102 0.00126642 -0.000555796 0.00210708 0.00221776 0.00299939 0.00185427 -0.000811918 -0.0015213
internal_weight=0 11690.1 8501.37 5627.09 2874.27 3188.77 2533.73 655.039 1172.79 1129.95 358.678 771.274 42.8429 36.4787
internal_count=57922 52339 37673 24541 13132 14666 11783 2883 5583 5397 1779 3618 186 159
is_linear=0
shrinkage=0.01


Tree=249
num_leaves=16
num_cat=0
split_feature=2 8 1 6 7 3 4 0 4 3 1 4 1 4 6
split_gain=56.5239 43.5861 42.5258 28.5488 13.962 13.5101 10.1953 7.07131 14.1994 6.9259 4.17409 3.98124 3.06975 1.67107 0.966548
threshold=1.0000000180025095e-35 1.0000000180025095e-35 2.5000000000000004 1.0000000180025095e-35 1.0000000180025095e-35 1.0000000180025095e-35 1.0000000180025095e-35 1.0000000180025095e-35 1.0000000180025095e-35 1.0000000180025095e-35 2.5000000000000004 1.0000000180025095e-35 2.5000000000000004 1.0000000180025095e-35 1.0000000180025095e-35
decision_type=2 2 2 2 2 2 2 2 2 2 2 2 2 2 2
left_child=1 2 3 -1 7 6 -3 8 -2 -4 -9 12 -6 -7 -13
right_child=4 5 9 -5 11 13 -8 10 -10 -11 -12 14 -14 -15 -16
leaf_value=-0.00021441905216276362 -0.0012445007573979611 -0.0024089655531423755 -0.0035097187941887102 0.0011214075090347493 0.0021864771220714368 -0.00033345392409092471 0.0010535041881779281 0.0012843173454954852 0.0037230261698725504 0.0016066062058375298 -0.0036056004578820583 0.0034889632730496999 -0.002000744433607093 0.0022389578884779598 0.0055014802985360236
leaf_weight=6036.8010533303022 325.78481267392635 1319.8321243822575 382.71830789744854 2176.7705841809511 808.7503142952919 411.15314650535583 90.89763168990612 1031.9493057578802 69.886408269405365 28.423125803470612 17.756944164633751 80.055054269731045 17.895999103784561 26.905521720647812 33.999013938009739
leaf_count=25647 1413 6215 1806 9416 4770 1704 373 4957 409 119 76 537 81 115 284
internal_value=0 -0.000316175 -1.74994e-05 0.000139603 0.00138928 -0.00170951 -0.00218587 0.000772169 -0.000367099 -0.00315602 0.0012016 0.00233747 0.00209583 -0.000175457 0.00408889
internal_weight=0 10473.5 8624.71 8213.57 2386.08 1848.79 1410.73 1445.38 395.671 411.141 1049.71 940.7 826.646 438.059 114.054
internal_count=57922 45395 36988 35063 12527 8407 6588 6855 1822 1925 5033 5672 4851 1819 821
is_linear=0
shrinkage=0.01


Tree=250
num_leaves=15
num_cat=0
split_feature=4 0 5 8 1 3 3 1 0 8 3 2 8 3
split_gain=55.7122 51.7359 45.3324 40.3963 36.8756 19.9123 10.7348 3.64841 3.13081 5.09239 3.20387 1.44413 1.19867 1.58806
threshold=1.0000000180025095e-35 1.0000000180025095e-35 1.0000000180025095e-35 1.0000000180025095e-35 2.5000000000000004 1.0000000180025095e-35 1.0000000180025095e-35 2.5000000000000004 1.0000000180025095e-35 1.0000000180025095e-35 1.0000000180025095e-35 1.0000000180025095e-35 1.0000000180025095e-35 1.0000000180025095e-35
decision_type=2 2 2 2 2 2 2 2 2 2 2 2 2 2
left_child=1 2 5 4 -3 -1 -5 8 9 -2 -10 -4 13 -9
right_child=7 3 11 6 -6 -7 -8 12 10 -11 -12 -13 -14 -15
leaf_value=-0.0017680601296269579 0.0034343768551473269 0.00069949426649956194 0.0019611811801731409 -0.0018182096915229809 -0.003801423359739839 0.0014029711401311814 -1.2313574025746912e-05 -0.0023657949246914038 0.0014252229910036859 -4.0714765966913293e-05 0.0028587909287958835 0.0034416591417474837 0.0032170823049063918 0.0034648489270649747
leaf_weight=3045.8736781775951 309.26770212501287 6408.8685415834188 224.29385212063789 1028.5210072398186 187.34853494167328 211.79495812952518 484.08171732723713 30.942360162734985 553.60227774083614 48.826007708907127 217.00755778700113 93.29291470348835 6.3671369999647132 5.5018366649746886
leaf_count=13761 1569 28436 1055 4634 830 895 2068 134 2502 210 1116 660 27 25
internal_value=0 -0.000208184 -0.00121031 0.000233665 0.000571657 -0.0015619 -0.00124026 0.00207926 0.00218794 0.00296055 0.00182892 0.00239608 -0.000786162 -0.00148557
internal_weight=0 11684.1 3575.26 8108.82 6596.22 3257.67 1512.6 1171.51 1128.7 358.094 770.61 317.587 42.8113 36.4442
internal_count=57922 52339 16371 35968 29266 14656 6702 5583 5397 1779 3618 1715 186 159
is_linear=0
shrinkage=0.01


Tree=251
num_leaves=16
num_cat=0
split_feature=2 6 3 8 7 7 1 0 4 7 1 1 4 6 6
split_gain=55.1941 42.3777 35.5798 33.1842 13.6558 11.9294 10.5723 6.89752 13.7506 6.88811 4.59053 4.04857 3.86694 2.98444 0.957273
threshold=1.0000000180025095e-35 1.0000000180025095e-35 1.0000000180025095e-35 1.0000000180025095e-35 1.0000000180025095e-35 1.0000000180025095e-35 1.0000000180025095e-35 1.0000000180025095e-35 1.0000000180025095e-35 1.0000000180025095e-35 2.5000000000000004 2.5000000000000004 1.0000000180025095e-35 1.0000000180025095e-35 1.0000000180025095e-35
decision_type=2 2 2 2 2 2 2 2 2 2 2 2 2 2 2
left_child=1 2 3 -1 7 6 -3 8 -2 -4 -7 -9 13 -6 -14
right_child=4 5 9 -5 12 10 -8 11 -10 -11 -12 -13 14 -15 -16
leaf_value=-0.00063232459330847448 -0.0012243607185872482 -0.0015152440920136749 0.00055838098399160123 -0.0025238008734759609 0.0016803176632336411 0.0016467847996013024 0.00058066010044467568 0.0012691659697732403 0.0036711863455641796 0.0024185415092027088 -0.0028587737236206497 -0.0035450230217086562 0.0034448243180092682 0.0029918161293315611 0.0054528014696884307
leaf_weight=5698.6075641810894 325.77900572121143 291.87475608289242 591.83994901180267 1107.8543067723513 577.4380324780941 1083.5435121357441 1371.9594937860966 1031.2568752318621 69.639136090874672 299.95918263494968 23.095388472080231 17.769506841897964 79.770035833120346 248.04487098753452 33.802852191030979
leaf_count=24439 1413 1247 2454 5214 3145 4831 5838 4957 409 1275 97 76 537 1706 284
internal_value=0 -0.000312427 -0.00069411 -0.000940191 0.00137366 0.000748146 0.00021299 0.000763359 -0.000362181 0.00118405 0.00155275 0.00118762 0.00231243 0.0020744 0.00404246
internal_weight=0 10468.7 7698.26 6806.46 2383.5 2770.47 1663.83 1444.44 395.418 891.799 1106.64 1049.03 939.056 825.483 113.573
internal_count=57922 45395 33382 29653 12527 12013 7085 6855 1822 3729 4928 5033 5672 4851 821
is_linear=0
shrinkage=0.01


Tree=252
num_leaves=15
num_cat=0
split_feature=4 0 5 8 1 3 3 1 0 8 3 2 8 3
split_gain=54.3558 50.3494 44.193 39.1471 36.0046 19.3718 10.3135 3.55272 3.05831 4.96582 3.09917 1.42577 1.18326 1.54852
threshold=1.0000000180025095e-35 1.0000000180025095e-35 1.0000000180025095e-35 1.0000000180025095e-35 2.5000000000000004 1.0000000180025095e-35 1.0000000180025095e-35 2.5000000000000004 1.0000000180025095e-35 1.0000000180025095e-35 1.0000000180025095e-35 1.0000000180025095e-35 1.0000000180025095e-35 1.0000000180025095e-35
decision_type=2 2 2 2 2 2 2 2 2 2 2 2 2 2
left_child=1 2 5 4 -3 -1 -5 8 9 -2 -10 -4 13 -9
right_child=7 3 11 6 -6 -7 -8 12 10 -11 -12 -13 -14 -15
leaf_value=-0.0017452951814369839 0.0033952381039687226 0.00068930293139701218 0.0019369349922525154 -0.001788281828983343 -0.0037603347983507689 0.0013823068311583241 -1.7819273558438519e-05 -0.0023377530869736875 0.0014104061088907071 -3.743366500428303e-05 0.002821336667439573 0.0034096481491691449 0.0032040113859024806 0.0034215573451297954
leaf_weight=3043.6183301210403 308.70974913984537 6406.9200430512428 224.06072691082954 1027.4017087370157 187.1604358702898 211.81957037746906 484.04296290874481 30.927711769938469 553.28311063349247 48.805795952677727 216.63707769662142 93.032302908599377 6.3674073517322531 5.4984830990433684
leaf_count=13761 1569 28436 1055 4634 830 895 2068 134 2502 210 1116 660 27 25
internal_value=0 -0.000205634 -0.00119468 0.000230289 0.000563008 -0.00154179 -0.00122129 0.00205497 0.00216232 0.00292663 0.00180741 0.00236902 -0.00077317 -0.00146839
internal_weight=0 11678.1 3572.53 8105.53 6594.08 3255.44 1511.44 1170.23 1127.44 357.516 769.92 317.093 42.7936 36.4262
internal_count=57922 52339 16371 35968 29266 14656 6702 5583 5397 1779 3618 1715 186 159
is_linear=0
shrinkage=0.01


Tree=253
num_leaves=16
num_cat=0
split_feature=2 6 3 8 7 7 1 7 0 4 1 1 4 1 6
split_gain=53.8966 41.2153 34.4879 32.1055 13.3567 11.6181 10.3614 6.73722 6.72796 13.3153 4.43908 3.92677 3.75539 2.9399 0.947989
threshold=1.0000000180025095e-35 1.0000000180025095e-35 1.0000000180025095e-35 1.0000000180025095e-35 1.0000000180025095e-35 1.0000000180025095e-35 1.0000000180025095e-35 1.0000000180025095e-35 1.0000000180025095e-35 1.0000000180025095e-35 2.5000000000000004 2.5000000000000004 1.0000000180025095e-35 2.5000000000000004 1.0000000180025095e-35
decision_type=2 2 2 2 2 2 2 2 2 2 2 2 2 2 2
left_child=1 2 3 -1 8 6 -3 -4 9 -2 -7 -10 13 -6 -14
right_child=4 5 7 -5 12 10 -8 -9 11 -11 -12 -13 14 -15 -16
leaf_value=-0.00062490430482229752 -0.001204531886771081 -0.0015019208017121484 0.00054534238712700405 -0.0024866598550375039 0.0021422199000509113 0.0016243351321600325 0.00057329014516459633 0.0023853369236699648 0.0012541921714207143 0.00361988994594899 -0.0028059320044162921 -0.0034854685967024941 0.0034011056780461259 -0.0019540091231382978 0.0054044092004998266
leaf_weight=5696.8901452571154 325.77170537412167 291.7769583761692 591.85889863967896 1106.1069255322218 806.41100043803453 1082.7675979286432 1371.7268009185791 299.79648412764072 1030.5723353177309 69.394951999187469 23.099427282810211 17.781579181551933 79.488773554563522 17.910368904471397 33.609245218336582
leaf_count=24439 1413 1247 2454 5214 4770 4831 5838 1275 4957 409 97 76 537 81 284
internal_value=0 -0.000308725 -0.000685235 -0.000927609 0.00135823 0.0007374 0.0002093 0.00116399 0.000754654 -0.000357318 0.0015318 0.0011738 0.00228766 0.00205322 0.00399643
internal_weight=0 10464 7694.65 6803 2380.94 2769.37 1663.5 891.655 1443.52 395.167 1105.87 1048.35 937.419 824.321 113.098
internal_count=57922 45395 33382 29653 12527 12013 7085 3729 6855 1822 4928 5033 5672 4851 821
is_linear=0
shrinkage=0.01


Tree=254
num_leaves=15
num_cat=0
split_feature=4 6 0 1 5 8 2 1 1 0 8 3 8 3
split_gain=53.0334 49.0582 48.2031 32.5607 23.189 15.8278 7.98304 4.13723 3.45957 2.98755 4.84242 2.9977 1.16797 1.50999
threshold=1.0000000180025095e-35 1.0000000180025095e-35 1.0000000180025095e-35 2.5000000000000004 1.0000000180025095e-35 1.0000000180025095e-35 1.0000000180025095e-35 2.5000000000000004 2.5000000000000004 1.0000000180025095e-35 1.0000000180025095e-35 1.0000000180025095e-35 1.0000000180025095e-35 1.0000000180025095e-35
decision_type=2 2 2 2 2 2 2 2 2 2 2 2 2 2
left_child=1 2 4 -4 -1 6 -3 -7 9 10 -2 -11 13 -10
right_child=8 5 3 -5 -6 7 -8 -9 12 11 -12 -13 -14 -15
leaf_value=-0.0018492702553364619 0.0033565469619649814 0.00093107915228915808 7.8925814922389627e-05 -0.004173560380792341 0.0025135163833445201 -0.00042205480531697044 0.0023291633446769263 -0.0063475681090147699 -0.0023100600445437719 0.0013957478841177889 -3.4219711600689261e-05 0.0027843427192935995 0.0031907865967890324 0.0033788272157027179
leaf_weight=2739.765029758215 308.15804722160101 2017.0824906826019 5435.0986585915089 186.22553864121437 127.49964800477028 642.32807719707489 512.10516699403524 12.003241106867788 30.913082778453827 552.96735204011202 48.785732984542847 216.27077575773001 6.3676685839891425 5.4951179176568976
leaf_count=12453 1569 8683 23697 844 679 2828 3100 55 134 2502 210 1116 27 25
internal_value=0 -0.000203116 -0.000600141 -6.19523e-05 -0.00165527 0.000855516 0.00121416 -0.000530754 0.00203098 0.002137 0.00289311 0.00178615 -0.000760386 -0.00145143
internal_weight=0 11672.1 8488.59 5621.32 2867.26 3183.52 2529.19 654.331 1168.96 1126.18 356.944 769.238 42.7759 36.4082
internal_count=57922 52339 37673 24541 13132 14666 11783 2883 5583 5397 1779 3618 186 159
is_linear=0
shrinkage=0.01


Tree=255
num_leaves=16
num_cat=0
split_feature=2 1 7 1 4 7 0 4 3 7 1 4 1 7 6
split_gain=52.4807 40.2599 46.1211 57.1724 29.3633 13.0947 6.52791 12.8903 4.92001 3.90365 3.79643 3.64991 2.91139 1.48339 0.938696
threshold=1.0000000180025095e-35 2.5000000000000004 1.0000000180025095e-35 1.5000000000000002 1.0000000180025095e-35 1.0000000180025095e-35 1.0000000180025095e-35 1.0000000180025095e-35 1.0000000180025095e-35 1.0000000180025095e-35 2.5000000000000004 1.0000000180025095e-35 1.5000000000000002 1.0000000180025095e-35 1.0000000180025095e-35
decision_type=2 2 2 2 2 2 2 2 2 2 2 2 2 2 2
left_child=1 2 4 -4 -1 6 7 -2 13 -10 -8 12 -7 -3 -13
right_child=5 8 3 -5 -6 11 10 -9 9 -11 -12 14 -14 -15 -16
leaf_value=-0.00098688327442260381 -0.0011844505909763886 -0.002791321742936463 0.0022608188309870261 -0.00018795478122674264 0.0016155985273924845 0.0027547825160808004 0.001235652516099714 0.003569133686279269 -0.00257506424704758 0.0041202282595792956 -0.0034233799002406327 0.0033578043178785827 0.0015424338007183052 -0.0039564131177704104 0.0053563018714706534
leaf_weight=5148.4695226997137 325.79370068013668 199.01948557794094 1408.0134945213795 2953.128532230854 473.40503436326981 331.96685004234314 1029.7919509112835 69.153836667537689 19.232206434011459 15.914093464612959 17.791920125484467 79.211221441626549 491.14257831126451 242.35056276619434 33.418163508176804
leaf_count=22731 1413 972 6055 12372 1979 2044 4957 409 81 67 76 537 2807 1138 284
internal_value=0 -0.000304623 -0.000169077 0.000602642 -0.000767734 0.00134111 0.000743477 -0.000352116 -0.00314432 0.000456535 0.00115652 0.00226241 0.00203138 -0.00343106 0.00395078
internal_weight=0 10459.5 9983.02 4361.14 5621.87 2378.27 1442.53 394.948 476.516 35.1463 1047.58 935.739 823.109 441.37 112.629
internal_count=57922 45395 43137 18427 24710 12527 6855 1822 2258 148 5033 5672 4851 2110 821
is_linear=0
shrinkage=0.01


Tree=256
num_leaves=16
num_cat=0
split_feature=5 3 1 7 7 2 2 0 4 3 1 1 4 0 3
split_gain=51.4736 45.7286 39.8814 47.2788 12.5635 8.6514 4.37115 3.97578 3.00695 2.90417 2.56554 1.77647 1.54587 1.23624 1.23413
threshold=1.0000000180025095e-35 1.0000000180025095e-35 2.5000000000000004 1.0000000180025095e-35 1.0000000180025095e-35 1.0000000180025095e-35 1.0000000180025095e-35 1.0000000180025095e-35 1.0000000180025095e-35 1.0000000180025095e-35 2.5000000000000004 1.5000000000000002 1.0000000180025095e-35 1.0000000180025095e-35 1.0000000180025095e-35
decision_type=2 2 2 2 2 2 2 2 2 2 2 2 2 2 2
left_child=1 2 3 -1 6 7 -3 14 -4 13 -6 -9 -11 -7 -2
right_child=5 4 8 -5 10 9 -8 11 -10 12 -12 -13 -14 -15 -16
leaf_value=-0.001055932754864881 0.0027615485822420523 0.00041210286372134322 -0.003636490032119508 0.00044851922952345073 0.0025786826799863044 0.0044516046070592636 0.0017743042607287843 0.0012213991481662637 -0.0005786117241300087 0.001498963032323574 0.007597749994145705 0.00046399713454769006 0.0033399782758149104 0.0028769988354366382 0.0014297468157864956
leaf_weight=4869.8228839933872 147.11761452257633 1034.1832361221313 433.06839245557785 3657.8639062941074 410.34365184605122 68.214539930224419 305.05090674757957 572.07899898290634 34.737169995903969 242.43760541826487 10.443522512912748 675.13369236886501 56.17868247628212 185.31254925578833 132.01708893477917
leaf_count=21602 703 4222 2071 15581 1805 510 1450 2643 149 1707 43 3016 436 1335 649
internal_value=0 -0.000278145 -0.000566565 -0.000410613 0.00119597 0.00144089 0.000722385 0.00105285 -0.00340943 0.00251357 0.00270325 0.000811407 0.00184531 0.00330067 0.00213167
internal_weight=0 10755.5 8995.49 8527.69 1760.02 2078.49 1339.23 1526.35 467.806 552.143 420.787 1247.21 298.616 253.527 279.135
internal_count=57922 46923 39403 37183 7520 10999 5672 7011 2220 3988 1848 5659 2143 1845 1352
is_linear=0
shrinkage=0.01


Tree=257
num_leaves=16
num_cat=0
split_feature=4 8 1 0 3 3 1 0 3 8 1 2 1 7 3
split_gain=51.115 47.7026 42.9411 38.7137 17.2667 7.80959 7.00999 3.3301 3.80475 3.34106 3.06489 2.91762 2.55715 2.24695 1.38881
threshold=1.0000000180025095e-35 1.0000000180025095e-35 2.5000000000000004 1.0000000180025095e-35 1.0000000180025095e-35 1.0000000180025095e-35 1.0000000180025095e-35 1.0000000180025095e-35 1.0000000180025095e-35 1.0000000180025095e-35 2.5000000000000004 1.0000000180025095e-35 2.5000000000000004 1.0000000180025095e-35 1.0000000180025095e-35
decision_type=2 2 2 2 2 2 2 2 2 2 2 2 2 2 2
left_child=1 2 3 -1 6 -4 -3 9 10 11 -9 -2 -6 -10 -11
right_child=7 4 5 -5 12 -7 -8 8 13 14 -12 -13 -14 -15 -16
leaf_value=-0.00075430840923362916 0.0025363336312554541 -0.0035642032258620909 -0.0034103699296567586 0.00067046833416480099 5.9091572564168983e-05 0.0021660689530719093 -0.0017818536307632707 0.0013703096174973541 0.0019748647573131339 0.0011277915443209602 -0.0020609540659696337 0.0046320875383103902 -0.0061562573214254792 0.0040610071169611805 -0.0033544247654583069
leaf_weight=2716.3425126895308 221.1648461073637 264.90362520515919 386.7789132297039 6401.3367685377598 538.95426447689533 26.857830502092838 1321.3270519971848 552.60134173929691 138.86186365783215 41.924708887934685 27.318911656737328 94.944169469177723 6.7018000781536093 82.18923394382 8.2777547985315305
leaf_count=12294 961 1225 1834 28436 2302 118 6101 2502 687 176 118 647 29 452 40
internal_value=0 -0.000199426 0.000103034 0.000245998 -0.00155167 -0.00304829 -0.00207951 0.00199539 0.00163419 0.00278521 0.00120867 0.0031658 -1.72459e-05 0.00275052 0.00038873
internal_weight=0 11663.2 9531.32 9117.68 2131.89 413.637 1586.23 1167.28 800.971 366.311 579.92 316.109 545.656 221.051 50.2025
internal_count=57922 52339 42682 40730 9657 1952 7326 5583 3759 1824 2620 1608 2331 1139 216
is_linear=0
shrinkage=0.01


Tree=258
num_leaves=16
num_cat=0
split_feature=2 6 3 8 7 7 1 7 0 4 1 1 6 1 4
split_gain=50.8802 39.0832 32.7969 30.4369 12.6292 10.7625 10.1332 6.34191 6.33148 12.3544 4.23371 3.64866 3.57508 3.99026 1.67554
threshold=1.0000000180025095e-35 1.0000000180025095e-35 1.0000000180025095e-35 1.0000000180025095e-35 1.0000000180025095e-35 1.0000000180025095e-35 1.0000000180025095e-35 1.0000000180025095e-35 1.0000000180025095e-35 1.0000000180025095e-35 2.5000000000000004 2.5000000000000004 1.0000000180025095e-35 2.5000000000000004 1.0000000180025095e-35
decision_type=2 2 2 2 2 2 2 2 2 2 2 2 2 2 2
left_child=1 2 3 -1 8 6 -3 -4 9 -2 -7 -10 13 -6 -14
right_child=4 5 7 -5 12 10 -8 -9 11 -11 -12 -13 14 -15 -16
leaf_value=-0.00060875384805502396 -0.0011579401791875427 -0.0014820415537394236 0.0005367390727042164 -0.0024237525621269742 0.0019526494778309964 0.0015749797993457684 0.00057094666644914589 0.0023225800808902067 0.0012193456514757765 0.0035047482509946537 -0.0027534195190375295 -0.0033470919418185571 0.0028907794768590019 -0.0028972118244570441 0.0052859704796310511
leaf_weight=5691.96586625278 325.80814623832703 291.54810608923435 591.75088791549206 1102.9916439801455 636.81545850634575 1081.1605422049761 1371.0324467867613 299.49859239161015 1028.8369087576866 68.831884726881981 23.080238461494446 17.800309434533119 246.07688387483358 17.428866222500801 33.139385685324669
leaf_count=24439 1413 1247 2454 5214 3605 4831 5838 1275 4957 409 97 76 1706 77 284
internal_value=0 -0.000299933 -0.0006668 -0.000903374 0.00132158 0.000719221 0.000210937 0.00113686 0.000734696 -0.000344689 0.00148451 0.00114168 0.00222774 0.00182345 0.00317506
internal_weight=0 10453 7686.21 6794.96 2374.74 2766.82 1662.58 891.249 1441.28 394.64 1104.24 1046.64 933.461 654.244 279.216
internal_count=57922 45395 33382 29653 12527 12013 7085 3729 6855 1822 4928 5033 5672 3682 1990
is_linear=0
shrinkage=0.01


Tree=259
num_leaves=16
num_cat=0
split_feature=4 6 0 1 5 8 2 1 0 3 8 1 2 7 3
split_gain=49.9219 46.4544 45.8831 30.5017 22.2086 14.8666 7.53161 4.09622 3.2534 3.68048 3.25726 2.982 2.8148 2.18208 1.37414
threshold=1.0000000180025095e-35 1.0000000180025095e-35 1.0000000180025095e-35 2.5000000000000004 1.0000000180025095e-35 1.0000000180025095e-35 1.0000000180025095e-35 1.5000000000000002 1.0000000180025095e-35 1.0000000180025095e-35 1.0000000180025095e-35 2.5000000000000004 1.0000000180025095e-35 1.0000000180025095e-35 1.0000000180025095e-35
decision_type=2 2 2 2 2 2 2 2 2 2 2 2 2 2 2
left_child=1 2 4 -4 -1 6 -3 -7 10 11 12 -10 -2 -11 -12
right_child=8 5 3 -5 -6 7 -8 -9 9 13 14 -13 -14 -15 -16
leaf_value=-0.0018040641535818206 0.0025133445695327238 0.00090701335272762708 7.7683269606018373e-05 -0.0040471993545733373 0.0024705537657182756 -0.0013583129325815146 0.0022673664783606886 0.00022860324426801857 0.0013570420217276623 0.0019507479476520049 0.0011237593020647762 -0.0020279537778218094 0.0045755107131011177 0.0040087554735192777 -0.0033337815233887148
leaf_weight=2735.0420657992363 221.06086857616901 2015.5572616308928 5431.0110410153866 185.38622589409351 127.19440247118473 304.3801344037056 509.96520044654608 349.34445987641811 552.3292116895318 138.73439513146877 41.907105475664139 27.31193782389164 94.481072805821896 81.954401515424252 8.2825962603092176
leaf_count=12453 961 8683 23697 844 679 1345 3100 1538 2502 687 176 118 647 452 40
internal_value=0 -0.000197078 -0.000583626 -5.8471e-05 -0.00161411 0.000833793 0.0011817 -0.000510279 0.00197305 0.00161598 0.00275443 0.00119755 0.00313081 0.002715 0.00038815
internal_weight=0 11657.9 8478.63 5616.4 2862.24 3179.25 2525.52 653.725 1166.06 800.33 365.732 579.641 315.542 220.689 50.1897
internal_count=57922 52339 37673 24541 13132 14666 11783 2883 5583 3759 1824 2620 1608 1139 216
is_linear=0
shrinkage=0.01


Tree=260
num_leaves=16
num_cat=0
split_feature=2 8 1 6 7 3 1 0 4 3 1 4 1 4 6
split_gain=49.509 37.7658 36.7687 24.529 12.3731 11.5185 9.31593 6.16237 11.9051 6.14423 3.52807 3.42304 2.82281 1.49224 0.89823
threshold=1.0000000180025095e-35 1.0000000180025095e-35 2.5000000000000004 1.0000000180025095e-35 1.0000000180025095e-35 1.0000000180025095e-35 1.0000000180025095e-35 1.0000000180025095e-35 1.0000000180025095e-35 1.0000000180025095e-35 2.5000000000000004 1.0000000180025095e-35 1.5000000000000002 1.0000000180025095e-35 1.0000000180025095e-35
decision_type=2 2 2 2 2 2 2 2 2 2 2 2 2 2 2
left_child=1 2 3 -1 7 6 -3 8 -2 -4 -9 12 -6 -7 -13
right_child=4 5 9 -5 11 13 -8 10 -10 -11 -12 14 -14 -15 -16
leaf_value=-0.00020049018557200332 -0.0011385965235056984 -0.0038705714043965485 -0.0032857997742264688 0.0010388925869103699 0.0026929831757197082 -0.00032992586489777445 -0.0016758538097837051 0.0012016823711822162 0.0034460979719883366 0.0015346321833344782 -0.0032873388243929657 0.0032652252349733273 0.0014969508533147597 0.0021031156601867274 0.0052325161463582029
leaf_weight=6029.1679111868143 325.82628493010998 231.7039233148098 379.12602335214615 2172.1834927201271 330.51987212151289 411.10385783016682 1170.094427511096 1028.0986643731594 68.555289134383202 28.424559518694878 17.81121438741684 78.608342595398426 489.69567024707794 26.854694843292236 32.931553199887276
leaf_count=25647 1413 1093 1806 9416 2044 1704 5495 4957 409 119 76 537 2807 115 284
internal_value=0 -0.000295839 -1.79157e-05 0.000127769 0.00130448 -0.00159635 -0.00203862 0.000723576 -0.00034164 -0.0029496 0.00112524 0.00220243 0.00197891 -0.000180737 0.00384606
internal_weight=0 10448.7 8608.9 8201.35 2372.05 1839.76 1401.8 1440.29 394.382 407.551 1045.91 931.755 820.216 437.959 111.54
internal_count=57922 45395 36988 35063 12527 8407 6588 6855 1822 1925 5033 5672 4851 1819 821
is_linear=0
shrinkage=0.01


Tree=261
num_leaves=16
num_cat=0
split_feature=4 8 1 0 3 3 1 0 3 8 1 2 1 7 3
split_gain=48.6789 45.1427 40.5982 36.7585 16.3575 7.49323 6.73949 3.17493 3.57334 3.17331 2.87195 2.71148 2.49105 2.14165 1.36715
threshold=1.0000000180025095e-35 1.0000000180025095e-35 2.5000000000000004 1.0000000180025095e-35 1.0000000180025095e-35 1.0000000180025095e-35 1.0000000180025095e-35 1.0000000180025095e-35 1.0000000180025095e-35 1.0000000180025095e-35 2.5000000000000004 1.0000000180025095e-35 2.5000000000000004 1.0000000180025095e-35 1.0000000180025095e-35
decision_type=2 2 2 2 2 2 2 2 2 2 2 2 2 2 2
left_child=1 2 3 -1 6 -4 -3 9 10 11 -9 -2 -6 -10 -11
right_child=7 4 5 -5 12 -7 -8 8 13 14 -12 -13 -14 -15 -16
leaf_value=-0.00073661436149720914 0.002488988391994473 -0.0034843528057729488 -0.0033253220710884883 0.00065223538761677411 5.7294700430161236e-05 0.0021380104118683555 -0.0017339985437456432 0.0013409502598025608 0.001923472264911964 0.0011204930892188133 -0.0019823393646348866 0.004516721260470982 -0.0060826775209160966 0.0039643871283935195 -0.0033254068977513983
leaf_weight=2714.1667791232467 220.95404468476772 264.01503777503967 385.47973914444447 6397.4377662166953 538.83940689265728 26.853462785482407 1318.761907607317 552.02441629767418 138.59936130046844 41.89120289683342 27.289526253938675 94.000682428479195 6.6897308677434912 81.738706216216087 8.2845539897680265
leaf_count=12294 961 1225 1834 28436 2302 118 6101 2502 687 176 118 647 29 452 40
internal_value=0 -0.000194603 9.96342e-05 0.000238525 -0.00151128 -0.00296952 -0.00202597 0.00194946 0.00159666 0.00272209 0.0011844 0.00309418 -1.79987e-05 0.00268059 0.000386427
internal_weight=0 11652.2 9523.94 9111.6 2128.31 412.333 1582.78 1164.78 799.652 365.13 579.314 314.955 545.529 220.338 50.1758
internal_count=57922 52339 42682 40730 9657 1952 7326 5583 3759 1824 2620 1608 2331 1139 216
is_linear=0
shrinkage=0.01


Tree=262
num_leaves=16
num_cat=0
split_feature=2 6 3 7 7 7 1 7 0 4 1 1 6 1 4
split_gain=48.3906 36.8682 31.5404 29.3256 12.0867 10.2719 9.81406 6.17695 6.00742 11.453 4.05355 3.42211 3.40089 3.81709 1.59527
threshold=1.0000000180025095e-35 1.0000000180025095e-35 1.0000000180025095e-35 1.0000000180025095e-35 1.0000000180025095e-35 1.0000000180025095e-35 1.0000000180025095e-35 1.0000000180025095e-35 1.0000000180025095e-35 1.0000000180025095e-35 2.5000000000000004 2.5000000000000004 1.0000000180025095e-35 2.5000000000000004 1.0000000180025095e-35
decision_type=2 2 2 2 2 2 2 2 2 2 2 2 2 2 2
left_child=1 2 3 -1 8 6 -3 -4 9 -2 -7 -10 13 -6 -14
right_child=4 5 7 -5 12 10 -8 -9 11 -11 -12 -13 14 -15 -16
leaf_value=-0.0015039385766962877 -0.0011159567086956197 -0.001465720294143815 0.00052783405551519208 -0.00018754071150951887 0.0019111460634921415 0.0015345180279610856 0.000555434582247766 0.0022907226898200368 0.0011883014439695227 0.0033881600044785142 -0.0027013918693232553 -0.0032316491854558903 0.0028286796329056231 -0.0028296976649558013 0.005179409735086773
leaf_weight=3576.8515136539936 325.90802101790905 291.30194914340973 591.7008815407753 3211.8963168412447 635.18567256629467 1079.8865856230259 1370.6122466176748 299.29303614795208 1027.4709146916866 68.282737374305725 23.074060052633286 17.820791676640511 244.89892522245646 17.449826717376709 32.726732939481735
leaf_count=16224 1413 1247 2454 13429 3605 4831 5838 1275 4957 409 97 76 1706 77 284
internal_value=0 -0.000292468 -0.000648955 -0.000881124 0.00129035 0.000697714 0.000201165 0.00112 0.000716235 -0.000335742 0.0014459 0.00111295 0.00217874 0.00178439 0.00310579
internal_weight=0 10444.6 7679.74 6788.75 2369.74 2764.87 1661.91 890.994 1439.48 394.191 1102.96 1045.29 930.261 652.635 277.626
internal_count=57922 45395 33382 29653 12527 12013 7085 3729 6855 1822 4928 5033 5672 3682 1990
is_linear=0
shrinkage=0.01


Tree=263
num_leaves=16
num_cat=0
split_feature=4 8 1 0 3 3 1 0 3 8 1 2 1 7 3
split_gain=47.5652 43.9435 39.6171 35.7837 15.8442 7.33522 6.60111 3.10285 3.45358 3.10706 2.79578 2.61012 2.44243 2.07951 1.34917
threshold=1.0000000180025095e-35 1.0000000180025095e-35 2.5000000000000004 1.0000000180025095e-35 1.0000000180025095e-35 1.0000000180025095e-35 1.0000000180025095e-35 1.0000000180025095e-35 1.0000000180025095e-35 1.0000000180025095e-35 2.5000000000000004 1.0000000180025095e-35 2.5000000000000004 1.0000000180025095e-35 1.0000000180025095e-35
decision_type=2 2 2 2 2 2 2 2 2 2 2 2 2 2 2
left_child=1 2 3 -1 6 -4 -3 9 10 11 -9 -2 -6 -10 -11
right_child=7 4 5 -5 12 -7 -8 8 13 14 -12 -13 -14 -15 -16
leaf_value=-0.0007271760387252312 0.0024683082924789571 -0.0034435325507141921 -0.0032883481338190942 0.00064337587581836928 5.2069265618019779e-05 0.0021171135088209176 -0.0017099643994119588 0.0013285438800983008 0.0018999491234814132 0.0011110572349614762 -0.001950812885199984 0.004461272104263299 -0.0060314238177100543 0.0039131525062470309 -0.0033045554060405612
leaf_weight=2713.1981621161103 220.84983867406845 263.59662146866322 384.96178418397903 6395.2372162789106 538.809225872159 26.855571158230305 1317.5607378035784 551.74949902296066 138.47476667165756 41.875095635652542 27.282689779996872 93.550890065729618 6.6814246773719779 81.508751921355724 8.2894636988639814
leaf_count=12294 961 1225 1834 28436 2302 118 6101 2502 687 176 118 647 29 452 40
internal_value=0 -0.00019236 9.79529e-05 0.000235119 -0.00149199 -0.00293585 -0.00199897 0.00192807 0.00157926 0.00269256 0.00117403 0.00306132 -2.24442e-05 0.00264589 0.000381397
internal_weight=0 11646.9 9520.25 9108.44 2126.65 411.817 1581.16 1163.58 799.016 364.565 579.032 314.401 545.491 219.984 50.1646
internal_count=57922 52339 42682 40730 9657 1952 7326 5583 3759 1824 2620 1608 2331 1139 216
is_linear=0
shrinkage=0.01


Tree=264
num_leaves=16
num_cat=0
split_feature=2 6 3 7 7 7 1 7 0 4 1 6 1 8 4
split_gain=47.2991 35.9704 30.6792 28.5615 11.8075 9.99237 9.58814 6.03615 5.85617 11.0167 3.93534 3.34133 3.69064 3.3283 1.55038
threshold=1.0000000180025095e-35 1.0000000180025095e-35 1.0000000180025095e-35 1.0000000180025095e-35 1.0000000180025095e-35 1.0000000180025095e-35 1.0000000180025095e-35 1.0000000180025095e-35 1.0000000180025095e-35 1.0000000180025095e-35 2.5000000000000004 1.0000000180025095e-35 2.5000000000000004 1.0000000180025095e-35 1.0000000180025095e-35
decision_type=2 2 2 2 2 2 2 2 2 2 2 2 2 2 2
left_child=1 2 3 -1 8 6 -3 -4 9 -2 -7 12 -6 -10 -13
right_child=4 5 7 -5 11 10 -8 -9 13 -11 -12 14 -14 -15 -16
leaf_value=-0.0014853766417531205 -0.0010936974998185074 -0.0014486251698557719 0.00051812736650028916 -0.00018596045045311525 0.0018892793955975968 0.0015146412033795582 0.00054948255263946274 0.002261101637933069 0.0014920202412995467 0.0033309128688300414 -0.0026592039351590801 0.0028026295780311321 -0.0027699113824856685 0.00028644242257035607 0.0051266531383845782
leaf_weight=3574.2313527464867 325.98754076659679 291.18511426448822 591.71165426075459 3211.3734470158815 634.35835130512714 1079.2416471689939 1370.4475719630718 299.13899455964565 705.66895879805088 68.014112085103989 23.072569027543068 244.40530493855476 17.469429641962051 339.01081830263138 32.524898938834667
leaf_count=16224 1413 1247 2454 13429 3605 4831 5838 1275 3554 409 97 1706 77 1479 284
internal_value=0 -0.000289143 -0.000641351 -0.000870411 0.0012764 0.000689061 0.000199333 0.0011034 0.00070898 -0.000329904 0.00142728 0.00215537 0.00176441 0.0011008 0.00307558
internal_weight=0 10440.4 7676.46 6785.6 2367.44 2763.95 1661.63 890.851 1438.68 394.002 1102.31 928.758 651.828 1044.68 276.93
internal_count=57922 45395 33382 29653 12527 12013 7085 3729 6855 1822 4928 5672 3682 5033 1990
is_linear=0
shrinkage=0.01


Tree=265
num_leaves=16
num_cat=0
split_feature=4 6 0 1 5 8 2 1 0 3 8 1 2 7 3
split_gain=46.4674 42.9988 42.9305 29.5751 21.4776 13.5189 7.20404 3.94845 3.03425 3.33834 3.04214 2.73359 2.5121 2.0196 1.33136
threshold=1.0000000180025095e-35 1.0000000180025095e-35 1.0000000180025095e-35 1.5000000000000002 1.0000000180025095e-35 1.0000000180025095e-35 1.0000000180025095e-35 2.5000000000000004 1.0000000180025095e-35 1.0000000180025095e-35 1.0000000180025095e-35 2.5000000000000004 1.0000000180025095e-35 1.0000000180025095e-35 1.0000000180025095e-35
decision_type=2 2 2 2 2 2 2 2 2 2 2 2 2 2 2
left_child=1 2 4 -4 -1 6 -3 -7 10 11 12 -10 -2 -11 -12
right_child=8 5 3 -5 -6 7 -8 -9 9 13 14 -13 -14 -15 -16
leaf_value=-0.0017473566102519328 0.0024477916370439601 0.00086612008057827166 0.00091707202240358865 -0.00059691731921512892 0.0024584293320559529 -0.00037384885308500371 0.0021990714669072719 -0.0061795093869278393 0.0013162170523866659 0.0018764073019231554 0.0011017370132638421 -0.0019271459661757207 0.0044063793219580021 0.0038624833635432726 -0.0032836804818382956
leaf_weight=2729.2321629226208 220.74616473913193 2013.9704547822475 2011.2302058786154 3599.3977249711752 127.07369063794613 641.09305319190025 507.66408301889896 11.932539835572241 551.47320207208395 138.34775623679161 41.859160229563713 27.271274253726006 93.107579082250595 81.281364627182484 8.2943823188543302
leaf_count=12453 961 8683 8868 15673 679 2828 3100 55 2502 687 176 118 647 452 40
internal_value=0 -0.000190122 -0.000562263 -5.42007e-05 -0.00156025 0.000802392 0.00113447 -0.000479934 0.00190672 0.00156173 0.00266338 0.00116339 0.00302882 0.00261142 0.000376478
internal_weight=0 11641.6 8466.93 5610.63 2856.31 3174.66 2521.63 653.026 1162.38 798.374 364.007 578.744 313.854 219.629 50.1535
internal_count=57922 52339 37673 24541 13132 14666 11783 2883 5583 3759 1824 2620 1608 1139 216
is_linear=0
shrinkage=0.01


Tree=266
num_leaves=16
num_cat=0
split_feature=2 1 7 1 4 7 0 4 3 7 1 6 1 4 7
split_gain=46.0174 35.1211 40.9595 54.7966 26.5536 11.5721 5.6958 10.6121 4.20695 3.67045 3.29767 3.19291 3.60277 1.52662 1.46215
threshold=1.0000000180025095e-35 2.5000000000000004 1.0000000180025095e-35 1.5000000000000002 1.0000000180025095e-35 1.0000000180025095e-35 1.0000000180025095e-35 1.0000000180025095e-35 1.0000000180025095e-35 1.0000000180025095e-35 2.5000000000000004 1.0000000180025095e-35 2.5000000000000004 1.0000000180025095e-35 1.0000000180025095e-35
decision_type=2 2 2 2 2 2 2 2 2 2 2 2 2 2 2
left_child=1 2 4 -4 -1 6 7 -2 14 -10 -8 12 -7 -13 -3
right_child=5 8 3 -5 -6 11 10 -9 9 -11 -12 13 -14 -15 -16
leaf_value=-0.00093264887538740764 -0.0010752536161526519 -0.0025787239262167194 0.0021938732148369319 -0.00020548651314796976 0.0015436656746631965 0.0018723956225007265 0.0011586680958872988 0.0032743524693333698 -0.0025645792128614195 0.0039311844337450944 -0.0031793348188823845 0.0027614184582534836 -0.0027294484415446574 0.0050742454162868676 -0.0037410645748648754
leaf_weight=5135.8184134811163 326.00085292756557 197.00240355730057 1405.2858916521072 2949.849845841527 472.89567385613918 633.67498354613781 1026.1148878186941 67.749382942914963 19.182354629039764 15.916660800576208 17.828248605132103 243.63291646540165 17.482043668627739 32.326015405356884 240.15409253537655
leaf_count=22731 1413 972 6055 12372 1979 3605 4957 409 81 67 76 1706 77 284 1138
internal_value=0 -0.000285176 -0.00015888 0.000568723 -0.00072386 0.00125977 0.000698025 -0.000326852 -0.00294982 0.000381112 0.00108458 0.00213088 0.00174885 0.00303234 -0.00321726
internal_weight=0 10436.1 9963.85 4355.14 5608.71 2364.81 1437.69 393.75 472.256 35.099 1043.94 927.116 651.157 275.959 437.156
internal_count=57922 45395 43137 18427 24710 12527 6855 1822 2258 148 5033 5672 3682 1990 2110
is_linear=0
shrinkage=0.01


Tree=267
num_leaves=16
num_cat=0
split_feature=2 8 1 1 7 3 1 3 0 4 1 6 1 4 4
split_gain=45.129 34.5813 33.638 22.7755 11.37 10.5365 8.91954 5.59802 5.58489 10.4132 3.23209 3.14574 3.53331 1.50926 1.39921
threshold=1.0000000180025095e-35 1.0000000180025095e-35 2.5000000000000004 1.5000000000000002 1.0000000180025095e-35 1.0000000180025095e-35 1.0000000180025095e-35 1.0000000180025095e-35 1.0000000180025095e-35 1.0000000180025095e-35 2.5000000000000004 1.0000000180025095e-35 2.5000000000000004 1.0000000180025095e-35 1.0000000180025095e-35
decision_type=2 2 2 2 2 2 2 2 2 2 2 2 2 2 2
left_child=1 2 3 -1 8 6 -3 -4 9 -2 -10 12 -6 -13 -7
right_child=4 5 7 -5 11 14 -8 -9 10 -11 -12 13 -14 -15 -16
leaf_value=0.00082090354609485553 -0.0010643344975634836 -0.0037509805790273062 -0.0031512135222141369 -0.00027542200826669315 0.0018554620044064164 -0.00031973537076408987 -0.0015979311740590772 0.0014513523885480912 0.0011475431124278988 0.0032474445931665397 -0.003146271534175724 0.0027386182837876522 -0.0027005825362616349 0.0050422626701555088 0.0020371052208636663
leaf_weight=2975.0676919817924 326.05160090327263 230.43157070875168 376.92059299349785 5219.1719507575035 633.0666640624404 411.01857300102711 1166.2185573130846 28.418624848127365 1025.7039383947849 67.628251448273659 17.835410073399544 243.20679178833961 17.492160603404045 32.206349857151508 26.834280252456665
leaf_count=12838 1413 1093 1806 22225 3605 1704 5495 119 4957 409 76 1706 77 284 115
internal_value=0 -0.00028238 -1.64826e-05 0.000122619 0.00124804 -0.00152883 -0.00195316 -0.00282852 0.000691276 -0.000323636 0.00107416 0.0021122 0.00173296 0.003008 -0.000175294
internal_weight=0 10434.1 8599.58 8194.24 2363.19 1834.5 1396.65 405.339 1437.22 393.68 1043.54 925.972 650.559 275.413 437.853
internal_count=57922 45395 36988 35063 12527 8407 6588 1925 6855 1822 5033 5672 3682 1990 1819
is_linear=0
shrinkage=0.01


Tree=268
num_leaves=16
num_cat=0
split_feature=4 6 0 1 5 8 2 1 0 3 8 1 2 7 3
split_gain=44.7654 41.7714 41.6615 28.359 20.9335 12.9039 6.77258 3.90995 2.93302 3.2361 2.97366 2.55782 2.39251 1.98769 1.327
threshold=1.0000000180025095e-35 1.0000000180025095e-35 1.0000000180025095e-35 1.5000000000000002 1.0000000180025095e-35 1.0000000180025095e-35 1.0000000180025095e-35 1.5000000000000002 1.0000000180025095e-35 1.0000000180025095e-35 1.0000000180025095e-35 2.5000000000000004 1.0000000180025095e-35 1.0000000180025095e-35 1.0000000180025095e-35
decision_type=2 2 2 2 2 2 2 2 2 2 2 2 2 2 2
left_child=1 2 4 -4 -1 6 -3 -7 10 11 12 -10 -2 -11 -12
right_child=8 5 3 -5 -6 7 -8 -9 9 13 14 -13 -14 -15 -16
leaf_value=-0.0017219899120719385 0.0024137424085314218 0.00085673309519780183 0.00089830993312658817 -0.00058456305787915879 0.0024331379080527334 -0.0012908758461208619 0.0021508276615518312 0.00026097929251686777 0.0012893258393612637 0.0018391003794671374 0.0010806210200968553 -0.0018498442551880606 0.004329804181604115 0.0038118822772341926 -0.0032989313646238014
leaf_weight=2726.5177991092205 220.59872701764107 2013.3966794013977 2010.3684065192938 3597.592248365283 126.89035698771477 303.67108455300331 506.05613186210394 348.88614763319492 551.08649532496929 138.16483503580093 41.833657667040825 27.239091485738754 92.491368405520916 81.02356668561697 8.2894328683614713
leaf_count=12453 961 8683 8868 15673 679 1345 3100 1538 2502 687 176 118 647 452 40
internal_value=0 -0.000186614 -0.000553501 -5.29757e-05 -0.00153721 0.000792064 0.00111666 -0.000461185 0.00187287 0.00153363 0.00261774 0.00114147 0.00297977 0.00256834 0.000356324
internal_weight=0 11633.4 8461.37 5607.96 2853.41 3172.01 2519.45 652.557 1160.73 797.514 363.213 578.326 313.09 219.188 50.1231
internal_count=57922 52339 37673 24541 13132 14666 11783 2883 5583 3759 1824 2620 1608 1139 216
is_linear=0
shrinkage=0.01


Tree=269
num_leaves=16
num_cat=0
split_feature=5 3 7 1 4 7 2 0 2 3 1 1 4 3 0
split_gain=43.9619 40.1992 33.9812 65.2578 30.4984 11.2678 7.49727 3.93414 3.91745 2.94563 2.45118 1.59781 1.28293 1.27209 1.21444
threshold=1.0000000180025095e-35 1.0000000180025095e-35 1.0000000180025095e-35 1.5000000000000002 1.0000000180025095e-35 1.0000000180025095e-35 1.0000000180025095e-35 1.0000000180025095e-35 1.0000000180025095e-35 1.0000000180025095e-35 2.5000000000000004 1.5000000000000002 1.0000000180025095e-35 1.0000000180025095e-35 1.0000000180025095e-35
decision_type=2 2 2 2 2 2 2 2 2 2 2 2 2 2 2
left_child=1 2 4 -4 -1 8 7 13 -3 14 -7 -9 -11 -2 -8
right_child=6 5 3 -5 -6 10 9 11 -10 12 -12 -13 -14 -15 -16
leaf_value=-0.0013078070540449888 0.0026917005745762473 0.00038461004158032769 0.0022943452452689706 -0.00061558354058926905 0.0014367509655454187 0.0024344240985619981 0.0042924362510921984 0.0011250203808763175 0.0016764976414736174 0.0013502111944476672 0.0073368375868144058 0.00040551079678430996 0.0030475559385224923 0.0013367626396185428 0.0027193873292968348
leaf_weight=4627.2880463451147 146.5702757537365 1034.0673830062151 1057.7044855952263 2839.8592579364777 443.71037331223488 408.7370909973979 67.081434309482574 569.71469269692898 303.64628393948078 239.76161418110132 10.459943532943724 673.51486173272133 54.688351415097713 131.42157278954983 182.87126877903938
leaf_count=20755 703 4222 4550 12197 1901 1805 510 2643 1450 1707 43 3016 436 649 1335
internal_value=0 -0.000257049 -0.000528014 0.000174101 -0.00106766 0.00112616 0.00133611 0.000975703 0.000677854 0.00234318 0.00255675 0.000735229 0.00166546 0.00205115 0.00314156
internal_weight=0 10725.5 8968.56 3897.56 5071 1756.91 2065.62 1521.22 1337.71 544.403 419.197 1243.23 294.45 277.992 249.953
internal_count=57922 46923 39403 16747 22656 7520 10999 7011 5672 3988 1848 5659 2143 1352 1845
is_linear=0
shrinkage=0.01


Tree=270
num_leaves=16
num_cat=0
split_feature=2 1 7 1 4 8 5 3 3 7 0 3 7 1 3
split_gain=43.5114 33.617 39.1663 51.8396 25.1734 11.0377 5.27311 6.46322 3.94217 3.54089 2.68529 2.52994 1.43743 1.35026 1.23522
threshold=1.0000000180025095e-35 2.5000000000000004 1.0000000180025095e-35 1.5000000000000002 1.0000000180025095e-35 1.0000000180025095e-35 1.0000000180025095e-35 1.0000000180025095e-35 1.0000000180025095e-35 1.0000000180025095e-35 1.0000000180025095e-35 1.0000000180025095e-35 1.0000000180025095e-35 1.5000000000000002 1.0000000180025095e-35
decision_type=2 2 2 2 2 2 2 2 2 2 2 2 2 2 2
left_child=1 2 4 -4 -1 6 7 -2 12 -10 13 -8 -3 -7 -12
right_child=5 8 3 -5 -6 10 11 -9 9 -11 14 -13 -14 -15 -16
leaf_value=-0.00090997977260949808 0.0009222160419239294 -0.0025137667653647843 0.0021391186368255851 -0.00019524758044374383 0.0015015518320783971 -0.0028194402258624675 0.0032041151224396348 0.0026547947202221318 -0.0025574628214250117 0.0038237260290301827 -0.0002144279600233733 0.001773576725125538 -0.0036680763252720278 -0.00059012134753496617 0.001028002209809573
leaf_weight=5131.2436324059963 1147.9009570777416 196.38279223442078 1404.3540623486042 2948.918535426259 472.74944350123405 46.909546360373497 233.08200801163912 265.01848625391722 19.174896270036697 15.911796182394026 209.08537428081036 263.25850627571344 239.37995770573616 64.562125444412231 129.63341796398163
leaf_count=22731 5466 972 6055 12372 1979 196 1764 1372 81 67 863 1981 1138 269 616
internal_value=0 -0.000277239 -0.000153773 0.000557813 -0.000706544 0.00122655 0.00155867 0.00124719 -0.00288823 0.000336403 -0.000181986 0.00244536 -0.00314787 -0.00152826 0.000261071
internal_weight=0 10428.1 9957.27 4353.27 5603.99 2359.45 1909.26 1412.92 470.849 35.0867 450.19 496.341 435.763 111.472 338.719
internal_count=57922 45395 43137 18427 24710 12527 10583 6838 2258 148 1944 3745 2110 465 1479
is_linear=0
shrinkage=0.01


Tree=271
num_leaves=16
num_cat=0
split_feature=4 8 1 0 3 3 1 0 3 8 1 2 1 7 3
split_gain=42.871 40.3897 36.087 33.0561 14.68 6.73048 6.42501 2.86381 3.14782 2.91655 2.44684 2.34796 2.34408 1.95445 1.29676
threshold=1.0000000180025095e-35 1.0000000180025095e-35 2.5000000000000004 1.0000000180025095e-35 1.0000000180025095e-35 1.0000000180025095e-35 1.0000000180025095e-35 1.0000000180025095e-35 1.0000000180025095e-35 1.0000000180025095e-35 2.5000000000000004 1.0000000180025095e-35 2.5000000000000004 1.0000000180025095e-35 1.0000000180025095e-35
decision_type=2 2 2 2 2 2 2 2 2 2 2 2 2 2 2
left_child=1 2 3 -1 6 -4 -3 9 10 11 -9 -2 -6 -10 -11
right_child=7 4 5 -5 12 -7 -8 8 13 14 -12 -13 -14 -15 -16
leaf_value=-0.0006991996532696728 0.0023699687110300283 -0.0033477574062792601 -0.0031476287862683369 0.00061922350472135522 5.7169984230607071e-05 0.0020328614136827044 -0.0016341070611701123 0.0012567087470574019 0.0017971335813443115 0.0010478627681040434 -0.0018150441752534249 0.0042718303202768579 -0.0059122674807370766 0.0037558326827754752 -0.003280372080083326
leaf_weight=2708.20582806319 220.40720669925213 262.51495192945004 382.65560515224934 6385.8340873122215 538.46689341962337 26.83755312114954 1313.5992584526539 550.78235903382301 137.92391347885132 41.831159681081772 27.213049456477165 92.012189440429211 6.6595278531312934 80.780684068799019 8.2946905940771085
leaf_count=12294 961 1225 1834 28436 2302 118 6101 2502 687 176 118 647 29 452 40
internal_value=0 -0.000182645 9.58361e-05 0.000226597 -0.00143029 -0.00280811 -0.00191953 0.00183403 0.00149874 0.00257083 0.00111209 0.0029301 -1.57555e-05 0.0025206 0.000331638
internal_weight=0 11624.8 9503.53 9094.04 2121.24 409.493 1576.11 1159.25 796.7 362.545 577.995 312.419 545.126 218.705 50.1259
internal_count=57922 52339 42682 40730 9657 1952 7326 5583 3759 1824 2620 1608 2331 1139 216
is_linear=0
shrinkage=0.01


Tree=272
num_leaves=16
num_cat=0
split_feature=2 6 3 7 7 1 7 0 4 7 7 1 4 1 0
split_gain=42.5303 33.3061 28.7451 26.4356 10.865 9.57976 5.54766 5.33054 9.70158 4.64419 4.04193 3.11051 2.97336 2.56824 0.825341
threshold=1.0000000180025095e-35 1.0000000180025095e-35 1.0000000180025095e-35 1.0000000180025095e-35 1.0000000180025095e-35 1.0000000180025095e-35 1.0000000180025095e-35 1.0000000180025095e-35 1.0000000180025095e-35 1.0000000180025095e-35 1.0000000180025095e-35 2.5000000000000004 1.0000000180025095e-35 1.5000000000000002 1.0000000180025095e-35
decision_type=2 2 2 2 2 2 2 2 2 2 2 2 2 2 2
left_child=1 2 3 -1 7 9 -4 8 -2 -3 -7 -9 13 -6 -14
right_child=4 5 6 -5 12 10 -8 11 -10 -11 -12 -13 14 -15 -16
leaf_value=-0.001427964048539188 -0.0010363037553169003 -0.0014209862854772826 0.00051503538238847392 -0.00017679692844650385 0.0025373361546752065 0.00055203096103522808 0.0021868670348607483 0.0011154065599642935 0.0031391314962103717 0.0011202503185074142 0.0013872136703902466 -0.0030967187877015811 0.0048228965929967569 0.0013912622683348761 0.0029863966967639405
leaf_weight=3565.2682100236416 325.93463060259819 290.80229213833809 591.5056764036417 3208.4154922366142 326.98335921764374 1369.4148263633251 298.72198298573494 1023.9296714663506 67.103156574070454 95.542653039097786 1004.5249457061291 17.837290674448013 37.050957851111889 486.36020400375128 72.07273031771183
leaf_count=16224 1413 1247 2454 13429 2044 5838 1275 4957 409 446 4482 76 297 2807 524
internal_value=0 -0.000274088 -0.000613316 -0.000835338 0.00121326 0.000667777 0.00107603 0.000668899 -0.000323434 -0.000792541 0.000905436 0.00104329 0.00205997 0.00185201 0.00360995
internal_weight=0 10424.2 7663.91 6773.68 2357.27 2760.28 890.228 1434.8 393.038 386.345 2373.94 1041.77 922.467 813.344 109.124
internal_count=57922 45395 33382 29653 12527 12013 3729 6855 1822 1693 10320 5033 5672 4851 821
is_linear=0
shrinkage=0.01


Tree=273
num_leaves=16
num_cat=0
split_feature=4 6 0 1 5 8 2 1 0 3 8 1 2 7 3
split_gain=41.8533 39.5204 39.7629 27.0575 19.9926 12.0665 6.35083 3.81255 2.79138 3.04622 2.85091 2.38708 2.24326 1.9001 1.27944
threshold=1.0000000180025095e-35 1.0000000180025095e-35 1.0000000180025095e-35 1.5000000000000002 1.0000000180025095e-35 1.0000000180025095e-35 1.0000000180025095e-35 2.5000000000000004 1.0000000180025095e-35 1.0000000180025095e-35 1.0000000180025095e-35 2.5000000000000004 1.0000000180025095e-35 1.0000000180025095e-35 1.0000000180025095e-35
decision_type=2 2 2 2 2 2 2 2 2 2 2 2 2 2 2
left_child=1 2 4 -4 -1 6 -3 -7 10 11 12 -10 -2 -11 -12
right_child=8 5 3 -5 -6 7 -8 -9 9 13 14 -13 -14 -15 -16
leaf_value=-0.0016801203336347902 0.0023502792393957921 0.00083482478512723435 0.00088120591892752959 -0.00056787822272207631 0.0023859888758403563 -0.00033610229999390793 0.0020900953334130109 -0.0060548955297945245 0.0012446322659914672 0.0017749330533508667 0.0010392373599814567 -0.0017899027572490648 0.004212756352237234 0.0037080904827127312 -0.0032590271943488442
leaf_weight=2722.0407811850309 220.30689020454884 2011.9525659233332 2008.5108871757984 3594.7255189567804 126.54516343027353 640.11428213119507 504.014798656106 11.873770177364348 550.50611288100481 137.80605308711529 41.81592732667923 27.203905254602432 91.539889141917229 80.571698807179928 8.2997751086950284
leaf_count=12453 961 8683 8868 15673 679 2828 3100 55 2502 687 176 118 647 452 40
internal_value=0 -0.000180455 -0.000537502 -4.8446e-05 -0.00149949 0.000772116 0.00108629 -0.000440251 0.00181311 0.00148206 0.00254122 0.00110174 0.00289699 0.00248818 0.000327392
internal_weight=0 11619.8 8451.82 5603.24 2848.59 3167.96 2515.97 651.988 1158.05 796.088 361.962 577.71 311.847 218.378 50.1157
internal_count=57922 52339 37673 24541 13132 14666 11783 2883 5583 3759 1824 2620 1608 1139 216
is_linear=0
shrinkage=0.01


Tree=274
num_leaves=15
num_cat=0
split_feature=1 7 1 3 4 6 3 2 8 4 8 5 6 5
split_gain=41.4588 44.5134 51.8496 31.4755 29.3859 22.0204 5.21124 3.73571 3.5716 1.48783 1.95293 1.34896 1.30853 1.06982
threshold=2.5000000000000004 1.0000000180025095e-35 1.5000000000000002 1.0000000180025095e-35 1.0000000180025095e-35 1.0000000180025095e-35 1.0000000180025095e-35 1.0000000180025095e-35 1.0000000180025095e-35 1.0000000180025095e-35 1.0000000180025095e-35 1.0000000180025095e-35 1.0000000180025095e-35 1.0000000180025095e-35
decision_type=2 2 2 2 2 2 2 2 2 2 2 2 2 2
left_child=1 3 12 4 -1 -4 9 -5 11 13 -11 -8 -3 -2
right_child=6 2 5 7 -6 -7 8 -9 -10 10 -12 -13 -14 -15
leaf_value=-0.0010438376155535417 -0.0033100063598644077 0.0023992829983087529 -0.00031313078051406251 0.00046309274634756564 0.0015424870458225568 0.0016190946184277055 0.0038992993890717342 0.0015054191474457223 -0.0054553131984908902 -0.0020732224641217974 0.0044481055621661001 -0.0002431056847715924 0.0018234614081329029 -0.00083291038261249374
leaf_weight=4695.6814088523388 426.85068373382092 1177.9800265654922 2727.3675581365824 1362.1675855517387 484.65362475067377 752.55045193433762 18.753205940127373 459.95125547796488 7.6032913327217093 30.736684873700142 5.3987148702144614 13.535140998661516 593.47174419462681 18.177659332752228
leaf_count=21089 2071 5318 11883 5689 2160 3694 77 2495 33 134 23 66 3109 81
internal_value=0 0.000117692 0.000813675 -0.000404248 -0.00080187 0.000104723 -0.00276242 0.000726204 0.000710815 -0.00305037 -0.00109892 0.00216282 0.00220637 -0.00320883
internal_weight=0 12253.8 5251.37 7002.45 5180.34 3479.92 521.055 1822.12 39.8916 481.164 36.1354 32.2883 1771.45 445.028
internal_count=57922 55437 24004 31433 23249 15577 2485 8184 176 2309 157 143 8427 2152
is_linear=0
shrinkage=0.01


Tree=275
num_leaves=16
num_cat=0
split_feature=2 8 1 4 7 3 1 0 4 3 1 4 1 4 0
split_gain=41.1496 31.8197 30.6508 20.6947 10.5127 9.64367 8.70881 5.15146 9.24675 4.97666 2.9955 2.87262 2.4044 1.30972 0.801211
threshold=1.0000000180025095e-35 1.0000000180025095e-35 2.5000000000000004 1.0000000180025095e-35 1.0000000180025095e-35 1.0000000180025095e-35 1.0000000180025095e-35 1.0000000180025095e-35 1.0000000180025095e-35 1.0000000180025095e-35 2.5000000000000004 1.0000000180025095e-35 1.5000000000000002 1.0000000180025095e-35 1.0000000180025095e-35
decision_type=2 2 2 2 2 2 2 2 2 2 2 2 2 2 2
left_child=1 2 3 -1 7 6 -3 8 -2 -4 -9 12 -6 -7 -13
right_child=4 5 9 -5 11 13 -8 10 -10 -11 -12 14 -14 -15 -16
leaf_value=-3.642739464650487e-05 -0.0010116654710285798 -0.0036550332647440138 -0.0030131478145993978 0.001755023778920121 0.0024885417617783387 -0.0003122155628379483 -0.0015228479248916935 0.0010979172691721504 0.0030724729919863521 0.0013282765183835984 -0.0030347291538592881 0.0047557881955527332 0.0013783162305906049 0.0019690036647410604 0.002940960629756309
leaf_weight=7479.6804110109806 325.9367727637291 229.36354468762875 374.53649777173996 705.67414955794811 325.90274455398321 410.94103465974331 1162.3102404922247 1023.0492841303349 66.796282701194286 28.40689392387867 17.8452527821064 36.792080238461494 485.90080424398184 26.809676751494408 71.797919921576977
leaf_count=32046 1413 1093 1806 3017 2044 1704 5495 4957 409 119 76 297 2807 115 524
internal_value=0 -0.000269604 -1.45305e-05 0.000118017 0.00119431 -0.00146706 -0.00187426 0.000658859 -0.000317033 -0.00270708 0.00102707 0.00202835 0.00182402 -0.000172504 0.00355585
internal_weight=0 10417.7 8588.3 8185.35 2354.02 1829.42 1391.67 1433.63 392.733 402.943 1040.89 920.394 811.804 437.751 108.59
internal_count=57922 45395 36988 35063 12527 8407 6588 6855 1822 1925 5033 5672 4851 1819 821
is_linear=0
shrinkage=0.01


Tree=276
num_leaves=16
num_cat=0
split_feature=2 6 3 7 7 1 7 0 4 7 4 8 4 1 6
split_gain=40.3535 31.6229 27.5564 25.3306 10.3273 9.31351 5.39092 5.05105 9.07285 4.43521 3.74077 2.97755 2.83111 2.36475 0.794438
threshold=1.0000000180025095e-35 1.0000000180025095e-35 1.0000000180025095e-35 1.0000000180025095e-35 1.0000000180025095e-35 1.0000000180025095e-35 1.0000000180025095e-35 1.0000000180025095e-35 1.0000000180025095e-35 1.0000000180025095e-35 1.0000000180025095e-35 1.0000000180025095e-35 1.0000000180025095e-35 1.5000000000000002 1.0000000180025095e-35
decision_type=2 2 2 2 2 2 2 2 2 2 2 2 2 2 2
left_child=1 2 3 -1 7 9 -4 8 -2 -3 -7 -9 13 -6 -14
right_child=4 5 6 -5 12 10 -8 11 -10 -11 -12 -13 14 -15 -16
leaf_value=-0.0013958207987023136 -0.0010014050564134866 -0.0014035066564354313 0.00050367163831467924 -0.00017056526330938197 0.0024671539842799047 0.00076340403713563818 0.0021521386547054717 0.0013885986043738747 0.0030469558722556081 0.0010813487964168407 0.0021770897950889189 0.00024672801375880029 0.0029798994969827885 0.0013655001742621849 0.0048648753590608456
leaf_weight=3560.5558653622866 325.98337963223457 290.63294602930546 591.47471487522125 3207.0899043828249 325.44303696602583 2167.5509327352047 298.49961782991886 702.055494338274 66.682684808969498 95.412664785981178 204.8696264475584 338.45505760610104 76.787107326090336 485.5583737641573 31.54365224391222
leaf_count=16224 1413 1247 2454 13429 2044 9387 1275 3554 409 446 933 1479 537 2807 284
internal_value=0 -0.000266951 -0.000597652 -0.00081519 0.00118314 0.000651089 0.00105657 0.000652479 -0.000313911 -0.000789365 0.000885482 0.00101717 0.0020104 0.00180758 0.00352877
internal_weight=0 10416.1 7657.62 6767.65 2352.51 2758.47 889.974 1433.18 392.666 386.046 2372.42 1040.51 919.332 811.001 108.331
internal_count=57922 45395 33382 29653 12527 12013 3729 6855 1822 1693 10320 5033 5672 4851 821
is_linear=0
shrinkage=0.01


Tree=277
num_leaves=15
num_cat=0
split_feature=1 7 1 3 4 6 3 2 8 4 8 5 6 5
split_gain=39.9381 42.5567 50.5386 30.1103 28.3137 21.398 4.99238 3.58445 3.48297 1.45498 1.91456 1.31704 1.3094 1.04925
threshold=2.5000000000000004 1.0000000180025095e-35 1.5000000000000002 1.0000000180025095e-35 1.0000000180025095e-35 1.0000000180025095e-35 1.0000000180025095e-35 1.0000000180025095e-35 1.0000000180025095e-35 1.0000000180025095e-35 1.0000000180025095e-35 1.0000000180025095e-35 1.0000000180025095e-35 1.0000000180025095e-35
decision_type=2 2 2 2 2 2 2 2 2 2 2 2 2 2
left_child=1 3 12 4 -1 -4 9 -5 11 13 -11 -8 -3 -2
right_child=6 2 5 7 -6 -7 8 -9 -10 10 -12 -13 -14 -15
leaf_value=-0.0010217484176721562 -0.0032543204558800679 0.0023651958054732524 -0.00031552986331110131 0.00045324689573437993 0.001517942260201007 0.0015901069356850186 0.003833561059051385 0.0014748900785903751 -0.0054075055869197176 -0.002031962627016604 0.004425468250402324 -0.00025981910493858202 0.0017887598344211084 -0.00080139010457034329
leaf_weight=4692.0402107685804 425.73267062008381 1176.9156147316098 2726.5806122645736 1362.0693274438381 484.27668514847755 751.68774346262217 18.759841352701187 459.19520901143551 7.5958940535783759 30.699399247765541 5.3989231437444678 13.528558619320391 592.43190424889326 18.183203026652336
leaf_count=21089 2071 5318 11883 5689 2160 3694 77 2495 33 134 23 66 3109 81
internal_value=0 0.000115469 0.000796228 -0.000395046 -0.000784145 9.62969e-05 -0.00271438 0.000710834 0.000685161 -0.00299685 -0.00106618 0.00211847 0.00217219 -0.00315385
internal_weight=0 12245.2 5247.62 6997.58 5176.32 3478.27 519.898 1821.26 39.8843 480.014 36.0983 32.2884 1769.35 443.916
internal_count=57922 55437 24004 31433 23249 15577 2485 8184 176 2309 157 143 8427 2152
is_linear=0
shrinkage=0.01


Tree=278
num_leaves=15
num_cat=0
split_feature=8 1 2 4 3 4 3 1 7 1 0 5 2 1
split_gain=39.3844 37.3494 31.6664 20.0029 12.6401 10.2701 7.62056 6.21724 4.19143 2.2711 1.29473 1.29056 1.21836 0.579959
threshold=1.0000000180025095e-35 2.5000000000000004 1.0000000180025095e-35 1.0000000180025095e-35 1.0000000180025095e-35 1.0000000180025095e-35 1.0000000180025095e-35 1.0000000180025095e-35 1.0000000180025095e-35 2.5000000000000004 1.0000000180025095e-35 1.0000000180025095e-35 1.0000000180025095e-35 2.5000000000000004
decision_type=2 2 2 2 2 2 2 2 2 2 2 2 2 2
left_child=1 2 3 -1 5 7 10 -2 -4 12 -3 -8 -6 -7
right_child=4 6 8 -5 9 13 11 -9 -10 -11 -12 -13 -14 -15
leaf_value=-3.4965809079743891e-05 -0.0032537725680720263 -0.0024258979494167251 0.0011041398858242979 0.0017267815824490299 -0.00011968333932623689 0.0010270486240112416 0.0037945707357716243 -0.0015648741632590293 0.0020544225850156772 -0.0053593126996257078 -0.0035509853173805038 -0.00025719834282552571 0.00093787265438063884 0.0043795802781752434
leaf_weight=7477.2534290850163 261.47047418355942 220.44477264583111 961.74184722453356 705.26379363238811 431.12018233537674 115.68421544134617 18.763061001896858 1310.0577903687954 897.09799412637949 7.5875986367464057 190.82463736832142 13.52973262965679 145.76788865029812 5.4009260386228553
leaf_count=32046 1225 1108 4820 3017 1790 488 77 6101 5577 33 860 66 691 23
internal_value=0 0.000259099 0.00038454 0.000116882 -0.00119184 -0.00162965 -0.00258064 -0.00184587 0.00156276 7.60502e-05 -0.00294793 0.002097 0.00014754 0.00117659
internal_weight=0 10484.9 10041.4 8182.52 2277.09 1692.61 443.562 1571.53 1858.84 584.476 411.269 32.2928 576.888 121.085
internal_count=57922 47571 45460 35063 10351 7837 2111 7326 10397 2514 1968 143 2481 511
is_linear=0
shrinkage=0.01


Tree=279
num_leaves=16
num_cat=0
split_feature=5 3 1 7 7 2 0 2 3 4 1 1 3 1 4
split_gain=39.0033 36.0255 29.9074 36.8122 10.3396 6.6397 3.85611 3.40583 2.95147 2.67404 2.25342 1.43928 1.30167 1.22353 1.1844
threshold=1.0000000180025095e-35 1.0000000180025095e-35 2.5000000000000004 1.0000000180025095e-35 1.0000000180025095e-35 1.0000000180025095e-35 1.0000000180025095e-35 1.0000000180025095e-35 1.0000000180025095e-35 1.0000000180025095e-35 2.5000000000000004 1.5000000000000002 1.0000000180025095e-35 1.5000000000000002 1.0000000180025095e-35
decision_type=2 2 2 2 2 2 2 2 2 2 2 2 2 2 2
left_child=1 2 3 -1 7 6 12 -3 13 -4 -6 -8 -2 -7 -10
right_child=5 4 9 -5 10 8 11 -9 14 -11 -12 -13 -14 -15 -16
leaf_value=-0.00093610791175729926 0.00263841183189609 0.00036587125613425387 -0.0032019945442232013 0.00039415162686809327 0.0023231247758214932 0.0022838310017178226 0.0010554255104528504 0.001572619203879909 0.0012302644609018206 -0.00030798628266798359 0.0070208955024859635 0.00037174519535479916 0.0012655681720365336 0.0036921502683167589 0.0028729756986652887
leaf_weight=4841.6970736533403 146.13123638927937 1034.064596131444 424.76839475333691 3647.3965807855129 407.5340481325984 118.17718306928873 567.97811922430992 302.23573432862759 237.66886583715677 34.522698685526848 10.473184928297995 672.51828679442406 130.95973339676857 129.06041763722897 53.832690812647343
leaf_count=21602 703 4222 2071 15581 1805 880 2643 1450 1707 149 43 3016 649 965 436
internal_value=0 -0.000242139 -0.000499024 -0.000364553 0.00106818 0.00126158 0.000923016 0.000638806 0.00221529 -0.00298447 0.00244083 0.000684778 0.00198957 0.00301899 0.00153363
internal_weight=0 10702.7 8948.38 8489.09 1754.31 2056.33 1517.59 1336.3 538.739 459.291 418.007 1240.5 277.091 247.238 291.502
internal_count=57922 46923 39403 37183 7520 10999 7011 5672 3988 2220 1848 5659 1352 1845 2143
is_linear=0
shrinkage=0.01


Tree=280
num_leaves=16
num_cat=0
split_feature=4 0 5 8 1 3 3 0 3 8 1 2 7 3 2
split_gain=38.3991 37.242 35.2897 28.4957 26.4527 16.0329 6.8999 2.69359 2.87078 2.73678 2.20824 2.12332 1.80542 1.28197 1.25296
threshold=1.0000000180025095e-35 1.0000000180025095e-35 1.0000000180025095e-35 1.0000000180025095e-35 2.5000000000000004 1.0000000180025095e-35 1.0000000180025095e-35 1.0000000180025095e-35 1.0000000180025095e-35 1.0000000180025095e-35 1.0000000180025095e-35 1.0000000180025095e-35 1.0000000180025095e-35 1.0000000180025095e-35 1.0000000180025095e-35
decision_type=2 2 2 2 2 2 2 2 2 2 2 2 2 2 2
left_child=1 2 5 4 -3 -1 -5 9 10 11 -9 -2 -10 -11 -4
right_child=7 3 14 6 -6 -7 -8 8 12 13 -12 -13 -14 -15 -16
leaf_value=-0.0015252877641080734 0.0022751795997461169 0.00059486447675623059 0.0017718261931048704 -0.0015083253435796216 -0.0032516883347337507 0.0013223888646312811 -5.6742625059796341e-05 -0.00098092842985940268 0.0016975607451886572 0.00099893428511186938 0.0012337275176465376 0.0040944334139551 0.0035869923779988473 -0.0033072685655718853 0.0031648662653373932
leaf_weight=3016.5327564626932 219.90481114387512 6375.9015725776553 222.38306829333305 1016.8097455501556 183.94083002209663 211.57886052131653 483.01398101449013 49.223937392234802 137.37958341836929 41.775619491934776 527.5349381044507 90.580905087292194 80.035874411463737 8.2842961996793729 90.98303809016943
leaf_count=13761 961 28436 1055 4634 830 895 2068 223 687 176 2397 647 452 40 660
internal_value=0 -0.00017289 -0.00102763 0.000202687 0.000487005 -0.00133864 -0.00104085 0.00173928 0.00141386 0.00245609 0.00104472 0.00280593 0.00239311 0.000286311 0.00217628
internal_weight=0 11601.1 3541.48 8059.67 6559.84 3228.11 1499.82 1154.72 794.174 360.546 576.759 310.486 217.415 50.0599 313.366
internal_count=57922 52339 16371 35968 29266 14656 6702 5583 3759 1824 2620 1608 1139 216 1715
is_linear=0
shrinkage=0.01


Tree=281
num_leaves=16
num_cat=0
split_feature=2 6 3 8 7 1 7 0 4 7 4 1 4 1 0
split_gain=38.1722 30.0458 25.9485 23.9232 9.63392 9.06404 5.13245 4.87088 8.58298 4.19079 3.4487 2.81833 2.73045 2.23343 0.780846
threshold=1.0000000180025095e-35 1.0000000180025095e-35 1.0000000180025095e-35 1.0000000180025095e-35 1.0000000180025095e-35 1.0000000180025095e-35 1.0000000180025095e-35 1.0000000180025095e-35 1.0000000180025095e-35 1.0000000180025095e-35 1.0000000180025095e-35 2.5000000000000004 1.0000000180025095e-35 1.5000000000000002 1.0000000180025095e-35
decision_type=2 2 2 2 2 2 2 2 2 2 2 2 2 2 2
left_child=1 2 3 -1 7 9 -4 8 -2 -3 -7 -9 13 -6 -14
right_child=4 5 6 -5 12 10 -8 11 -10 -11 -12 -13 14 -15 -16
leaf_value=-0.00053269603994674387 -0.00097728780756562708 -0.0013832104058278678 0.00048391978048071556 -0.0021506596532683865 0.002396817493593763 0.00074974322574616241 0.0020928422153892066 0.0010669767673077651 0.0029694448069903928 0.0010340262843999447 0.0021085225511552649 -0.0029413189835217251 0.0046424694541325941 0.0013240704233006646 0.0028412014610807901
leaf_weight=5670.7037491053343 325.83489635586739 290.39258767664433 591.49276392161846 1089.4316791445017 323.88897625356913 2165.9867984652519 298.23830686509609 1021.2765581309795 66.316034644842148 95.247734546661377 204.42039540410042 17.848279610276222 36.354668974876404 484.24549876153469 71.198812767863274
leaf_count=24439 1413 1247 2454 5214 2044 9387 1275 4957 409 446 933 76 297 2807 524
internal_value=0 -0.00025962 -0.000582148 -0.000793439 0.00115222 0.000635611 0.00102323 0.000639757 -0.000309862 -0.000786187 0.000866922 0.000998129 0.00195322 0.00175401 0.00345006
internal_weight=0 10405.9 7649.87 6760.14 2346.96 2756.05 889.731 1431.28 392.151 385.64 2370.41 1039.12 915.688 808.134 107.553
internal_count=57922 45395 33382 29653 12527 12013 3729 6855 1822 1693 10320 5033 5672 4851 821
is_linear=0
shrinkage=0.01


Tree=282
num_leaves=16
num_cat=0
split_feature=2 6 3 7 8 1 7 5 3 7 7 3 0 1 4
split_gain=37.4332 29.4529 25.4369 23.4893 9.55713 8.88455 5.03375 4.60884 5.89625 4.10801 3.40775 2.52943 2.36303 1.34705 1.09448
threshold=1.0000000180025095e-35 1.0000000180025095e-35 1.0000000180025095e-35 1.0000000180025095e-35 1.0000000180025095e-35 1.0000000180025095e-35 1.0000000180025095e-35 1.0000000180025095e-35 1.0000000180025095e-35 1.0000000180025095e-35 1.0000000180025095e-35 1.0000000180025095e-35 1.0000000180025095e-35 1.5000000000000002 1.0000000180025095e-35
decision_type=2 2 2 2 2 2 2 2 2 2 2 2 2 2 2
left_child=1 2 3 -1 7 9 -4 8 -2 -3 -7 -9 13 -6 -14
right_child=4 5 6 -5 12 10 -8 11 -10 -11 -12 -13 14 -15 -16
leaf_value=-0.0013456017215693439 0.00085068923795045596 -0.0013695492697572388 0.00047906424303517621 -0.00016498369017328013 -0.002723843255865901 0.0005338643246905545 0.0020726106524160915 0.0030516248474292268 0.0025115430482048331 0.0010240423627613619 0.0013014437053503517 0.0016117401109101645 6.7141773458745673e-05 -0.00049563067671950958 0.0020512588568773701
leaf_weight=3553.273216098547 1143.2002026438713 290.35654221475124 591.51263989508152 3205.4140273779631 46.843274742364883 1368.2806038856506 298.13850411772728 229.91783338785172 262.91242346912622 95.214740321040154 1001.9141855984926 259.92835342139006 307.66187679767609 64.474949702620506 30.563809707760811
leaf_count=16224 5466 1247 2454 13429 196 5838 1275 1764 1372 446 4482 1981 1332 269 147
internal_value=0 -0.000257069 -0.000576443 -0.000785675 0.00114141 0.00062932 0.00101309 0.00145224 0.00116123 -0.000778465 0.000858331 0.00228758 -0.000169501 -0.00143327 0.000246437
internal_weight=0 10404.1 7648.34 6758.69 2345.5 2755.77 889.651 1895.96 1406.11 385.571 2370.19 489.846 449.544 111.318 338.226
internal_count=57922 45395 33382 29653 12527 12013 3729 10583 6838 1693 10320 3745 1944 465 1479
is_linear=0
shrinkage=0.01


Tree=283
num_leaves=16
num_cat=0
split_feature=4 0 5 8 1 3 3 0 3 8 1 2 7 3 2
split_gain=37.3011 36.0696 34.1747 27.4015 25.8243 15.4534 6.52169 2.63741 2.7205 2.63952 2.15187 2.00454 1.74594 1.27436 1.21503
threshold=1.0000000180025095e-35 1.0000000180025095e-35 1.0000000180025095e-35 1.0000000180025095e-35 2.5000000000000004 1.0000000180025095e-35 1.0000000180025095e-35 1.0000000180025095e-35 1.0000000180025095e-35 1.0000000180025095e-35 1.0000000180025095e-35 1.0000000180025095e-35 1.0000000180025095e-35 1.0000000180025095e-35 1.0000000180025095e-35
decision_type=2 2 2 2 2 2 2 2 2 2 2 2 2 2 2
left_child=1 2 5 4 -3 -1 -5 9 10 11 -9 -2 -10 -11 -4
right_child=7 3 14 6 -6 -7 -8 8 12 13 -12 -13 -14 -15 -16
leaf_value=-0.0015014825952387994 0.0022548475603859316 0.0005846741907095202 0.0017459607362919761 -0.0014756905529135025 -0.0032180874826838062 0.0012942898924930973 -6.4147623352537334e-05 -0.00096592399347470359 0.0016637659006772717 0.001005650159997911 0.0012207166299427156 0.0040263884771171935 0.0035242708505249663 -0.0032866454819803731 0.003119892146478797
leaf_weight=3013.7657608091831 219.77416361868382 6372.6202803701162 222.12745289504528 1015.5216327309608 183.72730255126953 211.58585400879383 482.99762699007988 49.205760136246681 137.19104866683483 41.762642055749893 527.16573576629162 90.040294758975506 79.765202082693577 8.2899654507637006 90.62672420591116
leaf_count=13761 961 28436 1055 4634 830 895 2068 223 687 176 2397 647 452 40 660
internal_value=0 -0.000170415 -0.00101204 0.000199268 0.00047811 -0.00131808 -0.00102073 0.00171541 0.00139332 0.00242547 0.00103404 0.0027697 0.00234779 0.000294738 0.00214408
internal_weight=0 11593 3538.11 8054.87 6556.35 3225.35 1498.52 1153.19 793.328 359.867 576.371 309.814 216.956 50.0526 312.754
internal_count=57922 52339 16371 35968 29266 14656 6702 5583 3759 1824 2620 1608 1139 216 1715
is_linear=0
shrinkage=0.01


Tree=284
num_leaves=15
num_cat=0
split_feature=1 7 1 3 4 6 3 8 2 6 4 8 5 5
split_gain=36.7127 39.072 48.9496 27.0265 26.2419 20.1457 4.55627 3.33605 3.26575 1.42355 1.29869 1.84624 1.23085 0.98412
threshold=2.5000000000000004 1.0000000180025095e-35 1.5000000000000002 1.0000000180025095e-35 1.0000000180025095e-35 1.0000000180025095e-35 1.0000000180025095e-35 1.0000000180025095e-35 1.0000000180025095e-35 1.0000000180025095e-35 1.0000000180025095e-35 1.0000000180025095e-35 1.0000000180025095e-35 1.0000000180025095e-35
decision_type=2 2 2 2 2 2 2 2 2 2 2 2 2 2
left_child=1 3 9 4 -1 -4 10 12 -5 -3 13 -12 -8 -2
right_child=6 2 5 8 -6 -7 7 -9 -10 -11 11 -13 -14 -15
leaf_value=-0.00097694614655608261 -0.0031267602711645792 0.0023206092447530051 -0.00032509512921051654 0.00042376911377851238 0.0014698932923883393 0.0015260600729814187 0.0036975616790383904 -0.0053302898705887202 0.0014004222521954884 0.0017187075816872211 -0.0020048506388367212 0.0043356964081462963 -0.00025994211554823226 -0.00075066863018985572
leaf_weight=4683.7334036827087 423.34111623466015 1175.0457958206534 2724.2144895792007 1361.8146154731512 483.56621809303761 749.66923765838146 18.769716024398804 7.5823741853237143 457.36138865351677 590.35092288255692 30.673038706183434 5.4009649753570548 13.519616812467573 18.179520696401596
leaf_count=21089 2071 5318 11883 5689 2160 3694 77 33 2495 3109 134 23 66 81
internal_value=0 0.000110627 0.00076344 -0.000378928 -0.000747966 7.43869e-05 -0.00260875 0.000638839 0.000669311 0.00211933 -0.00287987 -0.00105555 0.00204055 -0.00302893
internal_weight=0 12225.8 5239.28 6986.48 5167.3 3473.88 517.466 39.8717 1819.18 1765.4 477.595 36.074 32.2893 441.521
internal_count=57922 55437 24004 31433 23249 15577 2485 176 8184 8427 2309 157 143 2152
is_linear=0
shrinkage=0.01


Tree=285
num_leaves=16
num_cat=0
split_feature=2 6 3 8 7 1 7 0 4 7 4 1 6 1 4
split_gain=36.3255 28.2921 24.4062 22.8115 9.23096 8.67759 4.88735 4.69544 8.16814 3.94176 3.2677 2.70852 2.64681 3.03921 1.35906
threshold=1.0000000180025095e-35 1.0000000180025095e-35 1.0000000180025095e-35 1.0000000180025095e-35 1.0000000180025095e-35 1.0000000180025095e-35 1.0000000180025095e-35 1.0000000180025095e-35 1.0000000180025095e-35 1.0000000180025095e-35 1.0000000180025095e-35 2.5000000000000004 1.0000000180025095e-35 2.5000000000000004 1.0000000180025095e-35
decision_type=2 2 2 2 2 2 2 2 2 2 2 2 2 2 2
left_child=1 2 3 -1 7 9 -4 8 -2 -3 -7 -9 13 -6 -14
right_child=4 5 6 -5 12 10 -8 11 -10 -11 -12 -13 14 -15 -16
leaf_value=-0.0005169256822383459 -0.00095931747986274243 -0.0013549123018690374 0.00046466763860539723 -0.0020984760263167775 0.001677235634923906 0.00072809685131295049 0.0020352110000317206 0.0010431740335810648 0.0028990105779147101 0.00099093925573591241 0.0020518152405389943 -0.0028860251770695738 0.002486782021470508 -0.0025463525764225009 0.004712869172866169
leaf_weight=5667.138096049428 325.71977193653584 290.23998454213142 591.54620929062366 1086.8958547562361 626.02564040571451 2164.7615975439548 297.93501682579517 1020.0294910222292 65.983989477157593 95.098722472786903 204.06773495674133 17.850804328918457 238.44101433455944 17.513784632086754 30.989860281348228
leaf_count=24439 1413 1247 2454 5214 3605 9387 1275 4957 409 446 933 76 1706 77 284
internal_value=0 -0.000253251 -0.000566373 -0.000771437 0.00112517 0.00061574 0.000990727 0.000623517 -0.000309367 -0.000775974 0.000842131 0.000975595 0.00191068 0.00156229 0.00274283
internal_weight=0 10397.7 7643.52 6754.03 2342.55 2754.17 889.481 1429.58 391.704 385.339 2368.83 1037.88 912.97 643.539 269.431
internal_count=57922 45395 33382 29653 12527 12013 3729 6855 1822 1693 10320 5033 5672 3682 1990
is_linear=0
shrinkage=0.01


Tree=286
num_leaves=16
num_cat=0
split_feature=4 0 5 8 1 3 3 0 3 8 1 2 7 3 2
split_gain=35.9185 34.8877 33.127 26.3528 24.8873 14.8958 6.10801 2.57344 2.62467 2.58398 2.11727 1.93616 1.69068 1.2577 1.19563
threshold=1.0000000180025095e-35 1.0000000180025095e-35 1.0000000180025095e-35 1.0000000180025095e-35 2.5000000000000004 1.0000000180025095e-35 1.0000000180025095e-35 1.0000000180025095e-35 1.0000000180025095e-35 1.0000000180025095e-35 1.0000000180025095e-35 1.0000000180025095e-35 1.0000000180025095e-35 1.0000000180025095e-35 1.0000000180025095e-35
decision_type=2 2 2 2 2 2 2 2 2 2 2 2 2 2 2
left_child=1 2 5 4 -3 -1 -5 9 10 11 -9 -2 -10 -11 -4
right_child=7 3 14 6 -6 -7 -8 8 12 13 -12 -13 -14 -15 -16
leaf_value=-0.0014769472912632808 0.0022222871496816693 0.00057442731713759545 0.0017198907048679663 -0.001441338454935912 -0.0031619590519229314 0.0012679689308215281 -7.4953425599490992e-05 -0.00097080955557390795 0.0016316991066611566 0.00098475537860779651 0.001198595767098415 0.0039667245098124852 0.0034648678597954119 -0.0032792848751662489 0.0030845428654349429
leaf_weight=3010.9953120946884 219.6141277551651 6369.8290400728583 221.86493498086929 1014.2733314782381 183.40129597485065 211.59274879097939 482.92224806547165 49.188043415546417 137.0183295160532 41.743054986000061 526.85243687778711 89.577170118689537 79.501767411828041 8.2912407666444761 90.346994794905186
leaf_count=13761 961 28436 1055 4634 830 895 2068 223 687 176 2397 647 452 40 660
internal_value=0 -0.000167242 -0.000995396 0.000196386 0.000469859 -0.00129672 -0.00100061 0.00168439 0.00136616 0.0023865 0.00101335 0.00272768 0.0023048 0.000278156 0.00211479
internal_weight=0 11585.2 3534.8 8050.43 6553.23 3222.59 1497.2 1151.79 792.561 359.226 576.04 309.191 216.52 50.0343 312.212
internal_count=57922 52339 16371 35968 29266 14656 6702 5583 3759 1824 2620 1608 1139 216 1715
is_linear=0
shrinkage=0.01


Tree=287
num_leaves=16
num_cat=0
split_feature=2 6 3 7 7 1 7 0 4 7 4 1 6 1 0
split_gain=35.4461 27.5154 23.6595 22.2301 9.0179 8.49743 4.77031 4.5933 7.86495 3.84355 3.12735 2.6334 2.58576 2.95307 1.3391
threshold=1.0000000180025095e-35 1.0000000180025095e-35 1.0000000180025095e-35 1.0000000180025095e-35 1.0000000180025095e-35 1.0000000180025095e-35 1.0000000180025095e-35 1.0000000180025095e-35 1.0000000180025095e-35 1.0000000180025095e-35 1.0000000180025095e-35 2.5000000000000004 1.0000000180025095e-35 2.5000000000000004 1.0000000180025095e-35
decision_type=2 2 2 2 2 2 2 2 2 2 2 2 2 2 2
left_child=1 2 3 -1 7 9 -4 8 -2 -3 -7 -9 13 -6 -14
right_child=4 5 6 -5 12 10 -8 11 -10 -11 -12 -13 14 -15 -16
leaf_value=-0.0013063278217547284 -0.00094366406875926085 -0.0013422063888450012 0.00045454643173239539 -0.00015717640674658452 0.001658280673894697 0.00071947109859390275 0.0020064337137715902 0.0010312059323979352 0.002847989863956079 0.00097486750131027089 0.0020151288686286041 -0.0028425155876123341 0.0040326049922630404 -0.0025036654607579244 0.0023353271021470472
leaf_weight=3547.3551826924086 325.69319365918636 290.15550997853279 591.56565096974373 3203.7250309437513 625.28458066284657 2164.2990615516901 297.77787548303604 1019.4841631650925 65.750530213117599 95.039061427116394 203.83816877007484 17.856684401631355 59.78239843994379 17.526166722178459 208.97608431428671
leaf_count=16224 1413 1247 2454 13429 3605 9387 1275 4957 409 446 933 76 450 77 1540
internal_value=0 -0.000250158 -0.000559026 -0.000760998 0.00111204 0.000606942 0.000974163 0.000616225 -0.000306783 -0.000770515 0.000830995 0.000964524 0.00188919 0.00154481 0.00271287
internal_weight=0 10393.8 7640.42 6751.08 2340.35 2753.33 889.344 1428.78 391.444 385.195 2368.14 1037.34 911.569 642.811 268.758
internal_count=57922 45395 33382 29653 12527 12013 3729 6855 1822 1693 10320 5033 5672 3682 1990
is_linear=0
shrinkage=0.01


Tree=288
num_leaves=15
num_cat=0
split_feature=1 7 1 3 4 6 3 8 2 6 4 8 5 5
split_gain=35.2622 37.1347 47.6847 25.3161 25.0543 19.1858 4.37595 3.26925 3.14538 1.49682 1.23702 1.82102 1.19659 0.958107
threshold=2.5000000000000004 1.0000000180025095e-35 1.5000000000000002 1.0000000180025095e-35 1.0000000180025095e-35 1.0000000180025095e-35 1.0000000180025095e-35 1.0000000180025095e-35 1.0000000180025095e-35 1.0000000180025095e-35 1.0000000180025095e-35 1.0000000180025095e-35 1.0000000180025095e-35 1.0000000180025095e-35
decision_type=2 2 2 2 2 2 2 2 2 2 2 2 2 2
left_child=1 3 9 4 -1 -4 10 12 -5 -3 13 -12 -8 -2
right_child=6 2 5 8 -6 -7 7 -9 -10 -11 11 -13 -14 -15
leaf_value=-0.0009503149469429422 -0.0030682308519765478 0.0022908519160433302 -0.00032481319953128269 0.00040488371918448023 0.0014417483399902428 0.001483084116164043 0.0036432839600620288 -0.0052885480044532716 0.0013640877951351538 0.0016730922593982435 -0.0019882771523431261 0.0043082379955357939 -0.00025859709201958819 -0.00072400032850343423
leaf_weight=4679.0195510387421 422.28087702393532 1173.9777589738369 2722.8698018267751 1361.6910308152437 483.06777077913284 748.31425792723894 18.776736170053482 7.5771451741456977 456.45986752212048 589.00535140931606 30.666357785463333 5.4023557901382437 13.517833158373831 18.185486391186714
leaf_count=21089 2071 5318 11883 5689 2160 3694 77 33 2495 3109 134 23 66 81
internal_value=0 0.000108409 0.000745154 -0.000369056 -0.000726466 6.49314e-05 -0.00255938 0.000623028 0.000645699 0.00208446 -0.00282565 -0.00104519 0.00201004 -0.00297144
internal_weight=0 12214.4 5234.17 6980.24 5162.09 3471.18 516.407 39.8717 1818.15 1762.98 476.535 36.0687 32.2946 440.466
internal_count=57922 55437 24004 31433 23249 15577 2485 176 8184 8427 2309 157 143 2152
is_linear=0
shrinkage=0.01


Tree=289
num_leaves=16
num_cat=0
split_feature=4 0 5 8 1 3 3 0 8 3 1 1 7 3 2
split_gain=34.6227 33.7611 32.0901 25.4843 23.9914 14.357 5.75796 2.50985 2.54076 2.5327 2.08176 1.89287 1.64115 1.2383 1.17057
threshold=1.0000000180025095e-35 1.0000000180025095e-35 1.0000000180025095e-35 1.0000000180025095e-35 2.5000000000000004 1.0000000180025095e-35 1.0000000180025095e-35 1.0000000180025095e-35 1.0000000180025095e-35 1.0000000180025095e-35 1.0000000180025095e-35 2.5000000000000004 1.0000000180025095e-35 1.0000000180025095e-35 1.0000000180025095e-35
decision_type=2 2 2 2 2 2 2 2 2 2 2 2 2 2 2
left_child=1 2 5 4 -3 -1 -5 8 11 10 -9 -2 -11 -10 -4
right_child=7 3 14 6 -6 -7 -8 9 13 12 -12 -13 -14 -15 -16
leaf_value=-0.0014529882042958336 0.0028202805105297622 0.00056514010868012761 0.0016940414604725356 -0.0014122870439767477 -0.0031065869152741986 0.0012418974794413873 -8.5344388297493282e-05 -0.00097384606017888119 0.00095952194103703298 0.0016003030050103547 0.0011776659695517389 -0.0019387703836778569 0.0034085680889288229 -0.003271340908324284 0.0030461666852842789
leaf_weight=3008.2228768318892 299.98549208790064 6366.8351253569126 221.60427652299404 1013.2344492077827 183.07404065132141 211.59425781667233 482.84718808531761 49.171800553798676 41.724685907363892 136.84884087741375 526.55155193060637 8.597093500196932 79.260326117277145 8.2926802039146406 90.042463332414627
leaf_count=13761 1569 28436 1055 4634 830 895 2068 223 176 687 2397 39 452 40 660
internal_value=0 -0.000164217 -0.000979323 0.000193541 0.000462513 -0.00127589 -0.000984028 0.00165474 0.00234881 0.00134041 0.000993908 0.00268769 0.0022635 0.000258062 0.0020847
internal_weight=0 11577.5 3531.46 8045.99 6549.91 3219.82 1496.08 1150.43 358.6 791.833 575.723 308.583 216.109 50.0174 311.647
internal_count=57922 52339 16371 35968 29266 14656 6702 5583 1824 3759 2620 1608 1139 216 1715
is_linear=0
shrinkage=0.01


Tree=290
num_leaves=16
num_cat=0
split_feature=2 1 7 1 4 8 5 3 3 7 3 0 7 1 4
split_gain=34.4264 26.5367 30.5528 45.9597 20.1875 8.72872 4.13824 5.46944 2.96519 3.15715 2.55463 2.20654 1.46868 1.3455 0.980587
threshold=1.0000000180025095e-35 2.5000000000000004 1.0000000180025095e-35 1.5000000000000002 1.0000000180025095e-35 1.0000000180025095e-35 1.0000000180025095e-35 1.0000000180025095e-35 1.0000000180025095e-35 1.0000000180025095e-35 1.0000000180025095e-35 1.0000000180025095e-35 1.0000000180025095e-35 1.5000000000000002 1.0000000180025095e-35
decision_type=2 2 2 2 2 2 2 2 2 2 2 2 2 2 2
left_child=1 2 4 -4 -1 6 7 -2 12 -10 -8 13 -3 -7 -13
right_child=5 8 3 -5 -6 11 10 -9 9 -11 -12 14 -14 -15 -16
leaf_value=-0.00080953820176918908 0.00082008138266858514 -0.0021657187872670411 0.0019833818967971962 -0.00021772486876416101 0.0013522909272391105 -0.0026686390817720258 0.0029609761893063481 0.0024231881609917062 -0.0025258949950884486 0.0035026300662571591 0.0015080576513785266 7.6293637825813781e-05 -0.0033419462601857065 -0.00044056395765309435 0.0019578399652928806
leaf_weight=5108.7613099962473 1140.8165379315615 193.01590903103352 1399.8005142658949 2943.1788933426142 471.85175101459026 46.795387044548988 228.06165761500597 261.6305076777935 19.122176960110664 15.918945729732512 257.82982107251883 307.53675118088722 235.89438612759113 64.407855421304703 30.440116509795189
leaf_count=22731 5466 972 6055 12372 1979 196 1764 1372 81 67 1981 1332 1138 269 147
internal_value=0 -0.000246548 -0.000137261 0.000491721 -0.000626751 0.00109666 0.00139469 0.00111915 -0.00258412 0.000212823 0.00219001 -0.000156275 -0.00281263 -0.00137816 0.000245756
internal_weight=0 10387.5 9923.59 4342.98 5580.61 2337.52 1888.34 1402.45 463.951 35.0411 485.891 449.18 428.91 111.203 337.977
internal_count=57922 45395 43137 18427 24710 12527 10583 6838 2258 148 3745 1944 2110 465 1479
is_linear=0
shrinkage=0.01


Tree=291
num_leaves=16
num_cat=0
split_feature=2 6 3 8 7 1 7 0 4 7 4 4 1 1 1
split_gain=33.7591 26.3566 22.6728 21.31 8.63997 8.31525 4.54391 4.41681 7.51651 3.60269 2.89785 2.53316 2.53044 2.00563 0.76028
threshold=1.0000000180025095e-35 1.0000000180025095e-35 1.0000000180025095e-35 1.0000000180025095e-35 1.0000000180025095e-35 1.0000000180025095e-35 1.0000000180025095e-35 1.0000000180025095e-35 1.0000000180025095e-35 1.0000000180025095e-35 1.0000000180025095e-35 1.0000000180025095e-35 2.5000000000000004 1.5000000000000002 1.0000000180025095e-35
decision_type=2 2 2 2 2 2 2 2 2 2 2 2 2 2 2
left_child=1 2 3 -1 7 9 -4 8 -2 -3 -7 13 -9 -6 -13
right_child=4 5 6 -5 11 10 -8 12 -10 -11 -12 14 -14 -15 -16
leaf_value=-0.00049852442291521237 -0.00092622970634893787 -0.001321530808049315 0.00044748791135648051 -0.002029287014537156 0.002268798481213476 0.00070937776787039235 0.0019625275609465318 0.0010082105751332247 0.0027872780808828575 0.00092348192813022369 0.0019576139232089043 0.00030378006246748119 -0.0027888746579931511 0.0012484997999396316 0.0035396985896024775
leaf_weight=5661.7553087174892 325.57905268669128 290.01055744290352 591.53957238793373 1083.4581567198038 321.02255510538816 2163.0727615058422 297.53319843113422 1018.2787326723337 65.466420449316502 94.861934989690781 203.48268939554691 7.8400347977876654 17.858569696545601 481.83517248183489 98.256785571575165
leaf_count=24439 1413 1247 2454 5214 2044 9387 1275 4957 409 446 933 64 76 2807 757
internal_value=0 -0.000244126 -0.000546554 -0.000744405 0.00108634 0.000595008 0.000954504 0.000601007 -0.000304537 -0.000768188 0.000816704 0.00184837 0.000942765 0.00165647 0.00330058
internal_weight=0 10385.7 7634.29 6745.21 2336.14 2751.43 889.073 1427.18 391.045 384.872 2366.56 908.955 1036.14 802.858 106.097
internal_count=57922 45395 33382 29653 12527 12013 3729 6855 1822 1693 10320 5672 5033 4851 821
is_linear=0
shrinkage=0.01


Tree=292
num_leaves=15
num_cat=0
split_feature=1 7 1 3 4 6 3 8 2 6 4 8 5 5
split_gain=33.4555 35.2308 45.6578 24.0383 23.6599 18.4621 4.1744 3.18448 2.93169 1.52258 1.18148 1.78483 1.16387 0.934762
threshold=2.5000000000000004 1.0000000180025095e-35 1.5000000000000002 1.0000000180025095e-35 1.0000000180025095e-35 1.0000000180025095e-35 1.0000000180025095e-35 1.0000000180025095e-35 1.0000000180025095e-35 1.0000000180025095e-35 1.0000000180025095e-35 1.0000000180025095e-35 1.0000000180025095e-35 1.0000000180025095e-35
decision_type=2 2 2 2 2 2 2 2 2 2 2 2 2 2
left_child=1 3 9 4 -1 -4 10 12 -5 -3 13 -12 -8 -2
right_child=6 2 5 8 -6 -7 7 -9 -10 -11 11 -13 -14 -15
leaf_value=-0.00092582807301887357 -0.0029961529836156067 0.0022458086385557137 -0.00032189414509721162 0.00039704747521322894 0.0013997241694741461 0.0014525830457895136 0.0035903849626393002 -0.0052277454733200618 0.001323864114706147 0.0016221708950409639 -0.0019512013276349017 0.0042832931900454035 -0.0002580050046974428 -0.00068060352683705922
leaf_weight=4674.6508485972881 420.86495420336723 1172.8923602029681 2721.6702936887741 1361.5249458104372 482.65212620794773 747.32366767525673 18.779732003808022 7.5658572465181342 455.46844630688429 587.62118417024612 30.635874271392822 5.4015564024448386 13.513463780283926 18.187215253710747
leaf_count=21089 2071 5318 11883 5689 2160 3694 77 33 2495 3109 134 23 66 81
internal_value=0 0.000105541 0.000726029 -0.000359717 -0.000708189 6.03806e-05 -0.00249657 0.000611845 0.000629374 0.00203765 -0.00275736 -0.00101673 0.00197998 -0.00290023
internal_weight=0 12203.8 5229.51 6974.3 5157.3 3468.99 514.949 39.8591 1816.99 1760.51 475.09 36.0374 32.2932 439.052
internal_count=57922 55437 24004 31433 23249 15577 2485 176 8184 8427 2309 157 143 2152
is_linear=0
shrinkage=0.01


Tree=293
num_leaves=16
num_cat=0
split_feature=2 8 1 7 6 8 4 3 5 3 3 0 1 1 4
split_gain=32.925 25.6822 25.0872 38.8426 25.9175 8.45377 7.73915 7.17961 4.00359 5.29344 2.5386 2.11113 1.74314 1.32533 0.948264
threshold=1.0000000180025095e-35 1.0000000180025095e-35 1.5000000000000002 1.0000000180025095e-35 1.0000000180025095e-35 1.0000000180025095e-35 1.0000000180025095e-35 1.0000000180025095e-35 1.0000000180025095e-35 1.0000000180025095e-35 1.0000000180025095e-35 1.0000000180025095e-35 1.5000000000000002 1.5000000000000002 1.0000000180025095e-35
decision_type=2 2 2 2 2 2 2 2 2 2 2 2 2 2 2
left_child=1 2 3 -1 -4 8 7 -3 9 -2 -10 13 -8 -7 -13
right_child=5 6 4 -5 -6 11 12 -9 10 -11 -12 14 -14 -15 -16
leaf_value=-0.00035036080636965955 0.00080189748937984241 -0.0018597017912756542 -0.00076548018757613867 0.0019427177429948627 0.00088060924456568885 -0.0026358952736406562 -0.00034992754664348854 -0.00034190801695316032 0.0029208548160394466 0.0023806301857403475 0.0014701286431046362 6.7025431068825793e-05 0.00214099846259429 -0.00042436173588443916 0.0019187346050100443
leaf_weight=1565.0780582726002 1139.7027236968279 1288.4407307356596 4376.5195729881525 1399.0409568697214 1224.0162076503038 46.787461146712303 46.364054262638092 411.09392833709717 227.24914059042931 261.0254484936595 257.07173713296652 307.4232157766819 71.29336878657341 64.391880139708519 30.389471679925919
leaf_count=6783 5466 6215 18885 6055 5265 196 193 1704 1764 1372 1981 1332 295 269 147
internal_value=0 -0.000241086 -1.19864e-05 0.000731954 -0.000405722 0.00107337 -0.00132086 -0.00149257 0.00136708 0.00109609 0.00215083 -0.000159775 0.00115942 -0.00135504 0.000233604
internal_weight=0 10381.8 8564.65 2964.12 5600.54 2334.04 1817.19 1699.53 1885.05 1400.73 484.321 448.992 117.657 111.179 337.813
internal_count=57922 45395 36988 12838 24150 12527 8407 7919 10583 6838 3745 1944 488 465 1479
is_linear=0
shrinkage=0.01


Tree=294
num_leaves=16
num_cat=0
split_feature=4 0 5 8 1 3 3 0 8 3 1 1 7 3 2
split_gain=32.7471 32.3799 30.7166 23.7844 22.7519 13.7276 5.2848 2.45295 2.48027 2.42092 2.06027 1.80613 1.59469 1.21642 1.10822
threshold=1.0000000180025095e-35 1.0000000180025095e-35 1.0000000180025095e-35 1.0000000180025095e-35 2.5000000000000004 1.0000000180025095e-35 1.0000000180025095e-35 1.0000000180025095e-35 1.0000000180025095e-35 1.0000000180025095e-35 1.0000000180025095e-35 2.5000000000000004 1.0000000180025095e-35 1.0000000180025095e-35 1.0000000180025095e-35
decision_type=2 2 2 2 2 2 2 2 2 2 2 2 2 2 2
left_child=1 2 5 4 -3 -1 -5 8 11 10 -9 -2 -11 -10 -4
right_child=7 3 14 6 -6 -7 -8 9 13 12 -12 -13 -14 -15 -16
leaf_value=-0.0014221801091666856 0.0027632192611773986 0.00055053621917771169 0.001663497959498218 -0.0013587142470885413 -0.0030300688827648425 0.0012135257495669827 -8.6913569408226569e-05 -0.00099709638500903295 0.00092780945222038216 0.00154990177222837 0.0011440851842894628 -0.0018886547737371356 0.0033354855172922776 -0.0032650044772564121 0.0029820494495851578
leaf_weight=3004.0395163446665 299.17704790830612 6361.262799590826 221.26527619361877 1011.1845811009407 182.55433949828148 211.52092915773392 482.69968490302563 49.136499837040901 41.717328742146492 136.55930808186531 525.98673769831657 8.5857813730835897 78.92397253215313 8.2953977435827237 89.536768078804016
leaf_count=13761 1569 28436 1055 4634 830 895 2068 223 176 687 2397 39 452 40 660
internal_value=0 -0.000159756 -0.000958643 0.000190737 0.000450647 -0.0012488 -0.000947774 0.00161077 0.0022978 0.00129987 0.00096115 0.00263344 0.0022039 0.000232365 0.00204335
internal_weight=0 11564.1 3526.36 8037.7 6543.82 3215.56 1493.88 1148.38 357.776 790.607 575.123 307.763 215.483 50.0127 310.802
internal_count=57922 52339 16371 35968 29266 14656 6702 5583 1824 3759 2620 1608 1139 216 1715
is_linear=0
shrinkage=0.01


Tree=295
num_leaves=15
num_cat=0
split_feature=1 7 1 3 4 6 3 8 2 6 5 4 8 5
split_gain=32.2575 33.7821 43.808 22.9844 22.6484 17.6861 4.05437 3.13175 2.78129 1.50908 1.1407 1.12581 1.73216 0.908014
threshold=2.5000000000000004 1.0000000180025095e-35 1.5000000000000002 1.0000000180025095e-35 1.0000000180025095e-35 1.0000000180025095e-35 1.0000000180025095e-35 1.0000000180025095e-35 1.0000000180025095e-35 1.0000000180025095e-35 1.0000000180025095e-35 1.0000000180025095e-35 1.0000000180025095e-35 1.0000000180025095e-35
decision_type=2 2 2 2 2 2 2 2 2 2 2 2 2 2
left_child=1 3 9 4 -1 -4 11 10 -5 -3 -8 13 -13 -2
right_child=6 2 5 8 -6 -7 7 -9 -10 -11 -12 12 -14 -15
leaf_value=-0.00090607226033367211 -0.0029458866576321857 0.0022041466241361539 -0.00031475841110266509 0.00038907308731600917 0.0013698934135542176 0.001422876209350031 0.0035600779440652934 -0.0051854359042215019 0.0012923870631511502 0.0015828520111173439 -0.00024987964184559154 -0.0019333582215567827 0.004206980721240058 -0.00066338823740464867
leaf_weight=4671.1864527016878 419.89383982121944 1172.1702128872275 2720.8496061116457 1361.4052840620279 482.37729381769896 746.45427353680134 18.779645636677742 7.5569295287132254 454.69546347856522 586.58713886886835 13.512803271412848 30.623463377356529 5.4049794822931281 18.183731429278851
leaf_count=21089 2071 5318 11883 5689 2160 3694 77 33 2495 3109 66 134 23 81
internal_value=0 0.000103603 0.0007114 -0.00035214 -0.00069304 5.93261e-05 -0.0024539 0.000609657 0.000615235 0.00199693 0.0019658 -0.0027114 -0.00101219 -0.00285114
internal_weight=0 12195.7 5226.06 6969.66 5153.56 3467.3 513.955 39.8494 1816.1 1758.76 32.2924 474.106 36.0284 438.078
internal_count=57922 55437 24004 31433 23249 15577 2485 176 8184 8427 143 2309 157 2152
is_linear=0
shrinkage=0.01


Tree=296
num_leaves=16
num_cat=0
split_feature=2 4 6 0 7 1 0 4 4 1 1 1 8 0 1
split_gain=31.9808 24.6813 24.4749 24.914 8.17154 7.79009 4.22222 7.11067 2.45811 2.40549 1.82614 1.63903 2.15751 0.900308 0.75955
threshold=1.0000000180025095e-35 1.0000000180025095e-35 1.0000000180025095e-35 1.0000000180025095e-35 1.0000000180025095e-35 1.0000000180025095e-35 1.0000000180025095e-35 1.0000000180025095e-35 1.0000000180025095e-35 2.5000000000000004 1.5000000000000002 2.5000000000000004 1.0000000180025095e-35 1.0000000180025095e-35 1.0000000180025095e-35
decision_type=2 2 2 2 2 2 2 2 2 2 2 2 2 2 2
left_child=1 2 3 -1 6 -4 7 -2 10 -8 -6 13 -13 -3 -10
right_child=4 11 5 -5 8 -7 9 -9 14 -11 -12 12 -14 -15 -16
leaf_value=-0.001511218385082898 -0.0009029499764263122 0.0019871713535825879 -0.00090874399586881953 -0.00025574908481608384 0.002198099674977846 0.0006883057936990988 0.00098481334033140972 0.0027165531352760881 0.00023308932612823256 -0.002717283088358024 0.0012227762195666928 -0.0017900699989531052 0.0054401279153786534 0.001265265518007858 0.0034758689254627178
leaf_weight=2407.6816061139107 325.45697776973248 248.41514141857624 355.69335456192493 4601.5208645761013 319.48956640064716 2161.1938683986664 1016.9298132956028 65.139984421432018 7.7998211830854407 17.859503477811813 480.97648898512125 29.009652584791183 4.8117298930883399 567.20454846322536 97.681665390729904
leaf_count=11184 1413 1082 1562 19632 2044 9387 4957 409 64 76 2807 125 20 2403 757
internal_value=0 -0.000237625 -0.000383267 -0.000687006 0.00105853 0.000462606 0.000586537 -0.000299324 0.00180115 0.000920919 0.00161206 0.00139569 -0.000761438 0.00148514 0.00323608
internal_weight=0 10375.5 9526.09 7009.2 2331.33 2516.89 1425.39 390.597 905.948 1034.79 800.466 849.441 33.8214 815.62 105.481
internal_count=57922 45395 41765 30816 12527 10949 6855 1822 5672 5033 4851 3630 145 3485 821
is_linear=0
shrinkage=0.01


Tree=297
num_leaves=15
num_cat=0
split_feature=1 7 1 3 4 6 3 8 2 6 5 4 8 5
split_gain=31.4641 33.0395 42.8173 22.3649 21.838 17.1162 3.96904 3.07616 2.69148 1.51182 1.1212 1.10585 1.66905 0.886444
threshold=2.5000000000000004 1.0000000180025095e-35 1.5000000000000002 1.0000000180025095e-35 1.0000000180025095e-35 1.0000000180025095e-35 1.0000000180025095e-35 1.0000000180025095e-35 1.0000000180025095e-35 1.0000000180025095e-35 1.0000000180025095e-35 1.0000000180025095e-35 1.0000000180025095e-35 1.0000000180025095e-35
decision_type=2 2 2 2 2 2 2 2 2 2 2 2 2 2
left_child=1 3 9 4 -1 -4 11 10 -5 -3 -8 13 -13 -2
right_child=6 2 5 8 -6 -7 7 -9 -10 -11 -12 12 -14 -15
leaf_value=-0.00089405453108419163 -0.0029127198062299325 0.0021824347566643644 -0.00030912046493713834 0.00038350039022301606 0.0013412764263207421 0.0014008613740976361 0.0035299371725529844 -0.0051412422661221971 0.0012724672801355729 0.0015602943472008651 -0.0002471297245613783 -0.0019012315428033934 0.0041233635976075621 -0.00065750244021082485
leaf_weight=4669.3564278185368 419.23433494567871 1171.4922144562006 2720.2197946533561 1361.3246736973524 482.17908860743046 745.86362571269274 18.780824884772301 7.5485645979642859 454.21917032450438 585.9585388302803 13.514511145651339 30.601899415254593 5.4116728603839865 18.185097500681877
leaf_count=21089 2071 5318 11883 5689 2160 3694 77 33 2495 3109 66 134 23 81
internal_value=0 0.000102298 0.000703537 -0.000348478 -0.00068483 5.88491e-05 -0.00242518 0.000606022 0.000605905 0.001975 0.00194936 -0.00268029 -0.00099593 -0.00281896
internal_weight=0 12190.6 5223.53 6967.08 5151.54 3466.08 513.277 39.8439 1815.54 1757.45 32.2953 473.433 36.0136 437.419
internal_count=57922 55437 24004 31433 23249 15577 2485 176 8184 8427 143 2309 157 2152
is_linear=0
shrinkage=0.01


Tree=298
num_leaves=16
num_cat=0
split_feature=2 8 1 7 6 8 1 6 3 5 3 3 0 1 4
split_gain=31.1935 24.3754 23.5237 36.4921 24.1442 8.02049 7.34271 7.47365 4.00982 3.75828 5.00283 2.54779 2.00754 1.31275 0.884097
threshold=1.0000000180025095e-35 1.0000000180025095e-35 1.5000000000000002 1.0000000180025095e-35 1.0000000180025095e-35 1.0000000180025095e-35 1.0000000180025095e-35 1.0000000180025095e-35 1.0000000180025095e-35 1.0000000180025095e-35 1.0000000180025095e-35 1.0000000180025095e-35 1.0000000180025095e-35 1.5000000000000002 1.0000000180025095e-35
decision_type=2 2 2 2 2 2 2 2 2 2 2 2 2 2 2
left_child=1 2 3 -1 -4 9 8 -8 -3 10 -2 -11 13 -7 -14
right_child=5 6 4 -5 -6 12 7 -9 -10 11 -12 -13 14 -15 -16
leaf_value=-0.0003401209671257996 0.00078415978361725429 -0.0033809190916036947 -0.00074030705295467705 0.00188333179206073 0.00084913957047191044 -0.0025962835330506605 -0.0014511566890577075 9.9269979923716472e-05 -0.00085148882214675287 0.0028673046785041905 0.0023211409729093479 0.0014105313100032043 6.7677762413412211e-05 -0.00039468581914022405 0.0018578040827449255
leaf_weight=1564.1314984709024 1138.3265916630626 226.38795843720436 4372.6610987335443 1397.7959177792072 1223.0000004023314 46.763867408037186 1061.4738191217184 439.69376042485237 86.664906233549118 226.16471898555756 260.18145123869181 255.8882479891181 307.30587133765221 64.355378642678261 30.309907972812653
leaf_count=6783 5466 1093 18885 6055 5265 196 5019 1934 361 1764 1372 1981 1332 269 147
internal_value=0 -0.000234675 -1.14629e-05 0.000709173 -0.000392914 0.00104592 -0.00128756 -0.000997035 -0.00268068 0.00133256 0.0010701 0.00209401 -0.000155336 -0.00132121 0.000228389
internal_weight=0 10371.8 8557.59 2961.93 5595.66 2329.3 1814.22 1501.17 313.053 1880.56 1398.51 482.053 448.735 111.119 337.616
internal_count=57922 45395 36988 12838 24150 12527 8407 6953 1454 10583 6838 3745 1944 465 1479
is_linear=0
shrinkage=0.01


Tree=299
num_leaves=15
num_cat=0
split_feature=1 7 1 3 4 6 3 8 2 6 5 4 8 5
split_gain=30.7474 31.8773 41.1482 21.7104 21.3537 16.4962 3.8829 3.00906 2.55041 1.47942 1.10234 1.08495 1.63776 0.863378
threshold=2.5000000000000004 1.0000000180025095e-35 1.5000000000000002 1.0000000180025095e-35 1.0000000180025095e-35 1.0000000180025095e-35 1.0000000180025095e-35 1.0000000180025095e-35 1.0000000180025095e-35 1.0000000180025095e-35 1.0000000180025095e-35 1.0000000180025095e-35 1.0000000180025095e-35 1.0000000180025095e-35
decision_type=2 2 2 2 2 2 2 2 2 2 2 2 2 2
left_child=1 3 9 4 -1 -4 11 10 -5 -3 -8 13 -13 -2
right_child=6 2 5 8 -6 -7 7 -9 -10 -11 -12 12 -14 -15
leaf_value=-0.00088020565271624217 -0.0028817582004585212 0.0021439830020808267 -0.00030135933493643136 0.00038230006893288411 0.00133061187302944 0.0013779383426124859 0.0034946329169927653 -0.005089202506872126 0.001248079217167691 0.0015282209165174512 -0.00025072637632243729 -0.0018801062648330334 0.0040879709650987663 -0.00065580835078980619
leaf_weight=4667.1040689051151 418.61290098726749 1170.9799257144332 2719.8282399252057 1361.2621120214462 482.00531077384949 745.24656840413809 18.780857399106026 7.5384676754474631 453.63506680727005 585.16341222822666 13.511951416730879 30.586942911148071 5.4116521030664435 18.181713424623013
leaf_count=21089 2071 5318 11883 5689 2160 3694 77 33 2495 3109 66 134 23 81
internal_value=0 0.000101107 0.000691808 -0.000341767 -0.000673252 5.98135e-05 -0.00239897 0.000599519 0.000598702 0.00193881 0.0019275 -0.00265158 -0.000982928 -0.0027891
internal_weight=0 12185.2 5221.22 6964.01 5149.11 3465.07 512.624 39.8313 1814.9 1756.14 32.2928 472.793 35.9986 436.795
internal_count=57922 55437 24004 31433 23249 15577 2485 176 8184 8427 143 2309 157 2152
is_linear=0
shrinkage=0.01


Tree=300
num_leaves=16
num_cat=0
split_feature=2 8 1 7 6 8 1 6 3 5 3 3 0 1 4
split_gain=30.427 23.6938 22.6198 35.0365 23.3329 7.82425 7.22209 7.29763 3.90997 3.65094 4.83921 2.53015 1.95591 1.29007 0.85359
threshold=1.0000000180025095e-35 1.0000000180025095e-35 1.5000000000000002 1.0000000180025095e-35 1.0000000180025095e-35 1.0000000180025095e-35 1.0000000180025095e-35 1.0000000180025095e-35 1.0000000180025095e-35 1.0000000180025095e-35 1.0000000180025095e-35 1.0000000180025095e-35 1.0000000180025095e-35 1.5000000000000002 1.0000000180025095e-35
decision_type=2 2 2 2 2 2 2 2 2 2 2 2 2 2 2
left_child=1 2 3 -1 -4 9 8 -8 -3 10 -2 -11 13 -7 -14
right_child=5 6 4 -5 -6 12 7 -9 -10 11 -12 -13 14 -15 -16
leaf_value=-0.00033315368998084778 0.00077706041463636636 -0.0033452469657354344 -0.00072738355557889502 0.0018458413556862847 0.00083538075068456555 -0.0025678343184486314 -0.0014311537878035343 0.0001011710293146166 -0.00084686104290436829 0.0028399001171446874 0.0022897808463420337 0.0013866282609117501 6.7962153886806737e-05 -0.00038525438348716441 0.0018279554335824148
leaf_weight=1563.8213047385216 1137.8631579875946 226.01111170649529 4371.2712356895208 1397.2271467447281 1222.6070432513952 46.762715727090836 1060.5735553503036 439.63354258239269 86.658344551920891 225.61982247978449 259.74877312034369 255.42084345966578 307.26252415776253 64.346518829464912 30.271606877446175
leaf_count=6783 5466 1093 18885 6055 5265 196 5019 1934 361 1764 1372 1981 1332 269 147
internal_value=0 -0.000231775 -1.17104e-05 0.000695047 -0.000385823 0.00103348 -0.00127026 -0.000982108 -0.0026528 0.00131683 0.0010582 0.00206825 -0.00015302 -0.00130384 0.000225806
internal_weight=0 10367.8 8554.93 2961.05 5593.88 2327.3 1812.88 1500.21 312.669 1878.65 1397.61 481.041 448.643 111.109 337.534
internal_count=57922 45395 36988 12838 24150 12527 8407 6953 1454 10583 6838 3745 1944 465 1479
is_linear=0
shrinkage=0.01


Tree=301
num_leaves=16
num_cat=0
split_feature=4 0 5 8 1 3 3 0 8 3 1 2 7 1 2
split_gain=30.2848 30.2858 28.9875 21.9069 21.2066 12.9112 4.69889 2.36195 2.39678 2.35693 2.0533 1.74538 1.5248 1.2171 1.04541
threshold=1.0000000180025095e-35 1.0000000180025095e-35 1.0000000180025095e-35 1.0000000180025095e-35 2.5000000000000004 1.0000000180025095e-35 1.0000000180025095e-35 1.0000000180025095e-35 1.0000000180025095e-35 1.0000000180025095e-35 1.0000000180025095e-35 1.0000000180025095e-35 1.0000000180025095e-35 1.0000000180025095e-35 1.0000000180025095e-35
decision_type=2 2 2 2 2 2 2 2 2 2 2 2 2 2 2
left_child=1 2 5 4 -3 -1 -5 8 11 10 -9 -2 -11 -10 -4
right_child=7 3 14 6 -6 -7 -8 9 13 12 -12 -13 -14 -15 -16
leaf_value=-0.0013776031163820601 0.0020790365709254604 0.00053133398053097265 0.0016253017145210669 -0.0012963591788916695 -0.0029319224497397329 0.0011794384199298462 -9.6481961598476274e-05 -0.0010448321214179147 0.0039557569557649901 0.0014995994839154482 0.0010941128254714609 0.0037474978848856173 0.003249231943474807 -0.00045149476123573041 0.0029092505644342749
leaf_weight=2997.9627793133259 218.84919175505638 6353.7112158238888 220.82320372760296 1008.9251564592123 181.8691653162241 211.38846719264984 482.44500520825386 49.073155418038368 7.3449182510375968 136.23182727396488 525.24662055075169 87.873921059072018 78.519222244620323 42.655799224972725 88.962559245526791
leaf_count=13761 961 28436 1055 4634 830 895 2068 223 31 687 2397 647 452 185 660
internal_value=0 -0.000153708 -0.000927206 0.000185405 0.00043496 -0.00120918 -0.00090821 0.00155082 0.00222609 0.00124555 0.000911349 0.00255704 0.00213932 0.000195914 0.00199402
internal_weight=0 11546.1 3519.14 8026.95 6535.58 3209.35 1491.37 1145.79 356.724 789.071 574.32 306.723 214.751 50.0007 309.786
internal_count=57922 52339 16371 35968 29266 14656 6702 5583 1824 3759 2620 1608 1139 216 1715
is_linear=0
shrinkage=0.01


Tree=302
num_leaves=16
num_cat=0
split_feature=4 0 5 8 1 6 3 0 8 3 1 2 7 1 2
split_gain=29.6962 29.6948 28.4268 21.4745 20.7967 12.8058 4.60855 2.32009 2.35365 2.31506 2.01274 1.72478 1.49976 1.19327 1.03031
threshold=1.0000000180025095e-35 1.0000000180025095e-35 1.0000000180025095e-35 1.0000000180025095e-35 2.5000000000000004 1.0000000180025095e-35 1.0000000180025095e-35 1.0000000180025095e-35 1.0000000180025095e-35 1.0000000180025095e-35 1.0000000180025095e-35 1.0000000180025095e-35 1.0000000180025095e-35 1.0000000180025095e-35 1.0000000180025095e-35
decision_type=2 2 2 2 2 2 2 2 2 2 2 2 2 2 2
left_child=1 2 5 4 -3 -1 -5 8 11 10 -9 -2 -11 -10 -4
right_child=7 3 14 6 -6 -7 -8 9 13 12 -12 -13 -14 -15 -16
leaf_value=-0.0014722875820539403 0.0020589950137562354 0.00052604059653118705 0.0016100668015266461 -0.0012838780303800668 -0.0029048946684676518 0.00025508579389951823 -9.5517503445451195e-05 -0.0010342357166386431 0.0039175909344325828 0.0014853753651777363 0.001083352118165286 0.0037191088710550419 0.0032215666919747201 -0.00044695548459868764 0.0028856922203514741
leaf_weight=2697.8894247114658 218.76998803019524 6353.4735091850162 220.68425668776035 1008.5481443703175 181.72642058134079 510.35993921756744 482.44393992424011 49.080145746469498 7.3423224091529837 136.1613827496767 525.15954231470823 87.660320021212101 78.40216139703989 42.658113390207291 88.792799346148968
leaf_count=12453 961 28436 1055 4634 830 2203 2068 223 31 687 2397 647 452 185 660
internal_value=0 -0.0001522 -0.000918303 0.000183568 0.000430635 -0.0011975 -0.000899357 0.00153607 0.00220565 0.00123352 0.000902362 0.0025339 0.00211978 0.000193957 0.00197606
internal_weight=0 11543.9 3517.73 8026.19 6535.2 3208.25 1490.99 1145.23 356.431 788.803 574.24 306.43 214.564 50.0004 309.477
internal_count=57922 52339 16371 35968 29266 14656 6702 5583 1824 3759 2620 1608 1139 216 1715
is_linear=0
shrinkage=0.01


Tree=303
num_leaves=16
num_cat=0
split_feature=2 4 8 1 7 3 0 4 4 1 6 1 8 0 1
split_gain=29.547 22.7856 22.1159 22.048 7.63411 6.19979 4.00187 6.55329 2.32788 2.26719 1.67504 1.54949 2.08411 0.851452 0.75755
threshold=1.0000000180025095e-35 1.0000000180025095e-35 1.0000000180025095e-35 1.5000000000000002 1.0000000180025095e-35 1.0000000180025095e-35 1.0000000180025095e-35 1.0000000180025095e-35 1.0000000180025095e-35 2.5000000000000004 1.0000000180025095e-35 2.5000000000000004 1.0000000180025095e-35 1.0000000180025095e-35 1.0000000180025095e-35
decision_type=2 2 2 2 2 2 2 2 2 2 2 2 2 2 2
left_child=1 2 3 -1 6 -4 7 -2 10 -8 -6 13 -13 -3 -10
right_child=4 11 5 -5 8 -7 9 -9 14 -11 -12 12 -14 -15 -16
leaf_value=0.00058566683052155267 -0.00087849929747941527 0.0019174041234336326 -0.0017473780472523192 -0.00053044476254162916 0.0012591193169977496 -0.00033600137289902611 0.00095075843350623883 0.0026078854847105654 0.00013143052741714303 -0.0026437014053932789 0.0022652864339553751 -0.0017690974678408705 0.005331228389027368 0.0012149030856153577 0.0033821780356418645
leaf_weight=2706.8463098108768 325.20725317299366 248.05334864556789 1281.9744007438421 5113.452790543437 563.02465803921223 411.02530837059021 1015.0011987090111 64.629619084298611 7.7418579906225196 17.856391564011574 234.31552309542894 28.979442417621613 4.821779951453208 566.67513991892338 96.844334572553635
leaf_count=11720 1413 1082 6215 22126 3145 1704 4957 409 64 76 1706 125 20 2403 757
internal_value=0 -0.000228413 -0.000368462 -0.000144124 0.00101906 -0.00140472 0.000562782 -0.000300504 0.0017388 0.000888616 0.0015548 0.00134175 -0.000756229 0.00142879 0.00314155
internal_weight=0 10361.8 9513.3 7820.3 2324.62 1693 1422.69 389.837 901.926 1032.86 797.34 848.53 33.8012 814.728 104.586
internal_count=57922 45395 41765 33846 12527 7919 6855 1822 5672 5033 4851 3630 145 3485 821
is_linear=0
shrinkage=0.01


Tree=304
num_leaves=15
num_cat=0
split_feature=1 7 1 3 4 6 3 8 2 6 6 4 8 5
split_gain=29.1262 30.147 39.0188 20.3943 19.8892 15.6161 3.75768 2.96688 2.3577 1.50042 1.10119 0.994967 1.58708 0.836071
threshold=2.5000000000000004 1.0000000180025095e-35 1.5000000000000002 1.0000000180025095e-35 1.0000000180025095e-35 1.0000000180025095e-35 1.0000000180025095e-35 1.0000000180025095e-35 1.0000000180025095e-35 1.0000000180025095e-35 1.0000000180025095e-35 1.0000000180025095e-35 1.0000000180025095e-35 1.0000000180025095e-35
decision_type=2 2 2 2 2 2 2 2 2 2 2 2 2 2
left_child=1 3 9 4 -1 -4 11 10 -5 -3 -8 13 -13 -2
right_child=6 2 5 8 -6 -7 7 -9 -10 -11 -12 12 -14 -15
leaf_value=-0.00085387176500009471 -0.0028108386315815353 0.0020950958954462466 -0.00029379318258634761 0.00037138304608835978 0.0012809742400169402 0.0013412666450908425 3.1264452572351397e-06 -0.0050417247433741539 0.0012045912966966118 0.0014743497453321736 0.0036998795256191338 -0.0018732723075942405 0.0039995641787850351 -0.00062002607275336613
leaf_weight=4661.9008536338806 417.24622988700867 1169.8487291485071 2718.1342257112265 1360.9555004835129 481.46919622272253 744.00954312831163 15.46077950298786 7.5274843871593466 452.53485146164894 583.66660376638174 16.8288314640522 30.568678051233292 5.4169477969408026 18.178296983242035
leaf_count=21089 2071 5318 11883 5689 2160 3694 66 33 2495 3109 77 134 23 81
internal_value=0 9.8374e-05 0.000673131 -0.000332529 -0.00065403 5.75787e-05 -0.00233814 0.000611835 0.0005793 0.00188848 0.00192982 -0.0025873 -0.000989229 -0.00271938
internal_weight=0 12172.5 5215.66 6956.86 5143.37 3462.14 511.227 39.8171 1813.49 1753.52 32.2896 471.41 35.9856 435.425
internal_count=57922 55437 24004 31433 23249 15577 2485 176 8184 8427 143 2309 157 2152
is_linear=0
shrinkage=0.01


Tree=305
num_leaves=16
num_cat=0
split_feature=2 1 7 1 4 7 0 4 3 7 4 1 6 7 1
split_gain=28.8212 22.1433 24.8219 37.8542 16.6245 7.40215 3.90147 6.36442 2.50143 2.96266 2.29396 2.19972 1.62381 1.44078 0.751276
threshold=1.0000000180025095e-35 2.5000000000000004 1.0000000180025095e-35 1.5000000000000002 1.0000000180025095e-35 1.0000000180025095e-35 1.0000000180025095e-35 1.0000000180025095e-35 1.0000000180025095e-35 1.0000000180025095e-35 1.0000000180025095e-35 2.5000000000000004 1.0000000180025095e-35 1.0000000180025095e-35 1.0000000180025095e-35
decision_type=2 2 2 2 2 2 2 2 2 2 2 2 2 2 2
left_child=1 2 4 -4 -1 6 7 -2 13 -10 12 -8 -7 -3 -12
right_child=5 8 3 -5 -6 10 11 -9 9 -11 14 -13 -14 -15 -16
leaf_value=-0.00073426120116787679 -0.00086382757836416522 -0.0019398013182116024 0.0017971730921309628 -0.00020274118704436114 0.0012286934492711666 0.0012425668633906954 0.00094076737152582639 0.0025750728464884556 -0.0024605125791411619 0.0033834534281904339 0.00011122021347587707 -0.0025995656836974635 0.0022341987849375795 -0.0031113594481535366 0.0033509512229305729
leaf_weight=5093.0669674128294 325.23476584255695 190.7827800065279 1396.0285197049379 2938.7815141230822 471.37994335591793 562.49749735742807 1014.5027842372656 64.487857967615128 19.071914151310921 15.913020610809324 7.730824686586856 17.859066098928452 233.75843156129122 233.37806086242199 96.573294460773468
leaf_count=22731 1413 972 6055 12372 1979 3145 4957 409 81 67 64 76 1706 1138 757
internal_value=0 -0.000225581 -0.000126006 0.000441333 -0.000567974 0.00100694 0.000557702 -0.000294789 -0.00237243 0.000197636 0.00171635 0.000879522 0.00153368 -0.00258441 0.00311083
internal_weight=0 10358.4 9899.26 4334.81 5564.45 2322.64 1422.08 389.723 459.146 34.9849 900.56 1032.36 796.256 424.161 104.304
internal_count=57922 45395 43137 18427 24710 12527 6855 1822 2258 148 5672 5033 4851 2110 821
is_linear=0
shrinkage=0.01


Tree=306
num_leaves=16
num_cat=0
split_feature=2 4 0 6 8 8 1 7 0 0 1 8 1 0 4
split_gain=28.2617 21.8042 21.7218 17.1301 16.8307 7.29462 3.43809 3.04271 2.94154 1.83813 1.45278 2.01785 1.28384 0.830648 0.792888
threshold=1.0000000180025095e-35 1.0000000180025095e-35 1.0000000180025095e-35 1.0000000180025095e-35 1.0000000180025095e-35 1.0000000180025095e-35 2.5000000000000004 1.0000000180025095e-35 1.0000000180025095e-35 1.0000000180025095e-35 2.5000000000000004 1.0000000180025095e-35 1.5000000000000002 1.0000000180025095e-35 1.0000000180025095e-35
decision_type=2 2 2 2 2 2 2 2 2 2 2 2 2 2 2
left_child=1 2 3 -1 -4 6 7 -2 -8 12 13 -12 -7 -3 -11
right_child=5 10 4 -5 -6 9 8 -9 -10 14 11 -13 -14 -15 -16
leaf_value=-0.0014394352046898425 0.00094470541208185963 0.0018800022494447385 0.00019965512182160947 0.00049370492602831672 -0.0011185729495605844 -0.0025257345323245048 0.001028264503945201 0.0017605782064890533 -0.0042909747848147899 6.7072147117771237e-05 -0.0017179707209956465 0.0052656568419958902 -0.00034767724536836659 0.0011859503522217135 0.0017654953384927852
leaf_weight=2399.8421609550714 952.3818933814764 247.89543496072292 5359.9117778092623 566.61533053219318 1182.1681820899248 46.727923184633255 21.277021862566471 878.98158223181963 20.329440772533417 307.15606752038002 28.939743459224701 4.8275621682405463 64.305869311094284 566.50038851797581 30.187955692410469
leaf_count=11184 4820 1082 22700 2511 5370 196 95 5577 91 1332 125 20 269 2403 147
internal_value=0 -0.000223362 -0.000360401 -0.00107019 -3.85516e-05 0.000997438 0.00127171 0.00133629 -0.00157078 -0.000148272 0.00131294 -0.000719552 -0.0012643 0.00139721 0.000219059
internal_weight=0 10356.7 9508.54 2966.46 6542.08 2321.35 1872.97 1831.36 41.6065 448.378 848.163 33.7673 111.034 814.396 337.344
internal_count=57922 45395 41765 13695 28070 12527 10583 10397 186 1944 3630 145 465 3485 1479
is_linear=0
shrinkage=0.01


Tree=307
num_leaves=15
num_cat=0
split_feature=1 7 1 3 4 6 3 8 2 6 5 4 8 5
split_gain=27.8904 28.7808 37.4864 19.8638 18.8678 15.1647 3.6319 2.88878 2.20069 1.49215 1.08941 0.980937 1.5208 0.820646
threshold=2.5000000000000004 1.0000000180025095e-35 1.5000000000000002 1.0000000180025095e-35 1.0000000180025095e-35 1.0000000180025095e-35 1.0000000180025095e-35 1.0000000180025095e-35 1.0000000180025095e-35 1.0000000180025095e-35 1.0000000180025095e-35 1.0000000180025095e-35 1.0000000180025095e-35 1.0000000180025095e-35
decision_type=2 2 2 2 2 2 2 2 2 2 2 2 2 2
left_child=1 3 9 4 -1 -4 11 10 -5 -3 -8 13 -13 -2
right_child=6 2 5 8 -6 -7 7 -9 -10 -11 -12 12 -14 -15
leaf_value=-0.00083703219565433239 -0.00275822298198332 0.0020560439958446021 -0.00029160967284693157 0.00037436191665025649 0.0012428282304628958 0.0013203184300071003 0.0034683499487526527 -0.0049744435482696739 0.0011797673416780474 0.0014365799329547028 -0.00025608321975330469 -0.0018151880863431905 0.0039323538881235508 -0.00058807989577969557
leaf_weight=4659.0054553002119 416.1889373511076 1169.0116373300552 2717.142995223403 1360.7720202207565 481.21898174285889 743.2946849167347 18.775330066680908 7.512810990214347 451.92813495546579 582.65748754888773 13.501090832054613 30.535609692335129 5.4210064262151709 18.186712600290775
leaf_count=21089 2071 5318 11883 5689 2160 3694 77 33 2495 3109 66 134 23 81
internal_value=0 9.62217e-05 0.000658009 -0.00032491 -0.000642319 5.46291e-05 -0.00229055 0.000610466 0.000575159 0.00184999 0.00191044 -0.00253597 -0.000948659 -0.00266736
internal_weight=0 12165 5212.11 6952.92 5140.22 3460.44 510.121 39.7892 1812.7 1751.67 32.2764 470.332 35.9566 434.376
internal_count=57922 55437 24004 31433 23249 15577 2485 176 8184 8427 143 2309 157 2152
is_linear=0
shrinkage=0.01


Tree=308
num_leaves=16
num_cat=0
split_feature=2 6 3 8 1 8 7 5 3 8 3 4 0 1 4
split_gain=27.5691 21.2922 19.948 17.5658 7.6489 7.11551 4.0042 3.32686 4.55682 2.95944 2.54327 2.26307 1.79098 1.26156 0.765561
threshold=1.0000000180025095e-35 1.0000000180025095e-35 1.0000000180025095e-35 1.0000000180025095e-35 1.0000000180025095e-35 1.0000000180025095e-35 1.0000000180025095e-35 1.0000000180025095e-35 1.0000000180025095e-35 1.0000000180025095e-35 1.0000000180025095e-35 1.0000000180025095e-35 1.0000000180025095e-35 1.5000000000000002 1.0000000180025095e-35
decision_type=2 2 2 2 2 2 2 2 2 2 2 2 2 2 2
left_child=1 2 3 -1 9 7 -4 8 -2 -3 -9 -6 13 -7 -14
right_child=5 4 6 -5 11 12 -8 10 -10 -11 -12 -13 14 -15 -16
leaf_value=-0.00045604407024893185 0.00073700239580710828 -0.00023053033141589213 0.00043987903317367107 -0.00185109454866041 0.00065276724806593981 -0.0024980957536666327 0.0018633101443307975 0.0027537723509374534 0.0022079911945542671 -0.0021920595613823071 0.0012912317089037509 0.0017591235870550058 6.7356309582513661e-05 -0.00033893970361829017 0.0017371838957761163
leaf_weight=5647.2477212399244 1135.2017633542418 277.08584405481815 591.31979747116566 1074.287857145071 2157.5734792649746 46.726449713110924 296.82874019443989 223.89865459501743 258.55807444453239 106.47219204902649 253.53539449721575 202.21616530418396 307.11457803845406 64.297203451395035 30.151501625776291
leaf_count=24439 5466 1214 2454 5214 9387 196 1275 1764 1372 479 1981 933 1332 269 147
internal_value=0 -0.000220608 -0.000492899 -0.000679012 0.000534692 0.000985575 0.000915605 0.00125667 0.00100989 -0.000775033 0.00197711 0.000747574 -0.000146011 -0.00124766 0.000216638
internal_weight=0 10353 7609.68 6721.54 2743.35 2319.48 888.149 1871.19 1393.76 383.558 477.434 2359.79 448.29 111.024 337.266
internal_count=57922 45395 33382 29653 12013 12527 3729 10583 6838 1693 3745 10320 1944 465 1479
is_linear=0
shrinkage=0.01


Tree=309
num_leaves=15
num_cat=0
split_feature=1 7 1 3 4 6 3 8 2 6 6 4 8 5
split_gain=27.2989 28.0381 36.683 19.1432 18.4242 14.6877 3.53467 2.82811 2.11912 1.49146 1.09195 0.961622 1.49444 0.799985
threshold=2.5000000000000004 1.0000000180025095e-35 1.5000000000000002 1.0000000180025095e-35 1.0000000180025095e-35 1.0000000180025095e-35 1.0000000180025095e-35 1.0000000180025095e-35 1.0000000180025095e-35 1.0000000180025095e-35 1.0000000180025095e-35 1.0000000180025095e-35 1.0000000180025095e-35 1.0000000180025095e-35
decision_type=2 2 2 2 2 2 2 2 2 2 2 2 2 2
left_child=1 3 9 4 -1 -4 11 10 -5 -3 -8 13 -13 -2
right_child=6 2 5 8 -6 -7 7 -9 -10 -11 -12 12 -14 -15
leaf_value=-0.00082470824512231172 -0.0027299250579915762 0.0020353613952658342 -0.00028780565961992972 0.0003661947198677517 0.0012309377161506905 0.0012990822708933301 -3.7085509600886678e-05 -0.0049345723895122193 0.0011568962867991336 0.0014157943488191536 0.003644822537657545 -0.001797324695413002 0.0039005432876521198 -0.00058703050866264228
leaf_weight=4656.9412637650967 415.61970859766006 1168.4941163286567 2716.7606296464801 1360.7279400229454 481.04382956027985 742.71208480000496 15.466698557138441 7.5053180605173102 451.38221448659897 582.09513908624649 16.808454215526581 30.522772639989853 5.4206187427043906 18.183461576700211
leaf_count=21089 2071 5318 11883 5689 2160 3694 66 33 2495 3109 77 134 23 81
internal_value=0 9.51789e-05 0.000649777 -0.00032057 -0.000632248 5.28823e-05 -0.00226749 0.000594631 0.000563152 0.00182935 0.0018804 -0.00250987 -0.00093803 -0.0026401
internal_weight=0 12160.2 5210.06 6950.1 5137.99 3459.47 509.527 39.7805 1812.11 1750.59 32.2752 469.747 35.9434 433.803
internal_count=57922 55437 24004 31433 23249 15577 2485 176 8184 8427 143 2309 157 2152
is_linear=0
shrinkage=0.01


Tree=310
num_leaves=16
num_cat=0
split_feature=2 4 0 5 8 8 1 7 0 0 1 8 1 0 4
split_gain=26.8932 20.819 20.9569 16.4375 15.9927 6.94065 3.25363 2.88746 2.88746 1.74509 1.37834 1.93907 1.23966 0.812933 0.73909
threshold=1.0000000180025095e-35 1.0000000180025095e-35 1.0000000180025095e-35 1.0000000180025095e-35 1.0000000180025095e-35 1.0000000180025095e-35 2.5000000000000004 1.0000000180025095e-35 1.0000000180025095e-35 1.0000000180025095e-35 2.5000000000000004 1.0000000180025095e-35 1.5000000000000002 1.0000000180025095e-35 1.0000000180025095e-35
decision_type=2 2 2 2 2 2 2 2 2 2 2 2 2 2 2
left_child=1 2 3 -1 -4 6 7 -2 -8 12 13 -12 -7 -3 -11
right_child=5 10 4 -5 -6 9 8 -9 -10 14 11 -13 -14 -15 -16
leaf_value=-0.0012605509806396817 0.00092323067160301575 0.0018436313052261363 0.00019647971829205038 0.0015785255081406915 -0.0010891843724820903 -0.0024707755079416993 0.0010530175979705295 0.0017188216671881926 -0.0042162185805917612 6.7649486778211898e-05 -0.0016775667029091648 0.0051636760279515845 -0.00033035531124328511 0.0011567914817934555 0.0017092553309907138
leaf_weight=2742.902019187808 951.24087505042553 247.70795701444149 5357.8015494048595 220.31002323329449 1180.76307913661 46.724839597940445 21.273518621921539 876.53499535471201 20.34591269493103 307.07375000417233 28.902025267481804 4.8363771736621848 64.288606613874435 566.23981100320816 30.115516558289528
leaf_count=12640 4820 1082 22700 1055 5370 196 95 5577 91 1332 125 20 269 2403 147
internal_value=0 -0.000217884 -0.000351847 -0.00104947 -3.56912e-05 0.000973855 0.00124181 0.00130477 -0.00152288 -0.000143766 0.00128372 -0.000696879 -0.00123124 0.00136582 0.000214267
internal_weight=0 10349.5 9501.78 2963.21 6538.56 2317.6 1869.4 1827.78 41.6194 448.203 847.686 33.7384 111.013 813.948 337.189
internal_count=57922 45395 41765 13695 28070 12527 10583 10397 186 1944 3630 145 465 3485 1479
is_linear=0
shrinkage=0.01


Tree=311
num_leaves=15
num_cat=0
split_feature=1 7 1 3 4 6 3 8 2 6 5 4 8 5
split_gain=26.6233 27.2674 35.898 18.6821 17.7777 14.3369 3.4638 2.77593 2.04112 1.4709 1.07606 0.950007 1.4322 0.779958
threshold=2.5000000000000004 1.0000000180025095e-35 1.5000000000000002 1.0000000180025095e-35 1.0000000180025095e-35 1.0000000180025095e-35 1.0000000180025095e-35 1.0000000180025095e-35 1.0000000180025095e-35 1.0000000180025095e-35 1.0000000180025095e-35 1.0000000180025095e-35 1.0000000180025095e-35 1.0000000180025095e-35
decision_type=2 2 2 2 2 2 2 2 2 2 2 2 2 2
left_child=1 3 9 4 -1 -4 11 10 -5 -3 -8 13 -13 -2
right_child=6 2 5 8 -6 -7 7 -9 -10 -11 -12 12 -14 -15
leaf_value=-0.00081316759827170903 -0.0026992631375370901 0.0020129843551968739 -0.0002860486204414427 0.0003637988349094573 0.0012064043742587539 0.0012822630009598085 0.0034147716538796878 -0.0048890607568197811 0.001140086169896476 0.0013974545427089511 -0.00028786016052163052 -0.001760258586958325 0.0038158785082871714 -0.00058342803015059847
leaf_weight=4655.0054899305105 415.02250219881535 1167.8680404499173 2716.1237324699759 1360.5730224251747 480.89901626855135 742.16800796240568 18.775570347905159 7.4946085512638083 450.9744581580162 581.54787842929363 13.487362392246721 30.508611008524895 5.4252266883850089 18.185803957283497
leaf_count=21089 2071 5318 11883 5689 2160 3694 77 33 2495 3109 66 134 23 81
internal_value=0 9.3975e-05 0.00064103 -0.000316089 -0.000624066 5.05195e-05 -0.00224067 0.000593352 0.000557051 0.00180837 0.0018669 -0.00248084 -0.000918383 -0.00261044
internal_weight=0 12155.2 5207.71 6947.45 5135.9 3458.29 508.9 39.7575 1811.55 1749.42 32.2629 469.142 35.9338 433.208
internal_count=57922 55437 24004 31433 23249 15577 2485 176 8184 8427 143 2309 157 2152
is_linear=0
shrinkage=0.01


Tree=312
num_leaves=16
num_cat=0
split_feature=2 6 3 8 1 8 7 5 3 8 3 1 0 1 4
split_gain=26.2355 20.2796 19.1162 16.8159 7.45161 6.77007 3.86993 3.18726 4.35213 2.8383 2.54414 2.17207 1.7004 1.21815 0.713536
threshold=1.0000000180025095e-35 1.0000000180025095e-35 1.0000000180025095e-35 1.0000000180025095e-35 1.0000000180025095e-35 1.0000000180025095e-35 1.0000000180025095e-35 1.0000000180025095e-35 1.0000000180025095e-35 1.0000000180025095e-35 1.0000000180025095e-35 2.5000000000000004 1.0000000180025095e-35 1.5000000000000002 1.0000000180025095e-35
decision_type=2 2 2 2 2 2 2 2 2 2 2 2 2 2 2
left_child=1 2 3 -1 9 7 -4 8 -2 -3 -9 -6 13 -7 -14
right_child=5 4 6 -5 11 12 -8 10 -10 -11 -12 -13 14 -15 -16
leaf_value=-0.00044525279030308815 0.00071898276582176349 -0.00023777617641372161 0.00043034322401897077 -0.0018113527473987859 0.00077879942328679542 -0.0024437618044573632 0.0018300580739607415 0.0027120345766060063 0.0021582594618075454 -0.0021597058900707611 0.0012466328249339739 -0.0012501444120487531 6.7933001419074752e-05 -0.0003219164045503213 0.0016817849973379967
leaf_weight=5644.0306379944086 1134.0550638884306 276.94232104718685 591.29752956330776 1072.2451194375753 2304.230560362339 46.723102405667305 296.6102183163166 223.07090888172388 257.86582333594561 106.34557449817657 252.67154694348574 53.99994932115078 307.03331898152828 64.280089616775513 30.080071464180946
leaf_count=24439 5466 1214 2454 5214 10085 196 1275 1764 1372 479 1981 235 1332 269 147
internal_value=0 -0.000215206 -0.000481046 -0.000663349 0.000522156 0.000962287 0.000897925 0.00122713 0.000985622 -0.000771027 0.00193375 0.00073234 -0.000141541 -0.00121504 0.000211934
internal_weight=0 10345.7 7604.18 6716.28 2741.52 2315.78 887.908 1867.66 1391.92 383.288 475.742 2358.23 448.117 111.003 337.113
internal_count=57922 45395 33382 29653 12013 12527 3729 10583 6838 1693 3745 10320 1944 465 1479
is_linear=0
shrinkage=0.01


Tree=313
num_leaves=15
num_cat=0
split_feature=1 7 1 3 4 6 3 8 2 6 6 4 8 5
split_gain=26.0102 26.5623 35.1274 18.0003 17.3824 13.8783 3.38571 2.72007 1.96594 1.47136 1.08826 0.931833 1.40791 0.765952
threshold=2.5000000000000004 1.0000000180025095e-35 1.5000000000000002 1.0000000180025095e-35 1.0000000180025095e-35 1.0000000180025095e-35 1.0000000180025095e-35 1.0000000180025095e-35 1.0000000180025095e-35 1.0000000180025095e-35 1.0000000180025095e-35 1.0000000180025095e-35 1.0000000180025095e-35 1.0000000180025095e-35
decision_type=2 2 2 2 2 2 2 2 2 2 2 2 2 2
left_child=1 3 9 4 -1 -4 11 10 -5 -3 -8 13 -13 -2
right_child=6 2 5 8 -6 -7 7 -9 -10 -11 -12 12 -14 -15
leaf_value=-0.00080135510848010978 -0.002670402724142542 0.0019927219007508422 -0.00028232756562168618 0.00035565922413365351 0.0011959889352687425 0.0012611844467474856 -6.7662476107032397e-05 -0.004844881555552738 0.0011178550456751313 0.0013768563730663995 0.0036084411611751626 -0.001741083531112328 0.0037879984159322195 -0.00057356563897939506
leaf_weight=4653.0017713606358 414.44867157936096 1167.358347505331 2715.7487447634339 1360.5436918884516 480.73427315801382 741.59892091155052 15.470843032002447 7.4858979880809775 450.44436699897051 580.99708630889654 16.795639738440514 30.495674967765808 5.4246183931827536 18.185376450419426
leaf_count=21089 2071 5318 11883 5689 2160 3694 66 33 2495 3109 77 134 23 81
internal_value=0 9.28692e-05 0.000632908 -0.000311939 -0.000614319 4.87548e-05 -0.00221605 0.000585902 0.000545239 0.00178806 0.00184586 -0.00245377 -0.000906091 -0.00258226
internal_weight=0 12150.4 5205.7 6944.72 5133.74 3457.35 508.307 39.7524 1810.99 1748.36 32.2665 468.554 35.9203 432.634
internal_count=57922 55437 24004 31433 23249 15577 2485 176 8184 8427 143 2309 157 2152
is_linear=0
shrinkage=0.01


Tree=314
num_leaves=16
num_cat=0
split_feature=2 4 0 6 8 8 5 3 3 0 1 8 1 0 4
split_gain=25.5936 19.9432 20.2167 15.9231 15.1962 6.60352 3.09476 4.21145 2.52452 1.65691 1.307 1.86407 1.197 0.795047 0.688776
threshold=1.0000000180025095e-35 1.0000000180025095e-35 1.0000000180025095e-35 1.0000000180025095e-35 1.0000000180025095e-35 1.0000000180025095e-35 1.0000000180025095e-35 1.0000000180025095e-35 1.0000000180025095e-35 1.0000000180025095e-35 2.5000000000000004 1.0000000180025095e-35 1.5000000000000002 1.0000000180025095e-35 1.0000000180025095e-35
decision_type=2 2 2 2 2 2 2 2 2 2 2 2 2 2 2
left_child=1 2 3 -1 -4 6 7 -2 -8 12 13 -12 -7 -3 -11
right_child=5 10 4 -5 -6 9 8 -9 -10 14 11 -13 -14 -15 -16
leaf_value=-0.0013860007711477124 0.00071247916615876841 0.0018101314876021578 0.00019309926628873126 0.00047911149293108462 -0.0010607782673983288 -0.0024170583386811523 0.0026859918688835437 0.0021292469370204066 0.0012247975541132669 6.8225707736836751e-05 -0.0016353851826684173 0.0050679951302499675 -0.00031362724581175075 0.0011306895458857659 0.0016546795582696862
leaf_weight=2393.9105407446623 1133.6277711838484 247.54048469662666 5355.7014606446028 565.95335531234741 1179.3942207247019 46.72123646736145 222.56292369961739 257.46606730669737 252.25219710171223 306.99354583024979 28.865381062030792 4.8445763885974875 64.271642059087753 566.01991921663284 30.04507665336132
leaf_count=11184 5466 1082 22700 2511 5370 196 1764 1372 1981 1332 125 20 269 2403 147
internal_value=0 -0.000212554 -0.00034373 -0.00102937 -3.31891e-05 0.000950858 0.00121263 0.000974697 0.00190971 -0.000139333 0.00125747 -0.000672019 -0.00119904 0.00133742 0.000209649
internal_weight=0 10342.2 9494.96 2959.86 6535.1 2313.94 1865.91 1391.09 474.815 448.032 847.27 33.71 110.993 813.56 337.039
internal_count=57922 45395 41765 13695 28070 12527 10583 6838 3745 1944 3630 145 465 3485 1479
is_linear=0
shrinkage=0.01


Tree=315
num_leaves=15
num_cat=0
split_feature=1 7 1 3 4 6 3 8 2 6 6 4 8 5
split_gain=25.4043 25.9297 34.3692 17.5265 16.7712 13.4976 3.31494 2.66813 1.86614 1.46288 1.0621 0.913705 1.35321 0.746183
threshold=2.5000000000000004 1.0000000180025095e-35 1.5000000000000002 1.0000000180025095e-35 1.0000000180025095e-35 1.0000000180025095e-35 1.0000000180025095e-35 1.0000000180025095e-35 1.0000000180025095e-35 1.0000000180025095e-35 1.0000000180025095e-35 1.0000000180025095e-35 1.0000000180025095e-35 1.0000000180025095e-35
decision_type=2 2 2 2 2 2 2 2 2 2 2 2 2 2
left_child=1 3 9 4 -1 -4 11 10 -5 -3 -8 13 -13 -2
right_child=6 2 5 8 -6 -7 7 -9 -10 -11 -12 12 -14 -15
leaf_value=-0.00079047294234963275 -0.0026414492097396958 0.0019725467467584961 -0.00027888234833802443 0.00035305371506879534 0.0011717649476775196 0.0012437489840752994 -6.0362809702629932e-05 -0.0048009794301598734 0.0010959808071195688 0.0013582306394366095 0.0035721683743385403 -0.0017135139711272887 0.0037055535583088678 -0.00057166571209668225
leaf_weight=4651.1273204833269 413.85238364338875 1166.8168548345566 2715.2357491180301 1360.4247957915068 480.5776734650135 741.09803140163422 15.469936504960058 7.4754483699798575 449.92296876758337 580.48335023224354 16.779458411037922 30.475210100412369 5.4289301335811606 18.183157190680504
leaf_count=21089 2071 5318 11883 5689 2160 3694 66 33 2495 3109 77 134 23 81
internal_value=0 9.17596e-05 0.000625436 -0.000308274 -0.000606712 4.75963e-05 -0.00219151 0.000581897 0.000537692 0.00176846 0.00182965 -0.00242695 -0.000894117 -0.00255434
internal_weight=0 12145.7 5203.63 6942.05 5131.7 3456.33 507.665 39.7248 1810.35 1747.3 32.2494 467.94 35.9041 432.036
internal_count=57922 55437 24004 31433 23249 15577 2485 176 8184 8427 143 2309 157 2152
is_linear=0
shrinkage=0.01


Tree=316
num_leaves=16
num_cat=0
split_feature=2 8 1 7 6 1 7 6 0 4 3 4 1 6 1
split_gain=24.9685 19.3626 18.5691 29.5909 19.6316 7.0569 6.44408 6.38114 3.58796 5.9085 3.54041 2.27773 1.96567 1.45235 0.773923
threshold=1.0000000180025095e-35 1.0000000180025095e-35 1.5000000000000002 1.0000000180025095e-35 1.0000000180025095e-35 1.0000000180025095e-35 1.0000000180025095e-35 1.0000000180025095e-35 1.0000000180025095e-35 1.0000000180025095e-35 1.0000000180025095e-35 1.0000000180025095e-35 2.5000000000000004 1.0000000180025095e-35 1.0000000180025095e-35
decision_type=2 2 2 2 2 2 2 2 2 2 2 2 2 2 2
left_child=1 2 3 -1 -4 10 8 -7 9 -2 -3 13 -10 -8 -13
right_child=6 5 4 -5 -6 7 11 -9 12 -11 -12 14 -14 -15 -16
leaf_value=-0.0003155356402181138 -0.00084484729943111187 -0.0031856435646665329 -0.00066417994639715388 0.0016890569860276462 0.00077083816670631307 -0.001288014053994661 0.001146626252068972 0.00014732357441529285 0.00088772617810988484 0.0024787224738199772 -0.00080481123188039087 -6.2338373795460308e-05 -0.0024592705918773765 0.0020889582124924118 0.0032459170055615313
leaf_weight=1561.3104092478752 324.92592522501945 224.20893080532551 4360.5347671061754 1393.741422533989 1220.0650846064091 1053.5389527082443 559.34564714878798 438.71501372754574 1011.5518380850554 64.030020028352737 86.577640682458878 7.6358921751379958 17.856633201241493 231.14170041680336 95.637316539883614
leaf_count=6783 1413 1093 18885 6055 5265 5019 3145 1934 4957 409 361 64 76 1706 757
internal_value=0 -0.000209941 -1.10416e-05 0.000629925 -0.000350447 -0.00115154 0.00093958 -0.000866032 0.000520506 -0.00029772 -0.0025224 0.00160464 0.000829668 0.00142217 0.00300131
internal_weight=0 10338.7 8535.65 2955.05 5580.6 1803.04 2312.12 1492.25 1418.36 388.956 310.787 893.761 1029.41 790.487 103.273
internal_count=57922 45395 36988 12838 24150 8407 12527 6953 6855 1822 1454 5672 5033 4851 821
is_linear=0
shrinkage=0.01


Tree=317
num_leaves=15
num_cat=0
split_feature=1 7 1 3 4 6 3 8 8 6 5 4 8 0
split_gain=24.799 24.9545 33.0295 17.0379 16.3703 12.993 3.24539 2.61022 1.80147 1.43615 1.06863 0.897844 1.33058 0.743693
threshold=2.5000000000000004 1.0000000180025095e-35 1.5000000000000002 1.0000000180025095e-35 1.0000000180025095e-35 1.0000000180025095e-35 1.0000000180025095e-35 1.0000000180025095e-35 1.0000000180025095e-35 1.0000000180025095e-35 1.0000000180025095e-35 1.0000000180025095e-35 1.0000000180025095e-35 1.0000000180025095e-35
decision_type=2 2 2 2 2 2 2 2 2 2 2 2 2 2
left_child=1 3 9 4 -1 -4 11 10 -5 -3 -8 13 -13 -2
right_child=6 2 5 8 -6 -7 7 -9 -10 -11 -12 12 -14 -15
leaf_value=-0.00077778458553478538 -0.0021535516869078835 0.0019375196798028665 -0.00027241777136591993 0.00074768348657403136 0.0011612367344973468 0.0012219892699925901 0.0033543456432131064 -0.0047495155877156437 7.01456378190411e-05 0.0013285328689729874 -0.00033764896661525205 -0.0016929770524244155 0.0036804060244232982 -0.0029887485356226247
leaf_weight=4649.1626142114401 238.96712033450603 1166.3080078139901 2714.8127216920257 1234.5862527936697 480.39225011318922 740.48421114683151 18.771668761968613 7.4660337865352622 575.28996309638023 579.72982853651047 13.462185144424437 30.461208254098892 5.4297915697097769 192.49562281370163
leaf_count=21089 1249 5318 11883 5703 2160 3694 77 33 2481 3109 66 134 23 903
internal_value=0 9.06427e-05 0.000614311 -0.000301864 -0.000596192 4.78397e-05 -0.00216658 0.000578368 0.00053232 0.00173532 0.00181242 -0.00239976 -0.000880062 -0.00252617
internal_weight=0 12140.8 5201.33 6939.43 5129.55 3455.3 507.054 39.6999 1809.88 1746.04 32.2339 467.354 35.891 431.463
internal_count=57922 55437 24004 31433 23249 15577 2485 176 8184 8427 143 2309 157 2152
is_linear=0
shrinkage=0.01


Tree=318
num_leaves=16
num_cat=0
split_feature=4 0 5 8 1 3 3 0 8 3 1 2 7 1 2
split_gain=24.4228 25.8019 25.3165 17.4568 17.8567 11.4384 3.53281 2.14246 2.27028 2.20613 2.05051 1.61604 1.40587 1.19862 0.932793
threshold=1.0000000180025095e-35 1.0000000180025095e-35 1.0000000180025095e-35 1.0000000180025095e-35 2.5000000000000004 1.0000000180025095e-35 1.0000000180025095e-35 1.0000000180025095e-35 1.0000000180025095e-35 1.0000000180025095e-35 1.0000000180025095e-35 1.0000000180025095e-35 1.0000000180025095e-35 1.0000000180025095e-35 1.0000000180025095e-35
decision_type=2 2 2 2 2 2 2 2 2 2 2 2 2 2 2
left_child=1 2 5 4 -3 -1 -5 8 11 10 -9 -2 -11 -10 -4
right_child=7 3 14 6 -6 -7 -8 9 13 12 -12 -13 -14 -15 -16
leaf_value=-0.0012769241773589988 0.0019084108348360017 0.00048632115051908039 0.0015380621871506875 -0.0011414404190100114 -0.0027047965468465279 0.0011316747221533782 -9.9595136382204342e-05 -0.001175200405425132 0.003799235535780082 0.0013593186151040757 0.00096513064667202639 0.0035258779000287921 0.0030475241661698065 -0.00057658048883877158 0.0027575633620197321
leaf_weight=2983.9075167030096 217.99630376696587 6337.943281032145 219.84556083381176 1003.105178669095 180.34403964877129 211.1188827753067 481.79828962683678 48.945905521512032 7.3379051983356467 135.43637156486511 523.50914690643549 86.194345951080322 77.586361519992352 42.606932282447815 87.76021771132946
leaf_count=13761 961 28436 1055 4634 830 895 2068 223 31 687 2397 647 452 185 660
internal_value=0 -0.000138161 -0.000853976 0.000175119 0.000398031 -0.00111777 -0.000803399 0.00139655 0.0020423 0.00110542 0.000782129 0.00236673 0.00197419 6.63152e-05 0.00188599
internal_weight=0 11505.8 3502.63 8003.19 6518.29 3195.03 1484.9 1139.61 354.135 785.478 572.455 304.191 213.023 49.9448 307.606
internal_count=57922 52339 16371 35968 29266 14656 6702 5583 1824 3759 2620 1608 1139 216 1715
is_linear=0
shrinkage=0.01


Tree=319
num_leaves=16
num_cat=0
split_feature=2 4 0 5 8 8 1 0 7 0 1 8 1 0 4
split_gain=24.2939 18.7688 19.1087 15.1354 14.0608 6.23525 2.91479 2.80792 2.57558 1.58087 1.2379 1.79368 1.18628 0.763624 0.641217
threshold=1.0000000180025095e-35 1.0000000180025095e-35 1.0000000180025095e-35 1.0000000180025095e-35 1.0000000180025095e-35 1.0000000180025095e-35 2.5000000000000004 1.0000000180025095e-35 1.0000000180025095e-35 1.0000000180025095e-35 2.5000000000000004 1.0000000180025095e-35 1.5000000000000002 1.0000000180025095e-35 1.0000000180025095e-35
decision_type=2 2 2 2 2 2 2 2 2 2 2 2 2 2 2
left_child=1 2 3 -1 -4 6 8 -8 -2 12 13 -12 -7 -3 -11
right_child=5 10 4 -5 -6 9 7 -9 -10 14 11 -13 -14 -15 -16
leaf_value=-0.0012043935440635245 0.00088145623857336167 0.0017608630264899189 0.00018511975461801182 0.0015236010821199116 -0.0010217945546946946 -0.0023803141547620857 0.001107702628319216 -0.0040879429808439085 0.0016344450659170979 7.2505274564881584e-05 -0.0016055791229734816 0.0049655093435177064 -0.0002858106641930988 0.0010946893541469371 0.0016047258427357653
leaf_weight=2735.7989076077938 948.80863089114428 247.29158738255501 5353.3197681456804 219.71353341639042 1177.6300897747278 46.697661489248276 21.260119810700417 20.365954145789146 871.48972817510366 306.93519200384617 28.834559515118599 4.8531994074583045 64.241305574774742 565.67895793914795 29.98033295571804
leaf_count=12640 4820 1082 22700 1055 5370 196 95 91 5577 1332 125 20 269 2403 147
internal_value=0 -0.000207103 -0.000334425 -0.00100159 -3.25053e-05 0.000927309 0.00118213 -0.00143432 0.00124196 -0.000132077 0.00121949 -0.000658921 -0.00116745 0.00129733 0.000208849
internal_weight=0 10333.1 9486.46 2955.51 6530.95 2309.78 1861.92 41.6261 1820.3 447.854 846.658 33.6878 110.939 812.971 336.916
internal_count=57922 45395 41765 13695 28070 12527 10583 186 10397 1944 3630 145 465 3485 1479
is_linear=0
shrinkage=0.01


Tree=320
num_leaves=15
num_cat=0
split_feature=1 7 1 3 5 6 3 8 2 6 5 7 0 4
split_gain=23.8679 24.1154 32.2678 16.3893 15.701 12.5986 3.15887 2.56891 1.74532 1.43402 1.04832 0.881529 1.21432 0.604714
threshold=2.5000000000000004 1.0000000180025095e-35 1.5000000000000002 1.0000000180025095e-35 1.0000000180025095e-35 1.0000000180025095e-35 1.0000000180025095e-35 1.0000000180025095e-35 1.0000000180025095e-35 1.0000000180025095e-35 1.0000000180025095e-35 1.0000000180025095e-35 1.0000000180025095e-35 1.0000000180025095e-35
decision_type=2 2 2 2 2 2 2 2 2 2 2 2 2 2
left_child=1 3 9 4 -1 -4 11 10 -5 -3 -8 13 -13 -2
right_child=6 2 5 8 -6 -7 7 -9 -10 -11 -12 12 -14 -15
leaf_value=-0.00073095734926027442 -0.0020538650140098339 0.0019144938392888953 -0.00027145606951924436 0.00034277278588746993 0.0015243860747253387 0.0012007240562916922 0.0033314949624475669 -0.0047091712390918304 0.0010617812785752585 0.0013056420908268041 -0.00032494399777036601 -0.0021063406376520218 -0.0035017272378089332 -0.00018354696080299598
leaf_weight=4796.6293335705996 197.17970018088818 1165.5142475888133 2713.8153454512358 1360.1136917322874 329.90527358651161 739.75589816272259 18.772377699613571 7.4557104110717765 449.06976114213467 579.02014963328838 13.465696454048155 132.80000574886799 117.5854593962431 18.948195174336433
leaf_count=21602 1004 5318 11883 5689 1647 3694 77 33 2495 3109 66 688 535 82
internal_value=0 8.89018e-05 0.000603859 -0.000297043 -0.00058582 4.38853e-05 -0.00212735 0.000580803 0.000521243 0.00171241 0.00180422 -0.00235777 -0.00276164 -0.00188989
internal_weight=0 12133.8 5198.11 6935.72 5126.53 3453.57 506.207 39.6938 1809.18 1744.53 32.2381 466.513 250.385 216.128
internal_count=57922 55437 24004 31433 23249 15577 2485 176 8184 8427 143 2309 1223 1086
is_linear=0
shrinkage=0.01


Tree=321
num_leaves=16
num_cat=0
split_feature=2 4 0 6 8 8 5 3 3 0 1 8 1 0 4
split_gain=23.7021 18.3796 18.6341 14.9342 13.6673 6.07929 2.83389 3.93627 2.52425 1.54037 1.19712 1.75541 1.16514 0.750545 0.629084
threshold=1.0000000180025095e-35 1.0000000180025095e-35 1.0000000180025095e-35 1.0000000180025095e-35 1.0000000180025095e-35 1.0000000180025095e-35 1.0000000180025095e-35 1.0000000180025095e-35 1.0000000180025095e-35 1.0000000180025095e-35 2.5000000000000004 1.0000000180025095e-35 1.5000000000000002 1.0000000180025095e-35 1.0000000180025095e-35
decision_type=2 2 2 2 2 2 2 2 2 2 2 2 2 2 2
left_child=1 2 3 -1 -4 6 7 -2 -8 12 13 -12 -7 -3 -11
right_child=5 10 4 -5 -6 9 8 -9 -10 14 11 -13 -14 -15 -16
leaf_value=-0.0013355754630641418 0.00068704867008260301 0.0017435961113965207 0.00018209605387532187 0.00047206260004427022 -0.0010080872429753249 -0.0023537860594690287 0.0026161856030130206 0.0020591232069166721 0.0011507243354537632 7.1811254014976175e-05 -0.0015778794670206922 0.0049212061994872158 -0.00027797655626972563 0.0010830245538019769 0.00158998235233652
leaf_weight=2388.4334599971771 1131.7846266180277 247.1832235455513 5352.4420797377825 565.20124232769012 1177.0121867954731 46.696933403611183 221.19818364828825 256.46858092397451 250.81769150495529 306.88778454065323 28.810910612344742 4.8565343618392935 64.234435498714447 565.52800384163857 29.958423674106598
leaf_count=11184 5466 1082 22700 2511 5370 196 1764 1372 1981 1332 125 20 269 2403 147
internal_value=0 -0.000204569 -0.000330588 -0.00098967 -3.24487e-05 0.00091632 0.00116812 0.000940528 0.00183748 -0.000129749 0.00120739 -0.000640385 -0.0011518 0.00128394 0.000206834
internal_weight=0 10329.5 9483.09 2953.63 6529.45 2308.05 1860.27 1388.25 472.016 447.778 846.379 33.6674 110.931 812.711 336.846
internal_count=57922 45395 41765 13695 28070 12527 10583 6838 3745 1944 3630 145 465 3485 1479
is_linear=0
shrinkage=0.01


Tree=322
num_leaves=15
num_cat=0
split_feature=1 7 1 3 4 6 3 8 2 6 6 7 0 4
split_gain=23.3086 23.542 31.5707 15.9577 15.2779 12.2517 3.09297 2.51952 1.65563 1.42549 1.04705 0.86479 1.20947 0.586893
threshold=2.5000000000000004 1.0000000180025095e-35 1.5000000000000002 1.0000000180025095e-35 1.0000000180025095e-35 1.0000000180025095e-35 1.0000000180025095e-35 1.0000000180025095e-35 1.0000000180025095e-35 1.0000000180025095e-35 1.0000000180025095e-35 1.0000000180025095e-35 1.0000000180025095e-35 1.0000000180025095e-35
decision_type=2 2 2 2 2 2 2 2 2 2 2 2 2 2
left_child=1 3 9 4 -1 -4 11 10 -5 -3 -8 13 -13 -2
right_child=6 2 5 8 -6 -7 7 -9 -10 -11 -12 12 -14 -15
leaf_value=-0.0007541189300752961 -0.0020297754983667608 0.0018951208470736908 -0.00026812139368745792 0.00034024324150810681 0.0011198024576587321 0.0011840490405025698 -8.8090072352835141e-05 -0.004666644340415786 0.0010408336818114308 0.0012878653350842325 0.0035191577563641642 -0.0020774541207146504 -0.0034709070503810063 -0.00018702467524787413
leaf_weight=4644.4306892305613 196.94233486056328 1164.9871884435415 2713.3178733214736 1359.9991454184055 480.03885880857706 739.27617654949427 15.476161777973173 7.4453799277544013 448.57167214155197 578.53009977191687 16.761697955429554 132.60581742227077 117.46559357643127 18.945917800068855
leaf_count=21089 1004 5318 11883 5689 2160 3694 66 33 2495 3109 77 688 535 82
internal_value=0 8.78393e-05 0.000596735 -0.000293563 -0.000578578 4.28202e-05 -0.00210348 0.000576536 0.000514008 0.00169362 0.00178746 -0.00233172 -0.002732 -0.00186806
internal_weight=0 12129.2 5196.11 6933.04 5124.47 3452.59 505.643 39.6832 1808.57 1743.52 32.2379 465.96 250.071 215.888
internal_count=57922 55437 24004 31433 23249 15577 2485 176 8184 8427 143 2309 1223 1086
is_linear=0
shrinkage=0.01


Tree=323
num_leaves=16
num_cat=0
split_feature=2 4 0 6 8 8 1 0 7 0 1 8 1 0 4
split_gain=23.1247 17.8276 18.1789 14.5573 13.2854 5.92903 2.76127 2.74478 2.44299 1.50147 1.14596 1.71645 1.1447 0.733928 0.608384
threshold=1.0000000180025095e-35 1.0000000180025095e-35 1.0000000180025095e-35 1.0000000180025095e-35 1.0000000180025095e-35 1.0000000180025095e-35 2.5000000000000004 1.0000000180025095e-35 1.0000000180025095e-35 1.0000000180025095e-35 2.5000000000000004 1.0000000180025095e-35 1.5000000000000002 1.0000000180025095e-35 1.0000000180025095e-35
decision_type=2 2 2 2 2 2 2 2 2 2 2 2 2 2 2
left_child=1 2 3 -1 -4 6 8 -8 -2 12 13 -12 -7 -3 -11
right_child=5 10 4 -5 -6 9 7 -9 -10 14 11 -13 -14 -15 -16
leaf_value=-0.001319098187702758 0.00086150034558244901 0.0017182921670591542 0.00017978530668034213 0.00046581697839877549 -0.00099392060120775212 -0.0023281151493572145 0.0011224699404450906 -0.0040133282857463615 0.0015955463593757175 7.2005567723048842e-05 -0.0015476973077014262 0.0048774147700003474 -0.00027051133929356137 0.0010649509856648371 0.001565721945505549
leaf_weight=2386.8267840892076 947.73783683776855 247.07236430048943 5351.6354814469814 565.10588131844997 1176.3940987586975 46.694719508290291 21.256982296705246 20.385913342237473 869.22984164953232 306.85016831755638 28.787156939506531 4.8597939759492865 64.226766034960747 565.40852835774422 29.926571309566498
leaf_count=11184 4820 1082 22700 2511 5370 196 95 91 5577 1332 125 20 269 2403 147
internal_value=0 -0.000202061 -0.000326195 -0.000977401 -3.17243e-05 0.000905466 0.00115431 -0.00139171 0.00121266 -0.000127615 0.00118874 -0.000619687 -0.0011367 0.00126363 0.00020474
internal_weight=0 10326.1 9479.96 2951.93 6528.03 2306.31 1858.61 41.6429 1816.97 447.698 846.128 33.647 110.921 812.481 336.777
internal_count=57922 45395 41765 13695 28070 12527 10583 186 10397 1944 3630 145 465 3485 1479
is_linear=0
shrinkage=0.01


Tree=324
num_leaves=15
num_cat=0
split_feature=1 7 1 3 5 6 3 8 2 6 5 7 0 4
split_gain=22.7214 22.9247 30.8895 15.5745 15.1799 11.9251 3.03075 2.47437 1.59419 1.41332 1.03758 0.849398 1.19753 0.573977
threshold=2.5000000000000004 1.0000000180025095e-35 1.5000000000000002 1.0000000180025095e-35 1.0000000180025095e-35 1.0000000180025095e-35 1.0000000180025095e-35 1.0000000180025095e-35 1.0000000180025095e-35 1.0000000180025095e-35 1.0000000180025095e-35 1.0000000180025095e-35 1.0000000180025095e-35 1.0000000180025095e-35
decision_type=2 2 2 2 2 2 2 2 2 2 2 2 2 2
left_child=1 3 9 4 -1 -4 11 10 -5 -3 -8 13 -13 -2
right_child=6 2 5 8 -6 -7 7 -9 -10 -11 -12 12 -14 -15
leaf_value=-0.00071408437889534774 -0.0020044752768729282 0.0018750381500889568 -0.00026568694680748409 0.00033772798166425456 0.0015047276527283833 0.0011673931209608399 0.0032945829442582266 -0.0046245346586476898 0.00102541909657311 0.0012701610675169195 -0.00034382390477449387 -0.0020491975518816203 -0.0034365736360218997 -0.00018206237904989719
leaf_weight=4793.0582214891911 196.70797806978226 1164.4118349328637 2712.7257880568504 1359.8859540522099 329.5381740629673 738.79758938401937 18.769939705729485 7.4350843131542197 448.19850768148899 578.04364813864231 13.457422286272047 132.41402694582939 117.35638502240181 18.946911990642548
leaf_count=21602 1004 5318 11883 5689 1647 3694 77 33 2495 3109 66 688 535 82
internal_value=0 8.67106e-05 0.000589001 -0.000289715 -0.000571348 4.10634e-05 -0.00207798 0.000575565 0.000508197 0.00167438 0.00177527 -0.00230411 -0.00270107 -0.00184436
internal_weight=0 12124.7 5193.98 6930.68 5122.6 3451.52 505.088 39.6624 1808.08 1742.46 32.2274 465.425 249.77 215.655
internal_count=57922 55437 24004 31433 23249 15577 2485 176 8184 8427 143 2309 1223 1086
is_linear=0
shrinkage=0.01


Tree=325
num_leaves=16
num_cat=0
split_feature=2 4 0 5 8 8 5 3 3 0 1 1 8 0 4
split_gain=22.5625 17.4579 17.726 14.3306 12.9133 5.78045 2.69411 3.75611 2.50311 1.46307 1.1243 1.10796 1.67987 0.721341 0.596854
threshold=1.0000000180025095e-35 1.0000000180025095e-35 1.0000000180025095e-35 1.0000000180025095e-35 1.0000000180025095e-35 1.0000000180025095e-35 1.0000000180025095e-35 1.0000000180025095e-35 1.0000000180025095e-35 1.0000000180025095e-35 1.5000000000000002 2.5000000000000004 1.0000000180025095e-35 1.0000000180025095e-35 1.0000000180025095e-35
decision_type=2 2 2 2 2 2 2 2 2 2 2 2 2 2 2
left_child=1 2 3 -1 -4 6 7 -2 -8 10 -7 13 -13 -3 -11
right_child=5 11 4 -5 -6 9 8 -9 -10 14 -12 12 -14 -15 -16
leaf_value=-0.0011632578284801213 0.00067123517929268287 0.0017014295883245134 0.00017683911302859438 0.0014931982908306482 -0.0009805739776537765 -0.0023021773006374605 0.0025716823937755847 0.0020130206474747443 0.0011098023320263457 7.1361136271950304e-05 -0.00026293180387931738 -0.0015208116059924903 0.0048340491611720956 0.0010535921100332099 0.0015513476447438889
leaf_weight=2730.8576892465353 1130.7863507866859 246.96578869223595 5350.7729998677969 219.39117404818535 1175.7907227426767 46.693717673420906 220.3448014035821 255.82783799618483 250.0367251932621 306.8040933161974 64.219997122883797 28.763858199119568 4.8629853129386893 565.26034009456635 29.905200257897377
leaf_count=12640 5466 1082 22700 1055 5370 196 1764 1372 1981 1332 269 125 20 2403 147
internal_value=0 -0.000199591 -0.000322452 -0.000965714 -3.16742e-05 0.000894752 0.00114064 0.000918792 0.0017946 -0.000125319 -0.00112144 0.00117693 -0.000601796 0.00125057 0.000202808
internal_weight=0 10322.7 9476.81 2950.25 6526.56 2304.62 1857 1386.61 470.382 447.623 110.914 845.853 33.6268 812.226 336.709
internal_count=57922 45395 41765 13695 28070 12527 10583 6838 3745 1944 465 3630 145 3485 1479
is_linear=0
shrinkage=0.01


Tree=326
num_leaves=15
num_cat=0
split_feature=1 7 1 3 1 6 3 8 8 6 6 4 8 0
split_gain=22.1965 22.3513 30.2269 15.1621 14.773 11.6282 2.96692 2.42565 1.516 1.3973 1.0262 0.836781 1.17842 0.725766
threshold=2.5000000000000004 1.0000000180025095e-35 1.5000000000000002 1.0000000180025095e-35 1.0000000180025095e-35 1.0000000180025095e-35 1.0000000180025095e-35 1.0000000180025095e-35 1.0000000180025095e-35 1.0000000180025095e-35 1.0000000180025095e-35 1.0000000180025095e-35 1.0000000180025095e-35 1.0000000180025095e-35
decision_type=2 2 2 2 2 2 2 2 2 2 2 2 2 2
left_child=1 3 9 4 -1 -4 11 10 -5 -3 -8 13 -13 -2
right_child=6 2 5 8 -6 -7 7 -9 -10 -11 -12 12 -14 -15
leaf_value=-0.0018194658301949396 -0.0020320594114526308 0.0018553403841876143 -0.00026317344146816856 0.00069912025969803035 -0.00033421034672875485 0.0011523518037974136 -9.8047857928576669e-05 -0.0045821423099082258 7.7263138991856214e-05 0.0012536826120489236 0.0034736978357600284 -0.0015782831527199749 0.0034744987324362288 -0.0028593544857143448
leaf_weight=792.2581357806921 237.43086718022823 1163.8752229735255 2712.2329505980015 1232.5930812358856 4328.2516486719251 738.30668367445469 15.479643151164053 7.4246296584606162 574.86432993412018 577.54999043792486 16.745883777737617 30.389866769313812 5.4422886073589316 191.62533889710903
leaf_count=3607 1249 5318 11883 5703 19642 3694 66 33 2481 3109 77 134 23 903
internal_value=0 8.56906e-05 0.000581755 -0.00028607 -0.000564013 3.97043e-05 -0.00205499 0.000570784 0.000501338 0.0016558 0.001758 -0.00227894 -0.000810852 -0.00240155
internal_weight=0 12119.9 5191.96 6927.97 5120.51 3450.54 504.539 39.6502 1807.46 1741.43 32.2255 464.888 35.8322 429.056
internal_count=57922 55437 24004 31433 23249 15577 2485 176 8184 8427 143 2309 157 2152
is_linear=0
shrinkage=0.01


Tree=327
num_leaves=16
num_cat=0
split_feature=2 4 0 6 8 8 5 3 3 0 1 1 8 0 4
split_gain=22.08 17.094 17.2915 14.0173 12.529 5.6168 2.61755 3.64431 2.47928 1.4303 1.09761 1.07641 1.62742 0.709052 0.584276
threshold=1.0000000180025095e-35 1.0000000180025095e-35 1.0000000180025095e-35 1.0000000180025095e-35 1.0000000180025095e-35 1.0000000180025095e-35 1.0000000180025095e-35 1.0000000180025095e-35 1.0000000180025095e-35 1.0000000180025095e-35 1.5000000000000002 2.5000000000000004 1.0000000180025095e-35 1.0000000180025095e-35 1.0000000180025095e-35
decision_type=2 2 2 2 2 2 2 2 2 2 2 2 2 2 2
left_child=1 2 3 -1 -4 6 7 -2 -8 10 -7 13 -13 -3 -11
right_child=5 11 4 -5 -6 9 8 -9 -10 14 -12 12 -14 -15 -16
leaf_value=-0.0012901938785990111 0.00066560089857628057 0.0016845329769262 0.00017350755511062998 0.00046199954197845728 -0.0009667965802932604 -0.0022715085754196349 0.0025475781347443489 0.0019880339531325301 0.0010913831862558461 7.4406984682044255e-05 -0.00025663079021370625 -0.0014943558379037483 0.0047577705809206195 0.0010421275857807324 0.0015390822103253114
leaf_weight=2383.7887060344219 1130.4366366937757 246.8698043525219 5350.0348787009716 564.72152529656887 1175.2049567103386 46.695658475160599 219.8831005319953 255.48176161944866 249.68676878511906 306.8070936948061 64.218500465154648 28.743567228317261 4.8685362488031378 565.12787505984306 29.888735979795456
leaf_count=11184 5466 1082 22700 2511 5370 196 1764 1372 1981 1332 269 125 20 2403 147
internal_value=0 -0.00019745 -0.000319046 -0.0009546 -3.18628e-05 0.00088545 0.001128 0.00090938 0.00177327 -0.000120016 -0.00110491 0.00116485 -0.000588768 0.00123744 0.000204427
internal_weight=0 10319.4 9473.75 2948.51 6525.24 2303.1 1855.49 1385.92 469.57 447.61 110.914 845.61 33.6121 811.998 336.696
internal_count=57922 45395 41765 13695 28070 12527 10583 6838 3745 1944 465 3630 145 3485 1479
is_linear=0
shrinkage=0.01


Tree=328
num_leaves=16
num_cat=0
split_feature=4 0 5 1 8 3 3 0 8 3 1 2 7 1 2
split_gain=21.6989 22.7331 22.9254 15.5094 16.1248 10.6482 2.13343 2.02176 2.17195 2.07655 2.028 1.64706 1.37006 1.19505 0.862278
threshold=1.0000000180025095e-35 1.0000000180025095e-35 1.0000000180025095e-35 2.5000000000000004 1.0000000180025095e-35 1.0000000180025095e-35 1.0000000180025095e-35 1.0000000180025095e-35 1.0000000180025095e-35 1.0000000180025095e-35 1.0000000180025095e-35 1.0000000180025095e-35 1.0000000180025095e-35 1.0000000180025095e-35 1.0000000180025095e-35
decision_type=2 2 2 2 2 2 2 2 2 2 2 2 2 2 2
left_child=1 2 5 4 -3 -1 -5 8 11 10 -9 -2 -11 -10 -4
right_child=7 3 14 6 -6 -7 -8 9 13 12 -12 -13 -14 -15 -16
leaf_value=-0.001208533854846614 0.0018027800564206181 0.00045448564854885071 0.0014759513671371916 -0.0028343034880346034 -0.0007151781388723687 0.0011168111612263308 0.00048239023867616067 -0.0012262433926794377 0.0037407687973262478 0.0012726689267923965 0.00090373289793338355 0.0034408348928762281 0.0029435207840063922 -0.00062719934281313579 0.00265273911476734
leaf_weight=2974.8516551703215 217.42971006035805 6330.0634254962206 219.21018421649933 191.43732292950153 1448.2768957018852 210.88447394967079 21.580240860581398 48.881725490093231 7.3429243117570868 134.96649305522442 522.67085383832455 85.529819041490555 77.115106493234634 42.615814730525017 86.969379805028439
leaf_count=13761 961 28436 1055 903 6536 895 93 223 31 687 2397 647 452 185 660
internal_value=0 -0.000130318 -0.00080341 0.000163798 0.000236702 -0.0010546 -0.0024983 0.00131818 0.00194666 0.00103514 0.000721568 0.00226523 0.00188021 1.48036e-05 0.00181021
internal_weight=0 11483.3 3491.92 7991.36 7778.34 3185.74 213.018 1136.55 352.918 783.634 571.553 302.96 212.082 49.9587 306.18
internal_count=57922 52339 16371 35968 34972 14656 996 5583 1824 3759 2620 1608 1139 216 1715
is_linear=0
shrinkage=0.01


Tree=329
num_leaves=16
num_cat=0
split_feature=2 6 3 8 1 7 7 0 4 5 4 1 1 6 1
split_gain=21.5431 16.6881 16.805 14.143 6.98994 5.50619 3.5127 3.30361 5.40912 2.47274 2.17434 1.82925 1.73102 1.27599 0.789397
threshold=1.0000000180025095e-35 1.0000000180025095e-35 1.0000000180025095e-35 1.0000000180025095e-35 1.0000000180025095e-35 1.0000000180025095e-35 1.0000000180025095e-35 1.0000000180025095e-35 1.0000000180025095e-35 1.0000000180025095e-35 1.0000000180025095e-35 2.5000000000000004 2.5000000000000004 1.0000000180025095e-35 1.0000000180025095e-35
decision_type=2 2 2 2 2 2 2 2 2 2 2 2 2 2 2
left_child=1 2 3 -1 9 7 -4 8 -2 -3 13 -6 -9 -7 -12
right_child=5 4 6 -5 11 10 -8 12 -10 -11 14 -13 -14 -15 -16
leaf_value=-0.00040806841760395189 -0.00082077493399319542 -0.0012926430817042478 0.00041154998488071684 -0.0016649179652792779 0.00072117477601232416 0.0010557664188782956 0.0017461834175490009 0.00083940000987440405 0.0023707289881738877 0.00048157038056365975 -0.00024883328266333193 -0.0011447349572687505 -0.0023018006957125372 0.0019432967008235738 0.0031145232824920949
leaf_weight=5630.2182467728853 324.47019559144974 271.66645883023739 591.01536530256271 1064.6060000807047 2298.3368404954672 556.28094266355038 295.95627553761005 1008.7290059626102 63.497559115290642 110.50742721557617 7.5348105207085601 53.769396916031837 17.853771105408669 228.5361138060689 94.482729315757751
leaf_count=24439 1413 1159 2454 5214 10085 3145 1275 4957 409 534 64 235 76 1706 757
internal_value=0 -0.000195032 -0.000436568 -0.000607932 0.000474714 0.000874977 0.000856878 0.000487681 -0.000298431 -0.000779621 0.00149274 0.00067852 0.00078477 0.00131421 0.00286611
internal_weight=0 10316.1 7581.8 6694.82 2734.28 2301.39 886.972 1414.55 387.968 382.174 886.835 2352.11 1026.58 784.817 102.018
internal_count=57922 45395 33382 29653 12013 12527 3729 6855 1822 1693 5672 10320 5033 4851 821
is_linear=0
shrinkage=0.01


Tree=330
num_leaves=15
num_cat=0
split_feature=1 7 1 3 5 6 3 8 2 6 5 7 0 4
split_gain=21.2682 21.4976 29.4669 14.3791 14.4037 11.0765 2.84344 2.37414 1.44243 1.43703 1.0257 0.841421 1.17417 0.522136
threshold=2.5000000000000004 1.0000000180025095e-35 1.5000000000000002 1.0000000180025095e-35 1.0000000180025095e-35 1.0000000180025095e-35 1.0000000180025095e-35 1.0000000180025095e-35 1.0000000180025095e-35 1.0000000180025095e-35 1.0000000180025095e-35 1.0000000180025095e-35 1.0000000180025095e-35 1.0000000180025095e-35
decision_type=2 2 2 2 2 2 2 2 2 2 2 2 2 2
left_child=1 3 9 4 -1 -4 11 10 -5 -3 -8 13 -13 -2
right_child=6 2 5 8 -6 -7 7 -9 -10 -11 -12 12 -14 -15
leaf_value=-0.00069069413201562906 -0.0019280722115189201 0.001834017992994733 -0.00026031448924739611 0.00032410373116097471 0.0014725406493285803 0.0011219973064744472 0.0032424334548528848 -0.004543648428990279 0.00097890043904134603 0.0012234657472168029 -0.00037660817134306984 -0.0019821451677430736 -0.0033580572058812914 -0.00018941480184788304
leaf_weight=4787.9539385139942 195.99095745384693 1162.9733872413635 2710.9720504134893 1359.4647011756897 328.94617195427418 737.34643674641848 18.767533257603645 7.415516033768653 447.04858735948801 576.63867216557264 13.439179636538027 131.94529851526022 117.03733925521374 18.9418615847826
leaf_count=21602 1004 5318 11883 5689 1647 3694 77 33 2495 3109 66 688 535 82
internal_value=0 8.38557e-05 0.000570556 -0.000280844 -0.000551628 3.52622e-05 -0.00201361 0.000557709 0.000486143 0.00163163 0.00173228 -0.00223322 -0.00262891 -0.00177485
internal_weight=0 12111.3 5187.93 6923.41 5116.9 3448.32 503.538 39.6222 1806.51 1739.61 32.2067 463.915 248.983 214.933
internal_count=57922 55437 24004 31433 23249 15577 2485 176 8184 8427 143 2309 1223 1086
is_linear=0
shrinkage=0.01


Tree=331
num_leaves=16
num_cat=0
split_feature=4 0 5 1 8 3 6 0 8 3 1 2 7 3 2
split_gain=21.1388 21.9994 22.1844 14.8572 15.5147 10.2795 2.11293 1.97627 2.1085 1.98491 1.98395 1.57925 1.32917 1.18546 0.848914
threshold=1.0000000180025095e-35 1.0000000180025095e-35 1.0000000180025095e-35 2.5000000000000004 1.0000000180025095e-35 1.0000000180025095e-35 1.0000000180025095e-35 1.0000000180025095e-35 1.0000000180025095e-35 1.0000000180025095e-35 1.0000000180025095e-35 1.0000000180025095e-35 1.0000000180025095e-35 1.0000000180025095e-35 1.0000000180025095e-35
decision_type=2 2 2 2 2 2 2 2 2 2 2 2 2 2 2
left_child=1 2 5 4 -3 -1 -5 8 11 10 -9 -2 -11 -10 -4
right_child=7 3 14 6 -6 -7 -8 9 13 12 -12 -13 -14 -15 -16
leaf_value=-0.0011894947874291713 0.0017855254651654975 0.00044568786103513935 0.001450474249060412 -0.0028931398867078303 -0.00070195504565216866 0.0010952603174396731 -0.0002183654541228167 -0.0012112940048348145 0.00070542129073934939 0.0012504242272157356 0.00089554954774720072 0.0033920796836059948 0.0028977968555538871 -0.0034430513171833273 0.0026194561559304288
leaf_weight=2972.6806150525808 217.31357790529728 6327.7474309355021 218.96511416137218 177.17754752933979 1447.3996599316597 210.89060398936272 35.440728932619095 48.877590075135231 41.690371677279472 134.84207148849964 522.40536171942949 85.166483841836452 76.914333291351795 8.251654699444769 86.727905690670013
leaf_count=13761 961 28436 1055 844 6536 895 152 223 176 687 2397 647 452 40 660
internal_value=0 -0.000128637 -0.000791062 0.000160727 0.000232046 -0.00103814 -0.00244729 0.0013017 0.00192357 0.00102182 0.000715293 0.00223787 0.00184878 1.99913e-05 0.00178213
internal_weight=0 11477 3489.26 7987.77 7775.15 3183.57 212.618 1135.46 352.422 783.039 571.283 302.48 211.756 49.942 305.693
internal_count=57922 52339 16371 35968 34972 14656 996 5583 1824 3759 2620 1608 1139 216 1715
is_linear=0
shrinkage=0.01


Tree=332
num_leaves=16
num_cat=0
split_feature=2 4 6 0 1 7 0 4 4 1 6 1 8 1 0
split_gain=20.9182 16.1253 16.071 17.3461 6.64335 5.30657 3.21456 5.19521 2.10046 1.66537 1.22516 1.03863 1.60374 0.778954 0.677985
threshold=1.0000000180025095e-35 1.0000000180025095e-35 1.0000000180025095e-35 1.0000000180025095e-35 1.0000000180025095e-35 1.0000000180025095e-35 1.0000000180025095e-35 1.0000000180025095e-35 1.0000000180025095e-35 2.5000000000000004 1.0000000180025095e-35 2.5000000000000004 1.0000000180025095e-35 1.0000000180025095e-35 1.0000000180025095e-35
decision_type=2 2 2 2 2 2 2 2 2 2 2 2 2 2 2
left_child=1 2 3 -1 -4 6 7 -2 10 -8 -7 14 -13 -10 -3
right_child=5 11 4 -5 -6 8 9 -9 13 -11 -12 12 -14 -15 -16
leaf_value=-0.0012500993836047209 -0.00080458843196874383 0.0016402812764603786 -0.00089376452498936081 -0.00019774347744125204 0.00058555512824690894 0.001041127307497756 0.00082920290541579444 0.0023273121177204994 -0.00027453523331831097 -0.0022517425581092291 0.0019116711350620802 -0.0014909591899597838 0.0047142198027880621 0.0030698840028053295 0.0010118043742056539
leaf_weight=2379.6822057962418 324.40760108828545 246.60882368683815 353.47118447721004 4582.5272286683321 2150.4686488807201 555.77264191955328 1008.1660863012075 63.299429692327976 7.5207649245858184 17.855250090360641 227.9772594794631 28.729453191161156 4.871342033147811 94.10424367338419 564.70466504991055
leaf_count=11184 1413 1082 1562 19632 9387 3145 4957 409 64 76 1706 125 20 757 2403
internal_value=0 -0.000192191 -0.000310338 -0.000557439 0.000376725 0.00086266 0.000482463 -0.000293255 0.00146974 0.000775587 0.00129435 0.00113149 -0.000591351 0.00282238 0.00120284
internal_weight=0 10311.1 9466.15 6962.21 2503.94 2299.1 1413.73 387.707 885.375 1026.02 783.75 844.914 33.6008 101.625 811.313
internal_count=57922 45395 41765 30816 10949 12527 6855 1822 5672 5033 4851 3630 145 821 3485
is_linear=0
shrinkage=0.01


Tree=333
num_leaves=16
num_cat=0
split_feature=2 1 7 1 4 8 1 0 7 3 7 7 0 1 4
split_gain=20.5108 15.8644 17.7209 29.1497 11.6221 5.22412 2.47022 2.63446 2.16092 1.77119 2.65837 1.3548 1.34173 1.09012 0.551253
threshold=1.0000000180025095e-35 2.5000000000000004 1.0000000180025095e-35 1.5000000000000002 1.0000000180025095e-35 1.0000000180025095e-35 2.5000000000000004 1.0000000180025095e-35 1.0000000180025095e-35 1.0000000180025095e-35 1.0000000180025095e-35 1.0000000180025095e-35 1.0000000180025095e-35 1.5000000000000002 1.0000000180025095e-35
decision_type=2 2 2 2 2 2 2 2 2 2 2 2 2 2 2
left_child=1 2 4 -4 -1 6 8 -8 -2 11 -11 -3 13 -7 -14
right_child=5 9 3 -5 -6 12 7 -9 -10 10 -12 -13 14 -15 -16
leaf_value=-0.00062047332237699291 0.00081387859407950963 -0.0015741291274482989 0.0015660517708155587 -0.0001921417322442237 0.0010228042421967275 -0.002232521206477735 0.0011465892420695492 -0.0038850118663260646 0.0015058318242005255 -0.0023871124801183715 0.003159868686256151 -0.0027209486186905237 7.2831135955681725e-05 -0.00022386785757239902 0.0014968388185696688
leaf_weight=5067.215786203742 945.05341528356075 187.14981028437614 1390.3268807679415 2930.6994062066078 470.3392588943243 46.663170710206032 21.234075620770454 20.405999347567558 863.87316784262657 18.948032736778259 15.881105169653891 229.12789964675903 306.74389697611332 64.179507434368134 29.828333765268326
leaf_count=22731 4820 972 6055 12372 1979 196 95 91 5577 81 67 1138 1332 269 147
internal_value=0 -0.000190295 -0.000106384 0.000373572 -0.000480899 0.000854454 0.0010889 -0.00131918 0.00114433 -0.00202411 0.000142155 -0.00220536 -0.00011523 -0.00106948 0.000199032
internal_weight=0 10309.7 9858.58 4321.03 5537.56 2297.98 1850.57 41.6401 1808.93 451.107 34.8291 416.278 447.415 110.843 336.572
internal_count=57922 45395 43137 18427 24710 12527 10583 186 10397 2258 148 2110 1944 465 1479
is_linear=0
shrinkage=0.01


Tree=334
num_leaves=16
num_cat=0
split_feature=2 6 3 8 1 8 7 1 0 5 7 1 0 1 4
split_gain=20.1107 15.6616 16.1002 13.5526 6.71127 5.12464 3.34612 2.42226 2.58028 2.3546 2.12314 1.7206 1.315 1.0683 0.540682
threshold=1.0000000180025095e-35 1.0000000180025095e-35 1.0000000180025095e-35 1.0000000180025095e-35 1.0000000180025095e-35 1.0000000180025095e-35 1.0000000180025095e-35 2.5000000000000004 1.0000000180025095e-35 1.0000000180025095e-35 1.0000000180025095e-35 2.5000000000000004 1.0000000180025095e-35 1.5000000000000002 1.0000000180025095e-35
decision_type=2 2 2 2 2 2 2 2 2 2 2 2 2 2 2
left_child=1 2 3 -1 9 7 -4 10 -9 -3 -2 -6 13 -7 -14
right_child=5 4 6 -5 11 12 -8 8 -10 -11 -12 -13 14 -15 -16
leaf_value=-0.00039475026055340153 0.00080598746352587554 -0.0012697041298664958 0.00040910039239756227 -0.0016261297118320556 0.00070172106557035263 -0.0022100336271485021 0.0017120499227198023 0.0011353081552984809 -0.0038436505066422994 0.00046235978108508563 0.0014920700107093434 -0.0011086935997249498 7.2103574796260458e-05 -0.00022162897577960219 0.001482788096238815
leaf_weight=5626.3677129596472 944.76434267312288 271.48054486513138 590.94786113500595 1062.6008847951889 2296.9337922334671 46.666582033038139 295.73802724480629 21.230641983449459 20.419265069067478 110.40307623147964 863.12641885876656 53.723482310771942 306.73906044661999 64.179681226611137 29.809960424900055
leaf_count=24439 4820 1159 2454 5214 10085 196 1275 95 91 534 5577 235 1332 269 147
internal_value=0 -0.00018842 -0.000422519 -0.000590366 0.000460593 0.000846298 0.000843676 0.00107861 -0.00130567 -0.000768962 0.00113354 0.000660345 -0.000114082 -0.00105875 0.000197056
internal_weight=0 10308.2 7575.65 6688.97 2732.54 2296.94 886.686 1849.54 41.6499 381.884 1807.89 2350.66 447.395 110.846 336.549
internal_count=57922 45395 33382 29653 12013 12527 3729 10583 186 1693 10397 10320 1944 465 1479
is_linear=0
shrinkage=0.01


Tree=335
num_leaves=16
num_cat=0
split_feature=4 0 5 1 8 3 6 0 8 3 1 2 7 1 2
split_gain=20.0533 20.9858 21.4333 14.2205 14.8392 9.94847 2.06751 1.91566 2.04348 1.91681 1.94899 1.52427 1.29903 1.17835 0.811299
threshold=1.0000000180025095e-35 1.0000000180025095e-35 1.0000000180025095e-35 2.5000000000000004 1.0000000180025095e-35 1.0000000180025095e-35 1.0000000180025095e-35 1.0000000180025095e-35 1.0000000180025095e-35 1.0000000180025095e-35 1.0000000180025095e-35 1.0000000180025095e-35 1.0000000180025095e-35 1.0000000180025095e-35 1.0000000180025095e-35
decision_type=2 2 2 2 2 2 2 2 2 2 2 2 2 2 2
left_child=1 2 5 4 -3 -1 -5 8 11 10 -9 -2 -11 -10 -4
right_child=7 3 14 6 -6 -7 -8 9 13 12 -12 -13 -14 -15 -16
leaf_value=-0.0011646815471171863 0.0017477553828449312 0.00043607348221576101 0.0014345825439629816 -0.0028382406029154794 -0.00068664279640898304 0.0010832635741504183 -0.00019171787483685375 -0.0012178723811674186 0.0037084927407949548 0.0012150495908594666 0.00087064284815021025 0.0033293568397513634 0.0028456313870788984 -0.00062960835975428228 0.0025789648349886034
leaf_weight=2969.3321999013424 217.12247920036316 6324.5553659796715 218.79077117145061 176.8181584328413 1446.5023989677429 210.85244092345238 35.434126064181328 48.864841997623444 7.3402116149663916 134.66004730761051 522.00420605391264 84.708469659090042 76.678394608199596 42.604924082756042 86.418753981590271
leaf_count=13761 961 28436 1055 844 6536 895 152 223 31 687 2397 647 452 185 660
internal_value=0 -0.000125304 -0.000772703 0.00015734 0.000227091 -0.00101564 -0.00239642 0.0012687 0.00188159 0.000993068 0.000691872 0.00219163 0.00180666 7.94282e-06 0.00175861
internal_weight=0 11468.7 3485.39 7983.31 7771.06 3180.18 212.252 1133.98 351.776 782.207 570.869 301.831 211.338 49.9451 305.21
internal_count=57922 52339 16371 35968 34972 14656 996 5583 1824 3759 2620 1608 1139 216 1715
is_linear=0
shrinkage=0.01


Tree=336
num_leaves=15
num_cat=0
split_feature=1 7 1 3 1 6 3 8 6 2 6 7 0 4
split_gain=19.6845 20.1763 28.1641 13.4859 14.228 10.4142 2.68016 2.30241 1.49671 1.33284 1.02646 0.812657 1.11356 0.483228
threshold=2.5000000000000004 1.0000000180025095e-35 1.5000000000000002 1.0000000180025095e-35 1.0000000180025095e-35 1.0000000180025095e-35 1.0000000180025095e-35 1.0000000180025095e-35 1.0000000180025095e-35 1.0000000180025095e-35 1.0000000180025095e-35 1.0000000180025095e-35 1.0000000180025095e-35 1.0000000180025095e-35
decision_type=2 2 2 2 2 2 2 2 2 2 2 2 2 2
left_child=1 3 8 4 -1 -4 11 10 -3 -5 -8 13 -13 -2
right_child=6 2 5 9 -6 -7 7 -9 -10 -11 -12 12 -14 -15
leaf_value=-0.0017687590003397219 -0.001851060683769775 0.0017972927872275371 -0.00025763567718218721 0.00031448301485051275 -0.00030959096837859205 0.0010837436670402283 -0.0001434356642820768 -0.0044747838286910945 0.0011735531245574225 0.00094440896432084549 0.0034296936123340538 -0.0019128211631944075 -0.0032551901304912131 -0.0001781596537012194
leaf_weight=790.49395073950291 195.27878387272358 1161.6449067816138 2708.9367565214634 1359.12981338799 4320.8849193453789 736.05574005097151 15.484686002135275 7.3973973840475074 575.19992385059595 446.1535591557622 16.722131788730621 131.441570289433 116.63260425627232 18.941651716828346
leaf_count=3607 1004 5318 11883 5689 19642 3694 66 33 3109 2495 77 688 535 82
internal_value=0 8.06294e-05 0.000552434 -0.000272838 -0.000535257 2.89629e-05 -0.00194044 0.000556228 0.00159073 0.000470161 0.00171177 -0.00215433 -0.00254394 -0.00170314
internal_weight=0 12098.5 5181.84 6916.66 5111.38 3444.99 501.899 39.6042 1736.84 1805.28 32.2068 462.295 248.074 214.22
internal_count=57922 55437 24004 31433 23249 15577 2485 176 8427 8184 143 2309 1223 1086
is_linear=0
shrinkage=0.01


Tree=337
num_leaves=16
num_cat=0
split_feature=4 0 5 1 8 6 6 0 8 3 1 2 7 3 3
split_gain=19.649 20.4736 20.9073 13.6996 14.4342 9.79233 2.00673 1.88133 1.99796 1.85714 1.89592 1.50222 1.2726 1.17152 0.813236
threshold=1.0000000180025095e-35 1.0000000180025095e-35 1.0000000180025095e-35 2.5000000000000004 1.0000000180025095e-35 1.0000000180025095e-35 1.0000000180025095e-35 1.0000000180025095e-35 1.0000000180025095e-35 1.0000000180025095e-35 1.0000000180025095e-35 1.0000000180025095e-35 1.0000000180025095e-35 1.0000000180025095e-35 1.0000000180025095e-35
decision_type=2 2 2 2 2 2 2 2 2 2 2 2 2 2 2
left_child=1 2 5 4 -3 -1 -5 8 11 10 -9 -2 -11 -10 -4
right_child=7 3 14 6 -6 -7 -8 9 13 12 -12 -13 -14 -15 -16
leaf_value=-0.0012457942884324038 0.0017302855919632629 0.00042967290566728582 0.0022159458857023448 -0.0027895495102954826 -0.00067775980115426088 0.00026833697392085736 -0.00018133998875132797 -0.0011967727885540556 0.00069290602573710773 0.0011988425127987929 0.00086300106448094095 0.0033018570747292432 0.0028138675799352082 -0.003430169253349716 0.001179849694132993
leaf_weight=2670.2677250653505 217.02995644509792 6323.4871802181005 164.20510727912188 176.47644658386707 1446.1090537458658 508.46076835691929 35.419300615787506 48.871524080634117 41.689393118023872 134.57053145766258 521.89908192306757 84.505164846777916 76.541335217654705 8.2561645805835706 140.64010746032
leaf_count=12453 961 28436 917 844 6536 2203 152 223 176 687 2397 647 452 40 798
internal_value=0 -0.000124043 -0.000763687 0.000155134 0.000223553 -0.0010036 -0.00235358 0.0012562 0.00186387 0.000983034 0.000686635 0.00217072 0.00178439 1.13482e-05 0.00173794
internal_weight=0 11465.1 3483.57 7981.49 7769.6 3178.73 211.896 1133.36 351.481 781.882 570.771 301.535 211.112 49.9456 304.845
internal_count=57922 52339 16371 35968 34972 14656 996 5583 1824 3759 2620 1608 1139 216 1715
is_linear=0
shrinkage=0.01


Tree=338
num_leaves=16
num_cat=0
split_feature=2 4 6 0 1 7 0 4 4 1 6 1 8 1 0
split_gain=19.4622 15.0288 14.9333 16.1378 6.32299 4.89857 3.08632 4.88582 1.9965 1.52679 1.16404 0.971193 1.57886 0.7681 0.646513
threshold=1.0000000180025095e-35 1.0000000180025095e-35 1.0000000180025095e-35 1.0000000180025095e-35 1.0000000180025095e-35 1.0000000180025095e-35 1.0000000180025095e-35 1.0000000180025095e-35 1.0000000180025095e-35 2.5000000000000004 1.0000000180025095e-35 2.5000000000000004 1.0000000180025095e-35 1.0000000180025095e-35 1.0000000180025095e-35
decision_type=2 2 2 2 2 2 2 2 2 2 2 2 2 2 2
left_child=1 2 3 -1 -4 6 7 -2 10 -8 -7 14 -13 -10 -3
right_child=5 11 4 -5 -6 8 9 -9 13 -11 -12 12 -14 -15 -16
leaf_value=-0.0012067324527311959 -0.00078775044911337305 0.0015895326153473894 -0.00087706622208927624 -0.00019096131379263957 0.00056674723300317289 0.00099975611743957638 0.00080658085179687912 0.0022562489992907554 -0.00034090370595481022 -0.0021428962679130785 0.0018500385986249259 -0.0014671849881347867 0.0046891572948207375 0.0029883927455358079 0.00097550065636616587
leaf_weight=2375.1432044953108 324.25713945925236 246.32869426906109 353.16123335063457 4580.1448380798101 2149.2162578999996 554.41064555197954 1007.0661936700344 62.968485631048679 7.4849192053079596 17.861780792474747 226.8997453302145 28.69977979362011 4.873128429055213 93.414861857891083 564.26686584949493
leaf_count=11184 1413 1082 1562 19632 9387 3145 4957 409 64 76 1706 125 20 757 2403
internal_value=0 -0.000185379 -0.00029949 -0.000537834 0.000362981 0.000833042 0.000467827 -0.000292752 0.00141764 0.000755179 0.00124669 0.00109307 -0.000573588 0.00274142 0.0011621
internal_weight=0 10301.8 9457.67 6955.29 2502.38 2294.36 1412.15 387.226 882.21 1024.93 781.31 844.168 33.5729 100.9 810.596
internal_count=57922 45395 41765 30816 10949 12527 6855 1822 5672 5033 4851 3630 145 821 3485
is_linear=0
shrinkage=0.01


Tree=339
num_leaves=16
num_cat=0
split_feature=2 8 1 7 6 1 6 7 3 0 4 4 8 6 1
split_gain=19.0829 14.8526 15.0323 24.3652 15.1723 6.72132 5.39224 4.80924 3.15774 3.02582 4.79252 1.96464 1.50752 1.14447 0.755636
threshold=1.0000000180025095e-35 1.0000000180025095e-35 1.5000000000000002 1.0000000180025095e-35 1.0000000180025095e-35 1.0000000180025095e-35 1.0000000180025095e-35 1.0000000180025095e-35 1.0000000180025095e-35 1.0000000180025095e-35 1.0000000180025095e-35 1.0000000180025095e-35 1.0000000180025095e-35 1.0000000180025095e-35 1.0000000180025095e-35
decision_type=2 2 2 2 2 2 2 2 2 2 2 2 2 2 2
left_child=1 2 3 -1 -4 8 -7 9 -3 10 -2 13 -11 -9 -13
right_child=7 5 4 -5 -6 6 -8 11 -10 12 -12 14 -14 -15 -16
leaf_value=-0.00029064779726227237 -0.00077979501950376634 -0.0029859515531266527 -0.00059151528616246181 0.0015310455288569526 0.00067195806934023804 -0.0011219844927367708 0.00020002778355249226 0.00099026151647717449 -0.00073289666621170584 0.0010160613507658512 0.002236630504415282 -0.00033741203092296649 0.00019931750925713566 0.0018337941089569176 0.0029646429470334486
leaf_weight=1557.3155508488417 324.28952649235725 221.93110239505768 4346.1345831304789 1389.1164776235819 1216.4397130310535 1045.4192991554737 437.71053245663643 554.13051910698414 86.432637184858322 688.1429418027401 62.886019214987755 7.4867422059178343 336.49867369234562 226.62201701104641 93.222551636397839
leaf_count=6783 1413 1093 18885 6055 5265 5019 1934 3145 361 3554 409 64 1479 1706 757
internal_value=0 -0.000183549 -9.31229e-06 0.000568203 -0.000315215 -0.00101112 -0.000731824 0.000825105 -0.00235443 0.00046326 -0.00028986 0.00140466 0.000747838 0.00123511 0.00271917
internal_weight=0 10300.5 8509.01 2946.43 5562.57 1791.49 1483.13 2293.28 308.364 1411.82 387.176 881.462 1024.64 780.753 100.709
internal_count=57922 45395 36988 12838 24150 8407 6953 12527 1454 6855 1822 5672 5033 4851 821
is_linear=0
shrinkage=0.01


Tree=340
num_leaves=15
num_cat=0
split_feature=1 7 1 3 1 6 3 8 6 2 5 7 0 4
split_gain=18.8567 19.2508 26.9699 12.9311 13.7754 9.77441 2.5958 2.25175 1.52688 1.24959 1.01444 0.800949 1.08844 0.454908
threshold=2.5000000000000004 1.0000000180025095e-35 1.5000000000000002 1.0000000180025095e-35 1.0000000180025095e-35 1.0000000180025095e-35 1.0000000180025095e-35 1.0000000180025095e-35 1.0000000180025095e-35 1.0000000180025095e-35 1.0000000180025095e-35 1.0000000180025095e-35 1.0000000180025095e-35 1.0000000180025095e-35
decision_type=2 2 2 2 2 2 2 2 2 2 2 2 2 2
left_child=1 3 8 4 -1 -4 11 10 -3 -5 -8 13 -13 -2
right_child=6 2 5 9 -6 -7 7 -9 -10 -11 -12 12 -14 -15
leaf_value=-0.0017379826878691712 -0.0018073704740074238 0.0017652724815852001 -0.00025001328232857528 0.0003105697730750596 -0.00030146325184819385 0.0010502770154556967 0.0032014831961978498 -0.0044231335112152595 0.0011348142183547464 0.00092083125079831711 -0.00039913697425558747 -0.0018744699822464059 -0.0032030044984460715 -0.00018401058763375968
leaf_weight=789.59985594451427 194.86642490327358 1160.7852215394378 2707.6607751324773 1358.8994602411985 4318.4599522277713 735.04841297119856 18.760023310780525 7.3846902251243582 574.14479999989271 445.54547170549631 13.423891633749006 131.15646211057901 116.39516539871693 18.939879015088081
leaf_count=3607 1004 5318 11883 5689 19642 3694 77 33 3109 2495 66 688 535 82
internal_value=0 7.88941e-05 0.000539957 -0.000266454 -0.000523519 2.761e-05 -0.00190109 0.000556968 0.00155663 0.000461253 0.00169967 -0.0021119 -0.00249913 -0.00166357
internal_weight=0 12090.1 5177.64 6912.5 5108.06 3442.71 500.927 39.5686 1734.93 1804.44 32.1839 461.358 247.552 213.806
internal_count=57922 55437 24004 31433 23249 15577 2485 176 8427 8184 143 2309 1223 1086
is_linear=0
shrinkage=0.01


Tree=341
num_leaves=16
num_cat=0
split_feature=4 0 5 1 8 3 6 0 8 3 1 2 7 1 3
split_gain=18.7745 19.4533 20.1917 13.1213 13.7902 9.50198 1.93335 1.80832 1.94175 1.79035 1.83335 1.43168 1.22979 1.17619 0.809762
threshold=1.0000000180025095e-35 1.0000000180025095e-35 1.0000000180025095e-35 2.5000000000000004 1.0000000180025095e-35 1.0000000180025095e-35 1.0000000180025095e-35 1.0000000180025095e-35 1.0000000180025095e-35 1.0000000180025095e-35 1.0000000180025095e-35 1.0000000180025095e-35 1.0000000180025095e-35 1.0000000180025095e-35 1.0000000180025095e-35
decision_type=2 2 2 2 2 2 2 2 2 2 2 2 2 2 2
left_child=1 2 5 4 -3 -1 -5 8 11 10 -9 -2 -11 -10 -4
right_child=7 3 14 6 -6 -7 -8 9 13 12 -12 -13 -14 -15 -16
leaf_value=-0.0011268101105961752 0.0016988361156417106 0.00041933553089108615 0.0021924547662022613 -0.0027354333636098035 -0.00066342877751719698 0.001070504771612462 -0.00017463756396935825 -0.0011822137352427407 0.0036971477599959698 0.0011729974295050913 0.0008434347178226441 0.0032363637781431397 0.0027625522884407263 -0.00063813305798511534 0.001157858629214422
leaf_weight=2964.8603736013174 216.85352657735348 6320.4714322313666 163.96102814376354 176.0822584182024 1445.2125715911388 210.79422184824944 35.411318525671959 48.867101222276688 7.335927575826644 134.4218877851963 521.5066853761673 84.029168769717216 76.298922412097454 42.59357225894928 140.45816139131784
leaf_count=13761 961 28436 917 844 6536 895 152 223 31 687 2397 647 452 185 798
internal_value=0 -0.000121261 -0.000745119 0.0001509 0.00021783 -0.000980956 -0.00230667 0.00122875 0.00182516 0.000960885 0.000669886 0.00212823 0.00174855 -1.16881e-06 0.0017151
internal_weight=0 11457.3 3480.07 7977.18 7765.68 3175.65 211.494 1131.91 350.812 781.095 570.374 300.883 210.721 49.9295 304.419
internal_count=57922 52339 16371 35968 34972 14656 996 5583 1824 3759 2620 1608 1139 216 1715
is_linear=0
shrinkage=0.01


Tree=342
num_leaves=16
num_cat=0
split_feature=2 4 0 5 8 7 0 4 4 1 6 1 8 1 0
split_gain=18.5573 14.455 14.1515 11.9119 10.2909 4.62946 2.94035 4.59934 1.89632 1.46951 1.10065 0.935172 1.55176 0.745364 0.625504
threshold=1.0000000180025095e-35 1.0000000180025095e-35 1.0000000180025095e-35 1.0000000180025095e-35 1.0000000180025095e-35 1.0000000180025095e-35 1.0000000180025095e-35 1.0000000180025095e-35 1.0000000180025095e-35 2.5000000000000004 1.0000000180025095e-35 2.5000000000000004 1.0000000180025095e-35 1.0000000180025095e-35 1.0000000180025095e-35
decision_type=2 2 2 2 2 2 2 2 2 2 2 2 2 2 2
left_child=1 2 3 -1 -4 6 7 -2 10 -8 -7 14 -13 -10 -3
right_child=5 11 4 -5 -6 8 9 -9 13 -11 -12 12 -14 -15 -16
leaf_value=-0.0010499333303782183 -0.00076294863700433703 0.0015614874193834111 0.00015279486989620207 0.0013783898188569389 -0.00088214858408701326 0.00097662575371100404 0.00079012382933799238 0.0021956705098161765 -0.00036083897228010733 -0.0021035625609679858 0.001804613212830605 -0.0014494446152772886 0.0046527800397948614 0.002921742936471431 0.00095731958573371889
leaf_weight=2717.5867065936327 324.26704214513302 246.15210950374603 5344.8767552226782 218.22983203828335 1171.328108549118 553.6590600758791 1006.2868889272213 62.703581072390079 7.4740275219082823 17.861194029450417 226.11365099996328 28.679268851876259 4.8757053911685935 92.865386605262756 563.99613206088543
leaf_count=12640 1413 1082 22700 1055 5370 3145 4957 409 64 76 1706 125 20 757 2403
internal_value=0 -0.000181016 -0.000292963 -0.000869427 -3.32426e-05 0.000814058 0.000459066 -0.000283543 0.00138323 0.000739658 0.00121672 0.00107313 -0.000562761 0.00267723 0.00114089
internal_weight=0 10295.7 9452.02 2935.82 6516.2 2291.23 1411.12 386.971 880.112 1024.15 779.773 843.703 33.555 100.339 810.148
internal_count=57922 45395 41765 13695 28070 12527 6855 1822 5672 5033 4851 3630 145 821 3485
is_linear=0
shrinkage=0.01


Tree=343
num_leaves=16
num_cat=0
split_feature=2 4 6 0 1 8 1 0 7 0 1 1 8 0 1
split_gain=18.1956 14.1697 14.0258 15.1572 6.05575 4.59277 2.18555 2.47949 1.87099 1.21159 1.05722 0.916719 1.52044 0.613571 0.543197
threshold=1.0000000180025095e-35 1.0000000180025095e-35 1.0000000180025095e-35 1.0000000180025095e-35 1.0000000180025095e-35 1.0000000180025095e-35 2.5000000000000004 1.0000000180025095e-35 1.0000000180025095e-35 1.0000000180025095e-35 1.5000000000000002 2.5000000000000004 1.0000000180025095e-35 1.0000000180025095e-35 1.0000000180025095e-35
decision_type=2 2 2 2 2 2 2 2 2 2 2 2 2 2 2
left_child=1 2 3 -1 -4 6 8 -8 -2 10 -7 13 -13 -3 -11
right_child=5 11 4 -5 -6 9 7 -9 -10 14 -12 12 -14 -15 -16
leaf_value=-0.001170082662162732 0.00077166161548207967 0.0015463058368890559 -0.00086199325727332268 -0.00018507584451083297 0.00055155854151958011 -0.0021560132508832396 0.0011575755621815265 -0.0037233661305783239 0.0014169280029037012 0.001054988956443128 -0.00017703340171658447 -0.0014353937388047098 0.0046035686378652855 0.00094785984101703337 7.884504429200244e-06
leaf_weight=2371.3563518077135 942.70690184086561 246.08349306881428 352.85606783628464 4578.3596978336573 2148.0513545125723 46.61871437728405 21.205929160118103 20.439022779464722 858.64822001755238 60.378806963562965 64.130316734313965 28.670456871390343 4.8785331249237052 563.92889712750912 276.04328434169292
leaf_count=11184 4820 1082 1562 19632 9387 196 95 91 5577 264 269 125 20 2403 1215
internal_value=0 -0.000179233 -0.000290077 -0.000521176 0.000352119 0.000806294 0.00102688 -0.00123795 0.00107924 -0.000102843 -0.00101007 0.00106258 -0.000557237 0.00112967 0.000195812
internal_weight=0 10294.2 9450.62 6949.72 2500.91 2290.17 1843 41.645 1801.36 447.171 110.749 843.561 33.549 810.012 336.422
internal_count=57922 45395 41765 30816 10949 12527 10583 186 10397 1944 465 3630 145 3485 1479
is_linear=0
shrinkage=0.01


Tree=344
num_leaves=15
num_cat=0
split_feature=1 7 1 3 1 6 3 8 6 2 5 7 0 4
split_gain=18.0309 18.5686 26.3074 12.4031 13.4435 9.32826 2.51186 2.20773 1.5546 1.17736 0.999462 0.788419 1.06944 0.428948
threshold=2.5000000000000004 1.0000000180025095e-35 1.5000000000000002 1.0000000180025095e-35 1.0000000180025095e-35 1.0000000180025095e-35 1.0000000180025095e-35 1.0000000180025095e-35 1.0000000180025095e-35 1.0000000180025095e-35 1.0000000180025095e-35 1.0000000180025095e-35 1.0000000180025095e-35 1.0000000180025095e-35
decision_type=2 2 2 2 2 2 2 2 2 2 2 2 2 2
left_child=1 3 8 4 -1 -4 11 10 -3 -5 -8 13 -13 -2
right_child=6 2 5 9 -6 -7 7 -9 -10 -11 -12 12 -14 -15
leaf_value=-0.0017143106836565139 -0.0017632178215023348 0.0017453800159497434 -0.00024719308501132289 0.00030451393754272945 -0.00029458529490647699 0.0010237592007374576 0.0031789174626529072 -0.0043786961964234197 0.0011088373572337199 0.00089718789537020758 -0.00039493614448210041 -0.0018331099919374838 -0.0031513292009481353 -0.000186826704783979
leaf_weight=788.87127329409122 194.45602452754974 1159.8625977709889 2706.259656265378 1358.6143213957548 4316.0444738566875 734.14590945094824 18.758897200226784 7.3722409307956687 573.32593146711588 444.95446129888296 13.425508894026278 130.85214173048735 116.19124339520931 18.942936986684799
leaf_count=3607 1004 5318 11883 5689 19642 3694 77 33 3109 2495 66 688 535 82
internal_value=0 7.71272e-05 0.000530143 -0.000262125 -0.000513978 2.40146e-05 -0.00186077 0.000557428 0.00153482 0.000450731 0.00168811 -0.00206851 -0.0024531 -0.00162329
internal_weight=0 12082.1 5173.59 6908.48 5104.92 3440.41 499.999 39.5566 1733.19 1803.57 32.1844 460.442 247.043 213.399
internal_count=57922 55437 24004 31433 23249 15577 2485 176 8427 8184 143 2309 1223 1086
is_linear=0
shrinkage=0.01


Tree=345
num_leaves=16
num_cat=0
split_feature=2 8 1 7 6 1 6 8 3 5 3 3 0 1 1
split_gain=17.7683 13.9116 14.1865 22.7877 14.0704 6.4327 5.16644 4.47905 2.99801 2.12891 3.24717 2.51043 1.18081 1.03274 0.540104
threshold=1.0000000180025095e-35 1.0000000180025095e-35 1.5000000000000002 1.0000000180025095e-35 1.0000000180025095e-35 1.0000000180025095e-35 1.0000000180025095e-35 1.0000000180025095e-35 1.0000000180025095e-35 1.0000000180025095e-35 1.0000000180025095e-35 1.0000000180025095e-35 1.0000000180025095e-35 1.5000000000000002 1.0000000180025095e-35
decision_type=2 2 2 2 2 2 2 2 2 2 2 2 2 2 2
left_child=1 2 3 -1 -4 8 -7 9 -3 10 -2 -11 13 -9 -14
right_child=7 5 4 -5 -6 6 -8 12 -10 11 -12 -13 14 -15 -16
leaf_value=-0.00027803098269765645 0.00058769146408355294 -0.0029119952483615793 -0.00057194092016427957 0.0014843777971764913 0.00064524413011887802 -0.001087821099364904 0.00020668425874018518 -0.0021290089819855731 -0.00071522174333460713 0.0023864182137246907 0.0018408159837309673 0.00091078079403685355 0.0010509577669517763 -0.0001730372014659342 6.7103399139059485e-06
leaf_weight=1556.3192288130522 1125.2672794386744 221.12256290018559 4342.8316677212715 1387.9047932773829 1215.5394907146692 1043.7819484472275 437.54809741675854 46.6174236536026 86.398012906312943 216.79297546297312 253.33872091025114 246.23615668714046 60.362155571579933 64.126645445823669 276.01248508691788
leaf_count=6783 5466 1093 18885 6055 5265 5019 1934 196 361 1764 1372 1981 264 269 1215
internal_value=0 -0.000177115 -8.47427e-06 0.000552767 -0.000305759 -0.000978682 -0.000705456 0.000797041 -0.00229481 0.00101501 0.000817971 0.00160168 -0.000100767 -0.000996398 0.0001941
internal_weight=0 10291.4 8502.6 2944.22 5558.37 1788.85 1481.33 2288.75 307.521 1841.64 1378.61 463.029 447.119 110.744 336.375
internal_count=57922 45395 36988 12838 24150 8407 6953 12527 1454 10583 6838 3745 1944 465 1479
is_linear=0
shrinkage=0.01


Tree=346
num_leaves=16
num_cat=0
split_feature=4 0 5 1 8 3 3 0 8 3 1 2 7 1 3
split_gain=17.7169 18.214 19.1776 12.5257 12.9387 9.16659 1.86955 1.73333 1.87261 1.72314 1.7813 1.39445 1.19205 1.17122 0.801425
threshold=1.0000000180025095e-35 1.0000000180025095e-35 1.0000000180025095e-35 2.5000000000000004 1.0000000180025095e-35 1.0000000180025095e-35 1.0000000180025095e-35 1.0000000180025095e-35 1.0000000180025095e-35 1.0000000180025095e-35 1.0000000180025095e-35 1.0000000180025095e-35 1.0000000180025095e-35 1.0000000180025095e-35 1.0000000180025095e-35
decision_type=2 2 2 2 2 2 2 2 2 2 2 2 2 2 2
left_child=1 2 5 4 -3 -1 -5 8 11 10 -9 -2 -11 -10 -4
right_child=7 3 14 6 -6 -7 -8 9 13 12 -12 -13 -14 -15 -16
leaf_value=-0.001095274374862724 0.0016539621601507266 0.00040614116044152628 0.0021538785943697601 -0.0025751193454688721 -0.00064307895908635542 0.0010634279817286186 0.0005336600993388344 -0.0011791622232220139 0.0036765820125040562 0.0011391875749644817 0.00081789314679599917 0.0031745537912911815 0.0027062531749711964 -0.00064981911032033798 0.0011235227038597904
leaf_weight=2960.8355633765459 216.61220289766788 6316.8872015401721 163.57417484372854 189.55711786448956 1444.0003906935453 210.7067174166441 21.542966827750206 48.851123616099358 7.3348516523838034 134.23560087382793 521.09205608814955 83.577965401113033 76.040186084806919 42.591839000582695 140.18597166240215
leaf_count=13761 961 28436 917 903 6536 895 93 223 31 687 2397 647 452 185 798
internal_value=0 -0.000117821 -0.000721962 0.000145548 0.000210922 -0.000951857 -0.00225787 0.00119449 0.00177907 0.000932171 0.000646721 0.00207732 0.00170587 -1.4217e-05 0.00167837
internal_weight=0 11447.3 3475.3 7971.99 7760.89 3171.54 211.1 1130.34 350.117 780.219 569.943 300.19 210.276 49.9267 303.76
internal_count=57922 52339 16371 35968 34972 14656 996 5583 1824 3759 2620 1608 1139 216 1715
is_linear=0
shrinkage=0.01


Tree=347
num_leaves=16
num_cat=0
split_feature=1 7 1 3 1 6 3 7 0 5 6 2 7 0 4
split_gain=17.3747 17.7947 25.2376 11.9191 13.066 8.92402 2.41338 2.16148 3.79573 2.48905 1.53938 1.10692 0.774659 1.0317 0.40694
threshold=2.5000000000000004 1.0000000180025095e-35 1.5000000000000002 1.0000000180025095e-35 1.0000000180025095e-35 1.0000000180025095e-35 1.0000000180025095e-35 1.0000000180025095e-35 1.0000000180025095e-35 1.0000000180025095e-35 1.0000000180025095e-35 1.0000000180025095e-35 1.0000000180025095e-35 1.0000000180025095e-35 1.0000000180025095e-35
decision_type=2 2 2 2 2 2 2 2 2 2 2 2 2 2 2
left_child=1 3 10 4 -1 -4 12 8 -8 -9 -3 -5 14 -14 -2
right_child=6 2 5 11 -6 -7 7 9 -10 -11 -12 -13 13 -15 -16
leaf_value=-0.0016874075406847636 -0.0017268128822167678 0.0017133152020966491 -0.00024169967585175556 0.00030071460068263497 -0.00028716292290105255 0.0010018747692050619 -0.0085291112293211045 0.0062577932517648384 0.00091102506734236062 -0.0015379998677873641 0.0010795550400300911 0.00087564859105793396 -0.0018041431384863283 -0.0030999948044421748 -0.00019120250172643984
leaf_weight=788.13557134568691 194.11200943589211 1159.2392584756017 2705.6066974028945 1358.481412678957 4314.3064092770219 733.49574538320303 5.727091625332835 10.468317911028864 16.619185462594032 6.72764828801155 572.55909576267004 444.42822412401438 130.65166092664003 115.9770954400301 18.941015630960464
leaf_count=3607 1004 5318 11883 5689 19642 3694 27 43 72 34 3109 2495 688 535 82
internal_value=0 7.56892e-05 0.000519286 -0.000256488 -0.000503448 2.35313e-05 -0.00182805 0.000542583 -0.00150837 0.00320781 0.00150378 0.000442439 -0.00203197 -0.00241352 -0.00159029
internal_weight=0 12076.3 5170.9 6905.35 5102.44 3439.1 499.224 39.5422 22.3463 17.196 1731.8 1802.91 459.682 246.629 213.053
internal_count=57922 55437 24004 31433 23249 15577 2485 176 99 77 8427 8184 2309 1223 1086
is_linear=0
shrinkage=0.01


Tree=348
num_leaves=16
num_cat=0
split_feature=4 0 5 1 8 3 6 0 8 3 1 2 3 7 3
split_gain=17.357 17.7648 18.7201 12.0726 12.5852 8.92679 1.84143 1.7032 1.83104 1.66737 1.73272 1.37345 1.17113 1.16608 0.791878
threshold=1.0000000180025095e-35 1.0000000180025095e-35 1.0000000180025095e-35 2.5000000000000004 1.0000000180025095e-35 1.0000000180025095e-35 1.0000000180025095e-35 1.0000000180025095e-35 1.0000000180025095e-35 1.0000000180025095e-35 1.0000000180025095e-35 1.0000000180025095e-35 1.0000000180025095e-35 1.0000000180025095e-35 1.0000000180025095e-35
decision_type=2 2 2 2 2 2 2 2 2 2 2 2 2 2 2
left_child=1 2 5 4 -3 -1 -5 8 11 10 -9 -2 -10 -11 -4
right_child=7 3 14 6 -6 -7 -8 9 12 13 -12 -13 -14 -15 -16
leaf_value=-0.001082154264010565 0.0016375824038102299 0.00040016454200176882 0.0021323555173199706 -0.0026377950513293219 -0.000634745746057464 0.0010481942595885992 -0.00013712741325351863 -0.0011588309203592665 0.00067063418026187002 0.0011236664421681662 0.0008107028994460483 0.0031480176081408184 -0.0034531113931256401 0.0026745903560552631 0.0011076403913562213
leaf_weight=2959.4645687043667 216.5257640182972 6315.8809851706028 163.38280133903027 175.3848657310009 1443.6294963806868 210.69911788403988 35.389053106307983 48.857339397072792 41.6771499812603 134.15185751020908 520.99207284301519 83.385467834770679 8.2501212656497938 75.909660562872887 140.06490387022495
leaf_count=13761 961 28436 917 844 6536 895 152 223 176 687 2397 647 40 452 798
internal_value=0 -0.000116625 -0.00071344 0.000143479 0.000207623 -0.000940565 -0.00221793 0.00118262 0.00176235 0.000922569 0.00064184 0.00205753 -1.0785e-05 0.00168412 0.00165937
internal_weight=0 11443.9 3473.61 7970.28 7759.51 3170.16 210.774 1129.75 349.839 779.911 569.849 299.911 49.9273 210.062 303.448
internal_count=57922 52339 16371 35968 34972 14656 996 5583 1824 3759 2620 1608 216 1139 1715
is_linear=0
shrinkage=0.01


Tree=349
num_leaves=16
num_cat=0
split_feature=2 4 6 0 1 7 0 4 4 1 6 1 8 1 0
split_gain=17.2093 13.3742 12.992 14.1511 5.75024 4.25888 2.79457 4.31189 1.79907 1.35907 1.02839 0.872401 1.4906 0.73971 0.585138
threshold=1.0000000180025095e-35 1.0000000180025095e-35 1.0000000180025095e-35 1.0000000180025095e-35 1.0000000180025095e-35 1.0000000180025095e-35 1.0000000180025095e-35 1.0000000180025095e-35 1.0000000180025095e-35 2.5000000000000004 1.0000000180025095e-35 2.5000000000000004 1.0000000180025095e-35 1.0000000180025095e-35 1.0000000180025095e-35
decision_type=2 2 2 2 2 2 2 2 2 2 2 2 2 2 2
left_child=1 2 3 -1 -4 6 7 -2 10 -8 -7 14 -13 -10 -3
right_child=5 11 4 -5 -6 8 9 -9 13 -11 -12 12 -14 -15 -16
leaf_value=-0.0011322827505064669 -0.00074343894305930688 0.0015051987196121716 -0.00084753994177102848 -0.00017990001781823878 0.00053060707956704924 0.00093770082426861763 0.00076669783209011219 0.0021275029876728249 -0.00043751391143832282 -0.0020162661586804972 0.0017397533848227415 -0.0014185765291748031 0.0045597915469690149 0.002841810057152388 0.00092050506180385778
leaf_weight=2367.2380481809378 324.09834317862988 245.82727253437042 352.47100384533405 4576.0610280632973 2146.5539552718401 552.335843577981 1005.0549160838127 62.383743606507778 7.4330401644110671 17.859789967536926 224.98174279183149 28.643755495548248 4.8813049495220175 92.196168720722198 563.5059909671545
leaf_count=11184 1413 1082 1562 19632 9387 3145 4957 409 64 76 1706 125 20 757 2403
internal_value=0 -0.00017433 -0.000282068 -0.000504604 0.000336229 0.000784846 0.000444401 -0.000280028 0.001332 0.000718108 0.00116984 0.00103262 -0.000548116 0.00259715 0.0010981
internal_weight=0 10285.2 9442.32 6943.3 2499.02 2286.34 1409.4 386.482 876.947 1022.91 777.318 842.858 33.5251 99.6292 809.333
internal_count=57922 45395 41765 30816 10949 12527 6855 1822 5672 5033 4851 3630 145 821 3485
is_linear=0
shrinkage=0.01


Tree=350
num_leaves=16
num_cat=0
split_feature=2 8 1 7 6 1 6 8 3 1 6 7 0 1 1
split_gain=16.8735 13.133 13.5668 21.7984 13.1919 6.22174 4.95851 4.2003 2.88478 2.00262 2.41995 1.72276 1.12661 1.01732 0.538532
threshold=1.0000000180025095e-35 1.0000000180025095e-35 1.5000000000000002 1.0000000180025095e-35 1.0000000180025095e-35 1.0000000180025095e-35 1.0000000180025095e-35 1.0000000180025095e-35 1.0000000180025095e-35 2.5000000000000004 1.0000000180025095e-35 1.0000000180025095e-35 1.0000000180025095e-35 1.5000000000000002 1.0000000180025095e-35
decision_type=2 2 2 2 2 2 2 2 2 2 2 2 2 2 2
left_child=1 2 3 -1 -4 8 -7 9 -3 11 -11 -2 13 -9 -14
right_child=7 5 4 -5 -6 6 -8 12 -10 10 -12 -13 14 -15 -16
leaf_value=-0.00027242963464742617 0.00074378330376719242 -0.0028546425896223923 -0.00055738731273968865 0.0014518256150337389 0.00062155539106493898 -0.0010582077371524112 0.00021034279357513285 -0.0020914947984339337 -0.00069861815851032176 -0.0023669417779563673 0.0037112447801148935 0.0013638032616065513 0.0010516739206694046 -0.00014975611599590637 8.8604821860187521e-06
leaf_weight=1555.5996964722872 941.13984575122595 220.49353834986687 4339.995245680213 1386.8714286834002 1214.7842148840427 1042.3660874068737 437.44183684885502 46.594890892505646 86.36769238114357 33.512408718466759 8.1415870487689954 855.49835296720266 60.351525411009789 64.101839125156403 275.9804702103138
leaf_count=6783 4820 1093 18885 6055 5265 5019 1934 196 361 144 42 5577 264 269 1215
internal_value=0 -0.000172609 -8.74384e-06 0.000540262 -0.000299562 -0.000951936 -0.000683215 0.000777349 -0.00224782 0.00098876 -0.00117891 0.00103902 -9.20235e-05 -0.00096708 0.000195983
internal_weight=0 10283.9 8497.25 2942.47 5554.78 1786.67 1479.81 2285.32 306.861 1838.29 41.654 1796.64 447.029 110.697 336.332
internal_count=57922 45395 36988 12838 24150 8407 6953 12527 1454 10583 186 10397 1944 465 1479
is_linear=0
shrinkage=0.01


Tree=351
num_leaves=16
num_cat=0
split_feature=4 0 5 1 8 3 6 0 8 3 1 2 1 7 3
split_gain=16.6609 17.0002 18.1622 11.761 12.1165 8.69099 1.7788 1.64704 1.77855 1.62821 1.69381 1.33022 1.16339 1.13412 0.782358
threshold=1.0000000180025095e-35 1.0000000180025095e-35 1.0000000180025095e-35 2.5000000000000004 1.0000000180025095e-35 1.0000000180025095e-35 1.0000000180025095e-35 1.0000000180025095e-35 1.0000000180025095e-35 1.0000000180025095e-35 1.0000000180025095e-35 1.0000000180025095e-35 1.0000000180025095e-35 1.0000000180025095e-35 1.0000000180025095e-35
decision_type=2 2 2 2 2 2 2 2 2 2 2 2 2 2 2
left_child=1 2 5 4 -3 -1 -5 8 11 10 -9 -2 -10 -11 -4
right_child=7 3 14 6 -6 -7 -8 9 12 13 -12 -13 -14 -15 -16
leaf_value=-0.0010619528023016727 0.001608315537087528 0.00039242562062813548 0.0021107075680886103 -0.0026049379435472753 -0.00062325394840814839 0.0010402860621446378 -0.00014688888565747891 -0.0011543336463204358 0.0036614742072725022 0.0011040003731485983 0.00079312740068705246 0.0030972657630319303 -0.00065083415836627581 0.002634934927819116 0.0010915884911008725
leaf_weight=2956.9942937195301 216.37567807734013 6313.8388760685921 163.16418714821339 175.16441485285759 1442.9534298330545 210.66546799242496 35.388521760702133 48.850828215479851 7.3331715464591971 134.04330702126026 520.70467204600573 83.024879582226276 42.595556274056435 75.725646935403347 139.92843199521303
leaf_count=13761 961 28436 917 844 6536 895 152 223 31 687 2397 647 185 452 798
internal_value=0 -0.000114268 -0.000698379 0.000140184 0.000203484 -0.000922143 -0.0021918 0.00115925 0.00172982 0.000903489 0.000626093 0.00202121 -1.74734e-05 0.00165666 0.00164021
internal_weight=0 11438.1 3470.75 7967.35 7756.79 3167.66 210.553 1128.65 349.329 779.324 569.556 299.401 49.9287 209.769 303.093
internal_count=57922 52339 16371 35968 34972 14656 996 5583 1824 3759 2620 1608 216 1139 1715
is_linear=0
shrinkage=0.01


Tree=352
num_leaves=16
num_cat=0
split_feature=2 4 8 1 1 7 0 4 4 1 6 1 8 1 0
split_gain=16.475 12.8734 12.5434 13.5189 5.29587 4.08467 2.71449 4.14149 1.7367 1.30845 1.00059 0.851696 1.46634 0.72576 0.565214
threshold=1.0000000180025095e-35 1.0000000180025095e-35 1.0000000180025095e-35 1.5000000000000002 1.0000000180025095e-35 1.0000000180025095e-35 1.0000000180025095e-35 1.0000000180025095e-35 1.0000000180025095e-35 2.5000000000000004 1.0000000180025095e-35 2.5000000000000004 1.0000000180025095e-35 1.0000000180025095e-35 1.0000000180025095e-35
decision_type=2 2 2 2 2 2 2 2 2 2 2 2 2 2 2
left_child=1 2 3 -1 -4 6 7 -2 10 -8 -7 14 -13 -10 -3
right_child=5 11 4 -5 -6 8 9 -9 13 -11 -12 12 -14 -15 -16
leaf_value=0.00046553198622574016 -0.00073284005407235164 0.0014787982231366057 -0.00229439590090335 -0.00041106038318057525 -0.00080526398217715359 0.00091654305096446152 0.00075253365905296314 0.0020844854260328818 -0.00045721337921682308 -0.00197815381967945 0.001708490775250144 -0.0014118538741259004 0.0045165227523067128 0.0027937237447064707 0.00090398952156957768
leaf_weight=2691.8398410826921 324.04958063364029 245.67638066411018 288.84127068519592 5078.5506591051817 1379.0451755523682 551.6548947095871 1004.4560096561909 62.191325664520264 7.4223313182592383 17.859373793005943 224.44785938411951 28.63677616417408 4.8836918324232093 91.806583888828754 563.29562546312809
leaf_count=11720 1413 1082 1381 22126 6538 3145 4957 409 64 76 1706 125 20 757 2403
internal_value=0 -0.000170563 -0.000276286 -0.000107389 -0.00106315 0.000768378 0.000434998 -0.000279203 0.00130484 0.00070483 0.00114557 0.00101383 -0.000548132 0.00255055 0.00107855
internal_weight=0 10280.8 9438.28 7770.39 1667.89 2283.89 1408.56 386.241 875.332 1022.32 776.103 842.492 33.5205 99.2289 808.972
internal_count=57922 45395 41765 33846 7919 12527 6855 1822 5672 5033 4851 3630 145 821 3485
is_linear=0
shrinkage=0.01


Tree=353
num_leaves=15
num_cat=0
split_feature=1 7 1 3 5 6 3 8 6 2 6 7 0 8
split_gain=16.3086 16.7417 23.8988 11.2615 12.6349 8.32959 2.3062 2.13417 1.57523 1.00518 0.980716 0.765395 0.990916 0.400993
threshold=2.5000000000000004 1.0000000180025095e-35 1.5000000000000002 1.0000000180025095e-35 1.0000000180025095e-35 1.0000000180025095e-35 1.0000000180025095e-35 1.0000000180025095e-35 1.0000000180025095e-35 1.0000000180025095e-35 1.0000000180025095e-35 1.0000000180025095e-35 1.0000000180025095e-35 1.0000000180025095e-35
decision_type=2 2 2 2 2 2 2 2 2 2 2 2 2 2
left_child=1 3 8 4 -1 -4 11 10 -3 -5 -8 13 -13 -2
right_child=6 2 5 9 -6 -7 7 -9 -10 -11 -12 12 -14 -15
leaf_value=-0.00061967783646861942 -0.0012458151244000755 0.0016746224453568202 -0.00023496159654017083 0.00029556727707837142 0.0014103363825777372 0.00096734843072386514 -0.00015712182694941951 -0.0043161352875517797 0.0010329158392690437 0.00084383705315832166 0.0033368570047888069 -0.0017550117694314182 -0.0030267464153615532 -0.0021893540253085371
leaf_weight=4770.0257573723793 147.67361079156399 1158.0565096512437 2703.6930453702807 1358.0962545126677 327.66312138736248 732.29296581447124 15.49082976579666 7.3540910631418219 571.22224902361631 443.61987318098545 16.687515825033188 130.30052876472473 115.64990118145943 64.809541821479797
leaf_count=21602 745 5318 11883 5689 1647 3694 66 33 3109 2495 77 688 535 341
internal_value=0 7.33081e-05 0.000503837 -0.000249009 -0.000489195 2.12802e-05 -0.00177337 0.000544076 0.00146265 0.000430563 0.00165484 -0.00197321 -0.002353 -0.0015336
internal_weight=0 12064.7 5165.26 6899.41 5097.69 3435.99 497.966 39.5324 1729.28 1801.72 32.1783 458.434 245.95 212.483
internal_count=57922 55437 24004 31433 23249 15577 2485 176 8427 8184 143 2309 1223 1086
is_linear=0
shrinkage=0.01


Tree=354
num_leaves=16
num_cat=0
split_feature=2 4 6 0 1 8 1 0 7 0 1 1 8 0 1
split_gain=16.0765 12.6131 12.2142 13.52 5.54704 3.99763 1.8959 2.37589 1.62093 1.07626 1.00547 0.815247 1.44115 0.555418 0.527334
threshold=1.0000000180025095e-35 1.0000000180025095e-35 1.0000000180025095e-35 1.0000000180025095e-35 1.0000000180025095e-35 1.0000000180025095e-35 2.5000000000000004 1.0000000180025095e-35 1.0000000180025095e-35 1.0000000180025095e-35 1.5000000000000002 2.5000000000000004 1.0000000180025095e-35 1.0000000180025095e-35 1.0000000180025095e-35
decision_type=2 2 2 2 2 2 2 2 2 2 2 2 2 2 2
left_child=1 2 3 -1 -4 6 8 -8 -2 10 -7 13 -13 -3 -11
right_child=5 11 4 -5 -6 9 7 -9 -10 14 -12 12 -14 -15 -16
leaf_value=-0.0011030240688984473 0.00072837788074620448 0.0014642209701227265 -0.00083668692745024671 -0.00017164997099139201 0.00051743718292331033 -0.0020623394259420931 0.0012037423250053571 -0.0035737509443403417 0.0013302865833475866 0.0010396154466423186 -0.0001316114894012599 -0.0013817115569094158 0.0044951668219706878 0.0008943174689746659 7.5103271285267826e-06
leaf_weight=2364.1448695212603 940.25881087034941 245.58065032958984 352.16844493150711 4574.0345238000154 2145.5009768754244 46.577659651637077 21.188093595206738 20.46218529343605 853.56506464630365 60.326915994286537 64.082305565476418 28.612418875098228 4.8851131796836844 563.1641316562891 275.9264735430479
leaf_count=11184 4820 1082 1562 19632 9387 196 95 91 5577 264 269 125 20 2403 1215
internal_value=0 -0.000168482 -0.000273143 -0.00048901 0.000326507 0.000759303 0.000965815 -0.00114337 0.00101479 -8.88401e-05 -0.00094427 0.00100405 -0.000524657 0.00106737 0.000192679
internal_weight=0 10278.1 9435.85 6938.18 2497.67 2282.39 1835.47 41.6503 1793.82 446.913 110.66 842.242 33.4975 808.745 336.253
internal_count=57922 45395 41765 30816 10949 12527 10583 186 10397 1944 465 3630 145 3485 1479
is_linear=0
shrinkage=0.01


Tree=355
num_leaves=15
num_cat=0
split_feature=1 7 1 3 1 4 3 8 6 2 5 7 0 8
split_gain=15.8927 16.3724 23.3927 10.9653 12.5812 8.10402 2.25607 2.09914 1.56828 0.972439 0.967551 0.749552 0.976922 0.399093
threshold=2.5000000000000004 1.0000000180025095e-35 1.5000000000000002 1.0000000180025095e-35 1.0000000180025095e-35 1.0000000180025095e-35 1.0000000180025095e-35 1.0000000180025095e-35 1.0000000180025095e-35 1.0000000180025095e-35 1.0000000180025095e-35 1.0000000180025095e-35 1.0000000180025095e-35 1.0000000180025095e-35
decision_type=2 2 2 2 2 2 2 2 2 2 2 2 2 2
left_child=1 3 8 4 -1 -4 11 10 -3 -5 -8 13 -13 -2
right_child=6 2 5 9 -6 -7 7 -9 -10 -11 -12 12 -14 -15
leaf_value=-0.0016464131820856701 -0.0012269078179358603 0.0016586130381025521 -0.00012664447517946644 0.00029146228867484112 -0.00027118835638693825 0.0016214399664995569 0.0031097661211354683 -0.004282084581292484 0.0010181270089403152 0.00083087389113057578 -0.00040754905362843519 -0.001731188208103876 -0.0029946076126551469 -0.0021686894535321772
leaf_weight=786.67361621558666 147.56166921555996 1157.5647860392928 3145.4071302637458 1358.0328344106674 4309.4114600718021 289.62044053524733 18.749434411525726 7.3457387983798972 570.82017194479704 443.31036527454853 13.417570695281027 130.13710967451334 115.53806203603745 64.735877171158791
leaf_count=3607 745 5318 14103 5689 19642 1474 77 33 3109 2495 66 688 535 341
internal_value=0 7.23558e-05 0.000498192 -0.000246425 -0.000483479 2.07433e-05 -0.00175148 0.000541166 0.00144708 0.000424211 0.00164262 -0.00194929 -0.00232536 -0.00151409
internal_weight=0 12060.8 5163.41 6897.43 5096.09 3435.03 497.485 39.5127 1728.38 1801.34 32.167 457.973 245.675 212.298
internal_count=57922 55437 24004 31433 23249 15577 2485 176 8427 8184 143 2309 1223 1086
is_linear=0
shrinkage=0.01


Tree=356
num_leaves=16
num_cat=0
split_feature=2 4 8 1 1 8 5 3 3 0 1 1 8 0 1
split_gain=15.7007 12.2682 12.101 12.7902 5.12516 3.89685 1.87233 2.9857 2.4994 1.04889 0.98252 0.778176 1.41776 0.54729 0.524078
threshold=1.0000000180025095e-35 1.0000000180025095e-35 1.0000000180025095e-35 1.5000000000000002 1.0000000180025095e-35 1.0000000180025095e-35 1.0000000180025095e-35 1.0000000180025095e-35 1.0000000180025095e-35 1.0000000180025095e-35 1.5000000000000002 2.5000000000000004 1.0000000180025095e-35 1.0000000180025095e-35 1.0000000180025095e-35
decision_type=2 2 2 2 2 2 2 2 2 2 2 2 2 2 2
left_child=1 2 3 -1 -4 6 7 -2 -8 10 -7 13 -13 -3 -11
right_child=5 11 4 -5 -6 9 8 -9 -10 14 -12 12 -14 -15 -16
leaf_value=0.0004535201295444656 0.00054907018870345122 0.0014459740161542663 -0.0022553917849447453 -0.00039928021176463525 -0.00078929810003312232 -0.0020365164649982677 0.0022935777166980778 0.0017533703887232719 0.00081549764013086464 0.0010356220871814317 -0.00012790279599612827 -0.0013548086336300366 0.0044738131841979738 0.00088015168256419876 6.5860338553143956e-06
leaf_weight=2690.8939725160599 1122.6121315285563 245.47965431213379 288.33418673276901 5076.4051956534386 1378.0155703425407 46.575876176357269 215.04847388714552 252.08954628556967 244.44708711653948 60.310777574777603 64.078738406300545 28.588456243276596 4.8865232765674582 563.01056522130966 275.89828735589981
leaf_count=11720 5466 1082 1381 22126 6538 196 1764 1372 1981 264 269 125 20 2403 1215
internal_value=0 -0.000166499 -0.000269727 -0.000103837 -0.00104298 0.000750617 0.000954628 0.000769912 0.00150725 -8.6765e-05 -0.000931262 0.00099009 -0.000503973 0.00105195 0.000191179
internal_weight=0 10275.6 9433.65 7767.3 1666.35 2281.06 1834.2 1374.7 459.496 446.864 110.655 841.965 33.475 808.49 336.209
internal_count=57922 45395 41765 33846 7919 12527 10583 6838 3745 1944 465 3630 145 3485 1479
is_linear=0
shrinkage=0.01


Tree=357
num_leaves=16
num_cat=0
split_feature=1 7 1 3 1 6 3 7 0 5 6 2 7 0 8
split_gain=15.527 15.9616 22.7108 10.7044 12.3216 8.03515 2.21338 2.07968 3.75422 2.44907 1.53911 0.913725 0.735367 0.95791 0.392128
threshold=2.5000000000000004 1.0000000180025095e-35 1.5000000000000002 1.0000000180025095e-35 1.0000000180025095e-35 1.0000000180025095e-35 1.0000000180025095e-35 1.0000000180025095e-35 1.0000000180025095e-35 1.0000000180025095e-35 1.0000000180025095e-35 1.0000000180025095e-35 1.0000000180025095e-35 1.0000000180025095e-35 1.0000000180025095e-35
decision_type=2 2 2 2 2 2 2 2 2 2 2 2 2 2 2
left_child=1 3 10 4 -1 -4 12 8 -8 -9 -3 -5 14 -14 -2
right_child=6 2 5 11 -6 -7 7 9 -10 -11 -12 -13 13 -15 -16
leaf_value=-0.0016287835995482869 -0.0012121504081829475 0.0016368276140647539 -0.00023007103407831839 0.00029076804458510834 -0.00026746135189978886 0.00095118499418990964 -0.0084602917011420749 0.0061792277610127578 0.00093342397835511682 -0.0015567197733037754 0.0010021279932434337 0.00081382405113440345 -0.0017121651382313739 -0.0029638727619077823 -0.0021461708038981258
leaf_weight=786.20982794463634 147.46437366306782 1157.1431115269661 2702.7836293876171 1357.9199291914701 4308.5690644532442 731.74913837760687 5.7207239270210293 10.464285477995874 16.599188730120659 6.7206841781735411 570.39307031780481 442.91274358332157 130.01458438485861 115.41078774631023 64.656220778822899
leaf_count=3607 745 5318 11883 5689 19642 3694 27 43 72 34 3109 2495 688 535 341
internal_value=0 7.15062e-05 0.000492021 -0.000243292 -0.000477536 2.16031e-05 -0.00173199 0.000539024 -0.00147424 0.00315386 0.00142726 0.000419413 -0.00192807 -0.00230078 -0.00149685
internal_weight=0 12057.7 5162.07 6895.61 5094.78 3434.53 497.051 39.5049 22.3199 17.185 1727.54 1800.83 457.546 245.425 212.121
internal_count=57922 55437 24004 31433 23249 15577 2485 176 99 77 8427 8184 2309 1223 1086
is_linear=0
shrinkage=0.01


Tree=358
num_leaves=16
num_cat=0
split_feature=4 0 5 1 8 6 6 0 8 3 1 2 3 7 3
split_gain=15.3645 16.0224 17.3173 10.8353 11.1866 8.36034 1.69911 1.56806 1.70892 1.53899 1.63342 1.3157 1.16249 1.08868 0.773913
threshold=1.0000000180025095e-35 1.0000000180025095e-35 1.0000000180025095e-35 2.5000000000000004 1.0000000180025095e-35 1.0000000180025095e-35 1.0000000180025095e-35 1.0000000180025095e-35 1.0000000180025095e-35 1.0000000180025095e-35 1.0000000180025095e-35 1.0000000180025095e-35 1.0000000180025095e-35 1.0000000180025095e-35 1.0000000180025095e-35
decision_type=2 2 2 2 2 2 2 2 2 2 2 2 2 2 2
left_child=1 2 5 4 -3 -1 -5 8 11 10 -9 -2 -10 -11 -4
right_child=7 3 14 6 -6 -7 -8 9 12 13 -12 -13 -14 -15 -16
leaf_value=-0.0011205438238572978 0.0015477233674449742 0.00037962440557551779 0.002077259980171697 -0.0025099090313904231 -0.00059681779893863305 0.00028020245909975551 -0.00010589421118969029 -0.0011537550575182244 0.00063796298684005656 0.0010564849157887702 0.00075911046892262568 0.0030319670223008105 -0.0034713557485203488 0.0025590621312490754 0.001062628399792136
leaf_weight=2655.9625805467367 216.03005915880203 6309.2198516353965 162.79429163038731 174.48657475411892 1441.3212098926306 507.51311442255974 35.357587248086929 48.831172347068787 41.675676435232162 133.79034000635147 520.15609925240278 82.544029623270035 8.2462592869997007 75.392835848033428 139.67425213009119
leaf_count=12453 961 28436 917 844 6536 2203 152 223 176 687 2397 647 40 452 798
internal_value=0 -0.000109754 -0.000677255 0.000137335 0.000198041 -0.000895824 -0.00210485 0.00111425 0.00167172 0.000864591 0.000594946 0.00195806 -4.0827e-05 0.00159804 0.00160872
internal_weight=0 11426.3 3465.94 7960.39 7750.54 3163.48 209.844 1126.67 348.496 778.17 568.987 298.574 49.9219 209.183 302.469
internal_count=57922 52339 16371 35968 34972 14656 996 5583 1824 3759 2620 1608 216 1139 1715
is_linear=0
shrinkage=0.01


Tree=359
num_leaves=16
num_cat=0
split_feature=2 4 6 3 1 8 5 3 3 0 1 1 8 0 1
split_gain=15.2756 11.8059 11.6359 12.9631 5.34787 3.73868 1.78691 2.87674 2.47185 1.02022 0.961649 0.748585 1.39232 0.529162 0.521885
threshold=1.0000000180025095e-35 1.0000000180025095e-35 1.0000000180025095e-35 1.0000000180025095e-35 1.0000000180025095e-35 1.0000000180025095e-35 1.0000000180025095e-35 1.0000000180025095e-35 1.0000000180025095e-35 1.0000000180025095e-35 1.5000000000000002 2.5000000000000004 1.0000000180025095e-35 1.0000000180025095e-35 1.0000000180025095e-35
decision_type=2 2 2 2 2 2 2 2 2 2 2 2 2 2 2
left_child=1 2 3 -1 -4 6 7 -2 -8 10 -7 13 -13 -3 -11
right_child=5 11 4 -5 -6 9 8 -9 -10 14 -12 12 -14 -15 -16
leaf_value=-0.00063310723883615663 0.00054357659650663037 0.00141886449405275 -0.00082273291781163177 0.00071601315348448135 0.00050734419741765282 -0.0020059100636903851 0.0022643462420855027 0.0017264648451400511 0.00079286061354104235 0.0010373921384816776 -0.00011755725261713836 -0.0013388774046029746 0.0044366414453840203 0.00086234580652826023 1.0451924470798388e-05
leaf_weight=6127.6311758309603 1122.1850731819868 245.33518296480179 351.89036041498184 805.87666086852551 2144.7147185951471 46.570533394813538 214.50826822221279 251.71166604757309 244.02818598598242 60.302643582224846 64.06953039765358 28.571136385202408 4.8881594538688651 562.79613614082336 275.89237399399281
leaf_count=27445 5466 1082 1562 3371 9387 196 1764 1372 1981 264 269 125 20 2403 1215
internal_value=0 -0.000164235 -0.000265515 -0.0004763 0.000319873 0.000740702 0.000940698 0.000760294 0.00148124 -7.94634e-05 -0.000912401 0.00097061 -0.000495116 0.0010313 0.000194652
internal_weight=0 10271.7 9430.11 6933.51 2496.61 2279.27 1832.43 1373.9 458.536 446.835 110.64 841.591 33.4593 808.131 336.195
internal_count=57922 45395 41765 30816 10949 12527 10583 6838 3745 1944 465 3630 145 3485 1479
is_linear=0
shrinkage=0.01


Tree=360
num_leaves=16
num_cat=0
split_feature=2 8 1 7 6 1 6 7 3 0 4 4 1 6 1
split_gain=14.977 11.7251 12.0276 20.0006 11.8891 5.7365 4.63772 3.69853 2.7166 2.55309 3.95001 1.65992 1.20182 0.934037 0.724611
threshold=1.0000000180025095e-35 1.0000000180025095e-35 1.5000000000000002 1.0000000180025095e-35 1.0000000180025095e-35 1.0000000180025095e-35 1.0000000180025095e-35 1.0000000180025095e-35 1.0000000180025095e-35 1.0000000180025095e-35 1.0000000180025095e-35 1.0000000180025095e-35 2.5000000000000004 1.0000000180025095e-35 1.0000000180025095e-35
decision_type=2 2 2 2 2 2 2 2 2 2 2 2 2 2 2
left_child=1 2 3 -1 -4 8 -7 9 -3 10 -2 13 -11 -9 -13
right_child=7 5 4 -5 -6 6 -8 11 -10 12 -12 14 -14 -15 -16
leaf_value=-0.00026925061876326942 -0.0007191561366316463 -0.0027389713413984254 -0.0005267145856295305 0.001383206440093315 0.00059301627738019393 -0.0010053063983436177 0.00022224698015077478 0.00086824899564231443 -0.00064414925456182605 0.00072411708512988169 0.0020368101145363201 -0.00054682511431692683 -0.0018929098703727612 0.0016352609551245935 0.0027119412335337885
leaf_weight=1554.4595986157656 323.8505762219429 219.2047320753336 4334.8174423277378 1385.1275715529919 1213.7638881057501 1039.7337133735418 437.17474967241287 550.04487547278404 86.269374027848244 1002.9310677349567 61.954604364931583 7.3755920082330695 17.860273361206055 223.18897002190351 91.13259819149971
leaf_count=6783 1413 1093 18885 6055 5265 5019 1934 3145 361 4957 409 64 76 1706 757
internal_value=0 -0.000162611 -7.78162e-06 0.000509384 -0.000281771 -0.00089995 -0.000641942 0.000733598 -0.00214737 0.000416411 -0.000276589 0.00124539 0.000678328 0.00108964 0.00246795
internal_weight=0 10270.6 8488.17 2939.59 5548.58 1782.38 1476.91 2278.34 305.474 1406.6 385.805 871.742 1020.79 773.234 98.5082
internal_count=57922 45395 36988 12838 24150 8407 6953 12527 1454 6855 1822 5672 5033 4851 821
is_linear=0
shrinkage=0.01


Tree=361
num_leaves=15
num_cat=0
split_feature=1 7 1 3 5 4 3 8 6 6 2 7 0 2
split_gain=14.8834 15.2818 21.7422 10.1596 12.0148 7.57934 2.13623 2.04193 1.56173 0.96534 0.854075 0.722944 0.926629 0.390376
threshold=2.5000000000000004 1.0000000180025095e-35 1.5000000000000002 1.0000000180025095e-35 1.0000000180025095e-35 1.0000000180025095e-35 1.0000000180025095e-35 1.0000000180025095e-35 1.0000000180025095e-35 1.0000000180025095e-35 1.0000000180025095e-35 1.0000000180025095e-35 1.0000000180025095e-35 1.0000000180025095e-35
decision_type=2 2 2 2 2 2 2 2 2 2 2 2 2 2
left_child=1 3 8 4 -1 -4 11 9 -3 -8 -5 13 -13 -2
right_child=6 2 5 10 -6 -7 7 -9 -10 -11 -12 12 -14 -15
leaf_value=-0.00059368607986523439 -0.001296787992053759 0.0016083018822374243 -0.00012121599498069046 0.00028331681282781301 0.0013873535695542302 0.001570939933432051 -0.00017773457650911877 -0.0042291363694532879 0.00096854698115375571 0.0032890463241931163 0.0007892811336235318 -0.0016806473591863419 -0.0029129293245024161 -0.0025765585690849407
leaf_weight=4764.5099963247776 184.38810880482197 1156.3732091411948 3143.5875286608934 1357.7624524533749 327.16958048939705 289.0355364009738 15.496691226959227 7.3305106908082953 569.49279180914164 16.67471120506525 442.30385696142912 129.78370023518801 115.17518289387226 27.373674675822258
leaf_count=21602 972 5318 14103 5689 1647 1474 66 33 3109 77 2495 688 535 114
internal_value=0 6.99935e-05 0.00048161 -0.000238103 -0.000466393 2.12678e-05 -0.00169717 0.000533844 0.0013972 0.00161913 0.00040764 -0.00189013 -0.00226004 -0.00146222
internal_weight=0 12050.2 5158.49 6891.75 5091.68 3432.62 496.223 39.5019 1725.87 32.1714 1800.07 456.721 244.959 211.762
internal_count=57922 55437 24004 31433 23249 15577 2485 176 8427 143 8184 2309 1223 1086
is_linear=0
shrinkage=0.01


Tree=362
num_leaves=16
num_cat=0
split_feature=4 0 5 1 8 3 6 0 8 3 1 2 1 7 3
split_gain=14.6315 15.4399 16.6811 10.3752 10.7042 8.10942 1.62264 1.51876 1.64643 1.48944 1.59242 1.27313 1.16611 1.04824 0.759335
threshold=1.0000000180025095e-35 1.0000000180025095e-35 1.0000000180025095e-35 2.5000000000000004 1.0000000180025095e-35 1.0000000180025095e-35 1.0000000180025095e-35 1.0000000180025095e-35 1.0000000180025095e-35 1.0000000180025095e-35 1.0000000180025095e-35 1.0000000180025095e-35 1.0000000180025095e-35 1.0000000180025095e-35 1.0000000180025095e-35
decision_type=2 2 2 2 2 2 2 2 2 2 2 2 2 2 2
left_child=1 2 5 4 -3 -1 -5 8 11 10 -9 -2 -10 -11 -4
right_child=7 3 14 6 -6 -7 -8 9 12 13 -12 -13 -14 -15 -16
leaf_value=-0.0010142723048162424 0.0015154609166633517 0.00037251347378181401 0.0020456409337685434 -0.0024572809612761928 -0.0005829385763262495 0.00101717047343455 -0.00010721244479926481 -0.0011498321137641521 0.0036396768049447286 0.0010331782853717341 0.00073917340791024723 0.0029781545973662218 -0.00067775443108756563 0.0025092500129926753 0.0010398245887210298
leaf_weight=2950.5219132006168 215.84082475304604 6306.3153882697225 162.48598693311214 174.10215152800083 1440.3839771747589 210.52966225147247 35.345326542854309 48.817627862095833 7.333019718527793 133.65381014347076 519.77341455221176 82.157377332448959 42.588173568248749 75.169422268867493 139.49555141478777
leaf_count=13761 961 28436 917 844 6536 895 152 223 31 687 2397 647 185 452 798
internal_value=0 -0.000107111 -0.000664461 0.000135483 0.000194861 -0.000878976 -0.00206069 0.00108801 0.00163716 0.000842251 0.000576989 0.00191872 -4.35587e-05 0.00156452 0.00158102
internal_weight=0 11419.2 3463.03 7956.15 7746.7 3161.05 209.447 1125.33 347.919 777.414 568.591 297.998 49.9212 208.823 301.982
internal_count=57922 52339 16371 35968 34972 14656 996 5583 1824 3759 2620 1608 216 1139 1715
is_linear=0
shrinkage=0.01


Tree=363
num_leaves=16
num_cat=0
split_feature=2 4 0 3 8 7 0 4 4 8 6 1 1 8 0
split_gain=14.5593 11.2744 11.1741 9.94991 7.91875 3.55965 2.4818 3.78861 1.58104 1.15158 0.911607 0.710626 0.709667 1.37026 0.513624
threshold=1.0000000180025095e-35 1.0000000180025095e-35 1.0000000180025095e-35 1.0000000180025095e-35 1.0000000180025095e-35 1.0000000180025095e-35 1.0000000180025095e-35 1.0000000180025095e-35 1.0000000180025095e-35 1.0000000180025095e-35 1.0000000180025095e-35 1.0000000180025095e-35 2.5000000000000004 1.0000000180025095e-35 1.0000000180025095e-35
decision_type=2 2 2 2 2 2 2 2 2 2 2 2 2 2 2
left_child=1 2 3 -1 -4 6 7 -2 10 -8 -7 -10 14 -14 -3
right_child=5 12 4 -5 -6 8 9 -9 11 -11 -12 -13 13 -15 -16
leaf_value=-0.00095887045440320008 -0.00070398079175747837 0.0013901123556913292 0.00013451804311552583 0.0010610263881043541 -0.00077501637623608277 0.0008555189885611432 0.00090621217982867831 0.0019982650565926407 -0.00056536481560159944 0.00019142221926634416 0.0016137989620344251 0.0026643164514919652 -0.0013163230721551301 0.0044128067683864959 0.00084163212123936765
leaf_weight=2652.3029483258724 323.80679582059383 245.14537833631039 5337.7100147157907 268.5652207583189 1166.412842720747 549.60756770521402 684.19498778879642 61.783079832792282 7.3656743317842475 336.11872914433479 222.81954348087311 90.752306506037712 28.548840925097466 4.8897464126348487 562.48962670564651
leaf_count=12507 1413 1082 22700 1188 5370 3145 3554 409 64 1479 1706 757 125 20 2403
internal_value=0 -0.000160338 -0.000259335 -0.000773147 -2.85927e-05 0.000723621 0.000412455 -0.000271 0.00122614 0.000670741 0.00107426 0.00242187 0.00094901 -0.000478549 0.00100811
internal_weight=0 10266.1 9424.99 2920.87 6504.12 2276.45 1405.9 385.59 870.545 1020.31 772.427 98.118 841.074 33.4386 807.635
internal_count=57922 45395 41765 13695 28070 12527 6855 1822 5672 5033 4851 821 3630 145 3485
is_linear=0
shrinkage=0.01


Tree=364
num_leaves=16
num_cat=0
split_feature=1 7 1 3 1 6 3 7 0 5 6 2 7 0 2
split_gain=14.3375 14.7902 21.2477 9.77849 11.9123 7.44031 2.06396 2.01591 3.70863 2.42483 1.55881 0.819989 0.70996 0.907284 0.387353
threshold=2.5000000000000004 1.0000000180025095e-35 1.5000000000000002 1.0000000180025095e-35 1.0000000180025095e-35 1.0000000180025095e-35 1.0000000180025095e-35 1.0000000180025095e-35 1.0000000180025095e-35 1.0000000180025095e-35 1.0000000180025095e-35 1.0000000180025095e-35 1.0000000180025095e-35 1.0000000180025095e-35 1.0000000180025095e-35
decision_type=2 2 2 2 2 2 2 2 2 2 2 2 2 2 2
left_child=1 3 10 4 -1 -4 12 8 -8 -9 -3 -5 14 -14 -2
right_child=6 2 5 11 -6 -7 7 9 -10 -11 -12 -13 13 -15 -16
leaf_value=-0.0015914266828550019 -0.0012675419475835048 0.0015901182211549441 -0.00022356309105025566 0.00027732829290467976 -0.0002519108650634003 0.0009139725968439384 -0.0084010469325415914 0.0061118789129501203 0.00093824481812601656 -0.0015895476428990705 0.00095069776355425836 0.00077327219099138794 -0.0016499913158644934 -0.0028703335033743609 -0.0025425934367246605
leaf_weight=784.97384139895439 184.09936468303204 1155.7582637444139 2700.8791719302535 1357.6032699197531 4304.2276589423418 730.50892941653728 5.7180307805538204 10.460880354046823 16.583196595311165 6.711034730076789 568.94200935959816 441.89820089191198 129.57171682268381 114.98911094665527 27.368002355098724
leaf_count=3607 972 5318 11883 5689 19642 3694 27 43 72 34 3109 2495 688 535 114
internal_value=0 6.86796e-05 0.000473718 -0.000234485 -0.000458522 1.86071e-05 -0.001667 0.000526682 -0.00145635 0.00310205 0.00137919 0.000399116 -0.00185688 -0.00222378 -0.00143256
internal_weight=0 12044.8 5156.09 6888.7 5089.2 3431.39 495.501 39.4731 22.3012 17.1719 1724.7 1799.5 456.028 244.561 211.467
internal_count=57922 55437 24004 31433 23249 15577 2485 176 99 77 8427 8184 2309 1223 1086
is_linear=0
shrinkage=0.01


Tree=365
num_leaves=16
num_cat=0
split_feature=2 4 8 1 1 8 1 6 7 1 4 5 1 8 0
split_gain=14.2275 11.0477 10.9216 11.5544 4.8209 3.47922 1.65456 2.30507 1.40169 1.0016 4.93924 1.27565 0.682542 1.34076 0.504528
threshold=1.0000000180025095e-35 1.0000000180025095e-35 1.0000000180025095e-35 1.5000000000000002 1.0000000180025095e-35 1.0000000180025095e-35 2.5000000000000004 1.0000000180025095e-35 1.0000000180025095e-35 1.0000000180025095e-35 1.0000000180025095e-35 1.0000000180025095e-35 2.5000000000000004 1.0000000180025095e-35 1.0000000180025095e-35
decision_type=2 2 2 2 2 2 2 2 2 2 2 2 2 2 2
left_child=1 2 3 -1 -4 6 8 -8 -2 10 -7 -11 14 -14 -3
right_child=5 12 4 -5 -6 9 7 -9 -10 11 -12 -13 13 -15 -16
leaf_value=0.00043103444001108454 0.00068832811981758878 0.0013764069083419346 -0.0021704291936964245 -0.00037988089098402763 -0.00074596558975145234 0.00022552406628056681 -0.0022191038438096394 0.0037170664493624203 0.0012491953257252183 -0.00049676973292888966 0.0095883182610475258 0.0014546222276984086 -0.0012900948293772089 0.0043765081515383109 0.00083272685984645543
leaf_weight=2688.6441510170698 937.95673951506615 245.06459134817123 287.2003175765276 5071.4359824955463 1375.3832265436649 74.535687610507011 33.534821391105652 8.1266268193721753 848.8283733278513 328.72782202064991 6.0951764583587638 37.301219776272774 28.526745319366455 4.8914223313331595 562.3823486417532
leaf_count=11720 4820 1082 1381 22126 6538 320 144 42 5577 1396 29 199 125 20 2403
internal_value=0 -0.000158499 -0.000256507 -9.89221e-05 -0.000992032 0.000715559 0.000908839 -0.00106117 0.000954773 -7.56521e-05 0.000933291 -0.000297908 0.000939776 -0.000460673 0.000997737
internal_weight=0 10263.5 9422.66 7760.08 1662.58 2275.11 1828.45 41.6614 1786.79 446.66 80.6309 366.029 840.865 33.4182 807.447
internal_count=57922 45395 41765 33846 7919 12527 10583 186 10397 1944 349 1595 3630 145 3485
is_linear=0
shrinkage=0.01


Tree=366
num_leaves=15
num_cat=0
split_feature=1 7 1 3 1 6 3 8 6 6 2 7 0 8
split_gain=13.9803 14.3856 20.6289 9.56764 11.6796 7.28675 2.02092 1.98597 1.52709 0.954492 0.782092 0.6967 0.889471 0.386613
threshold=2.5000000000000004 1.0000000180025095e-35 1.5000000000000002 1.0000000180025095e-35 1.0000000180025095e-35 1.0000000180025095e-35 1.0000000180025095e-35 1.0000000180025095e-35 1.0000000180025095e-35 1.0000000180025095e-35 1.0000000180025095e-35 1.0000000180025095e-35 1.0000000180025095e-35 1.0000000180025095e-35
decision_type=2 2 2 2 2 2 2 2 2 2 2 2 2 2
left_child=1 3 8 4 -1 -4 11 9 -3 -8 -5 13 -13 -2
right_child=6 2 5 10 -6 -7 7 -9 -10 -11 -12 12 -14 -15
leaf_value=-0.0015749884650154051 -0.0011312531441051593 0.0015685761170349147 -0.00022074868062160272 0.00027667491153758768 -0.00024827740597791267 0.00090518443189881322 -0.00019246879543057042 -0.0041791659779405041 0.00093550498046680018 0.0032552570045509596 0.00076114920922894529 -0.0016301038440070805 -0.0028389910332930939 -0.0020606292743150984
leaf_weight=784.52047617733479 146.94972991943359 1155.310361020267 2700.5148726403713 1357.494969829917 4303.4752502292395 730.21041852235794 15.501375436782835 7.3152539432048789 568.53787633031607 16.659695319831371 441.60453855991364 129.45700819045305 114.86969052255154 64.365967765450478
leaf_count=3607 745 5318 11883 5689 19642 3694 66 33 3109 77 2495 688 535 341
internal_value=0 6.78102e-05 0.000467333 -0.000231208 -0.000452844 1.88998e-05 -0.00164675 0.000523767 0.00135978 0.00159348 0.000395593 -0.0018348 -0.00219846 -0.00141434
internal_weight=0 12041.7 5154.57 6887.1 5088 3430.73 495.119 39.4763 1723.85 32.1611 1799.1 455.642 244.327 211.316
internal_count=57922 55437 24004 31433 23249 15577 2485 176 8427 143 8184 2309 1223 1086
is_linear=0
shrinkage=0.01


Tree=367
num_leaves=16
num_cat=0
split_feature=2 4 0 6 8 8 5 3 3 1 4 5 1 8 0
split_gain=13.8965 10.8278 10.8403 9.63507 7.48682 3.39087 1.62338 2.68469 2.46254 0.993541 4.86224 1.24591 0.652761 1.31782 0.495594
threshold=1.0000000180025095e-35 1.0000000180025095e-35 1.0000000180025095e-35 1.0000000180025095e-35 1.0000000180025095e-35 1.0000000180025095e-35 1.0000000180025095e-35 1.0000000180025095e-35 1.0000000180025095e-35 1.0000000180025095e-35 1.0000000180025095e-35 1.0000000180025095e-35 2.5000000000000004 1.0000000180025095e-35 1.0000000180025095e-35
decision_type=2 2 2 2 2 2 2 2 2 2 2 2 2 2 2
left_child=1 2 3 -1 -4 6 7 -2 -8 10 -7 -11 14 -14 -3
right_child=5 12 4 -5 -6 9 8 -9 -10 11 -12 -13 13 -15 -16
leaf_value=-0.0010404132678153313 0.00051705369874162268 0.0013628348249357803 0.00013218536561684276 0.00041707815276490265 -0.00075252499587584562 0.00023017034165803048 0.0021990858141004354 0.0016616521959346106 0.00072641926411068651 -0.00049150293849274814 0.009534371649193598 0.0014377828685280423 -0.001262231744963416 0.0043553480517311222 0.0008239131751133816
leaf_weight=2357.1714949756861 1120.3468961045146 244.98443841934204 5336.3851951509714 561.63916759192944 1165.4177871644497 74.527178600430489 213.29671820998192 250.79382610321045 242.79832468926907 328.72882479429245 6.0744584500789633 37.267603248357773 28.503738448023796 4.8927761167287818 562.27597768604755
leaf_count=11184 5466 1082 22700 2511 5370 320 1764 1372 1981 1396 29 199 125 20 2403
internal_value=0 -0.00015664 -0.000253678 -0.000759962 -2.63948e-05 0.000707406 0.00089832 0.000726411 0.00141512 -7.37092e-05 0.000931372 -0.000295053 0.000930786 -0.000439225 0.000987463
internal_weight=0 10261.3 9420.61 2918.81 6501.8 2273.83 1827.24 1371.14 456.095 446.598 80.6016 365.996 840.657 33.3965 807.26
internal_count=57922 45395 41765 13695 28070 12527 10583 6838 3745 1944 349 1595 3630 145 3485
is_linear=0
shrinkage=0.01


Tree=368
num_leaves=16
num_cat=0
split_feature=1 7 1 3 5 6 3 7 0 5 6 2 7 0 8
split_gain=13.6493 14.0479 20.1833 9.31517 11.4889 7.08392 1.97806 1.96891 3.63868 2.39575 1.51373 0.737757 0.683566 0.884748 0.379683
threshold=2.5000000000000004 1.0000000180025095e-35 1.5000000000000002 1.0000000180025095e-35 1.0000000180025095e-35 1.0000000180025095e-35 1.0000000180025095e-35 1.0000000180025095e-35 1.0000000180025095e-35 1.0000000180025095e-35 1.0000000180025095e-35 1.0000000180025095e-35 1.0000000180025095e-35 1.0000000180025095e-35 1.0000000180025095e-35
decision_type=2 2 2 2 2 2 2 2 2 2 2 2 2 2 2
left_child=1 3 10 4 -1 -4 12 8 -8 -9 -3 -5 14 -14 -2
right_child=6 2 5 11 -6 -7 7 9 -10 -11 -12 -13 13 -15 -16
leaf_value=-0.00057177425309673318 -0.0011168654725523921 0.0015527617141522987 -0.00021799000796192164 0.00027455458998683894 0.0013665997946140083 0.00089239939226296386 -0.0083217252493776178 0.0060568737079259374 0.00093228013267236871 -0.0015996051236519318 0.00092229090660769276 0.00074525084392184293 -0.0016072865615450436 -0.0028135869613762354 -0.0020383598478617903
leaf_weight=4759.9015374779701 146.84954290091991 1154.8677871003747 2700.1145781800151 1357.4037335515022 326.76698236167431 729.84284886717796 5.7142655849456814 10.459709942340853 16.570011049509048 6.7075619325041762 568.17623553425074 441.23056901991367 129.30413707345724 114.76478990912437 64.287625387310982
leaf_count=21602 745 5318 11883 5689 1647 3694 27 43 72 34 3109 2495 688 535 341
internal_value=0 6.69904e-05 0.000461861 -0.000228533 -0.000447253 1.8284e-05 -0.00162792 0.000520107 -0.00144069 0.00306535 0.00134486 0.000390023 -0.00181408 -0.00217451 -0.00139744
internal_weight=0 12038.3 5153 6885.3 5086.67 3429.96 494.658 39.4515 22.2843 17.1673 1723.04 1798.63 455.206 244.069 211.137
internal_count=57922 55437 24004 31433 23249 15577 2485 176 99 77 8427 8184 2309 1223 1086
is_linear=0
shrinkage=0.01


Tree=369
num_leaves=16
num_cat=0
split_feature=2 4 0 3 8 8 1 0 7 1 4 5 1 8 0
split_gain=13.5641 10.6066 10.5665 9.50972 7.27427 3.30335 1.56518 2.29054 1.32112 0.972515 4.7867 1.20672 0.626937 1.29286 0.486964
threshold=1.0000000180025095e-35 1.0000000180025095e-35 1.0000000180025095e-35 1.0000000180025095e-35 1.0000000180025095e-35 1.0000000180025095e-35 2.5000000000000004 1.0000000180025095e-35 1.0000000180025095e-35 1.0000000180025095e-35 1.0000000180025095e-35 1.0000000180025095e-35 2.5000000000000004 1.0000000180025095e-35 1.0000000180025095e-35
decision_type=2 2 2 2 2 2 2 2 2 2 2 2 2 2 2
left_child=1 2 3 -1 -4 6 8 -8 -2 10 -7 -11 14 -14 -3
right_child=5 12 4 -5 -6 9 7 -9 -10 11 -12 -13 13 -15 -16
leaf_value=-0.0009325436876183109 0.00067370537923240332 0.0013493636675509305 0.00012988890956385041 0.0010426870644598654 -0.00074232847165469241 0.00022811029638603823 0.0012776184567069521 -0.0034122629462976818 0.0012186133937537864 -0.00048407230670174977 0.0094755686001534254 0.0014156062173196441 -0.0012372254857927231 0.0043266590270584866 0.00081506868823445701
leaf_weight=2649.0179953724146 937.18652573227882 244.89437395334244 5335.6763105094433 268.44307731091976 1164.9440297186375 74.51609443128109 21.180929005146027 20.486370287835598 847.1027512550354 328.73412898182869 6.0520849376916876 37.224879816174507 28.482362136244774 4.8939301520586005 562.15302683413029
leaf_count=12507 4820 1082 22700 1188 5370 320 95 91 5577 1396 29 199 125 20 2403
internal_value=0 -0.000154756 -0.00025081 -0.000750798 -2.64169e-05 0.000699122 0.000887663 -0.00102823 0.000932404 -7.18668e-05 0.000922757 -0.000290839 0.000921654 -0.000421399 0.000977198
internal_weight=0 10258.5 9418.08 2917.46 6500.62 2272.48 1825.96 41.6673 1784.29 446.527 80.5682 365.959 840.424 33.3763 807.047
internal_count=57922 45395 41765 13695 28070 12527 10583 186 10397 1944 349 1595 3630 145 3485
is_linear=0
shrinkage=0.01


Tree=370
num_leaves=16
num_cat=0
split_feature=4 0 5 1 8 6 6 0 8 3 1 2 3 7 3
split_gain=13.3236 14.1292 15.7102 9.58479 9.47126 7.68443 1.55114 1.42758 1.61432 1.39922 1.57068 1.26379 1.16349 1.01731 0.790911
threshold=1.0000000180025095e-35 1.0000000180025095e-35 1.0000000180025095e-35 2.5000000000000004 1.0000000180025095e-35 1.0000000180025095e-35 1.0000000180025095e-35 1.0000000180025095e-35 1.0000000180025095e-35 1.0000000180025095e-35 1.0000000180025095e-35 1.0000000180025095e-35 1.0000000180025095e-35 1.0000000180025095e-35 1.0000000180025095e-35
decision_type=2 2 2 2 2 2 2 2 2 2 2 2 2 2 2
left_child=1 2 5 4 -3 -1 -5 8 11 10 -9 -2 -10 -11 -4
right_child=7 3 14 6 -6 -7 -8 9 12 13 -12 -13 -14 -15 -16
leaf_value=-0.0010601462796014274 0.0014503677721329441 0.00035403921049501075 0.0020203251024029727 -0.0023730739915914824 -0.00054525428334975068 0.00028365908748530103 -7.3799818969363262e-05 -0.001172035434556477 0.00058669020634761722 0.00097849273861586494 0.00070498193429721233 0.0029111638865991531 -0.0035278223101696078 0.0024352305836772047 0.00099260188721585403
leaf_weight=2648.6594788879156 215.46793267130852 6301.4549345001578 162.16638311743736 173.50317203998566 1438.4694910794497 506.99273766577244 35.312129512429237 48.768311589956284 41.652276799082756 133.36003050208092 519.22834408283234 81.672594718635082 8.2307233214378339 74.842823460698128 139.12268735468388
leaf_count=12453 961 28436 917 844 6536 2203 152 223 176 687 2397 647 40 452 798
internal_value=0 -0.000102242 -0.000635947 0.000129868 0.000186905 -0.000844248 -0.00198425 0.00103925 0.00157243 0.000800876 0.000543821 0.00185188 -9.22067e-05 0.00150215 0.00154577
internal_weight=0 11405.7 3456.94 7948.74 7739.92 3155.65 208.815 1123.22 347.024 776.2 567.997 297.141 49.883 208.203 301.289
internal_count=57922 52339 16371 35968 34972 14656 996 5583 1824 3759 2620 1608 216 1139 1715
is_linear=0
shrinkage=0.01


Tree=371
num_leaves=16
num_cat=0
split_feature=2 1 7 1 1 8 5 3 3 3 7 7 1 4 5
split_gain=13.2457 10.2259 11.8247 20.3903 8.17107 3.1877 1.53209 2.58875 2.41475 1.13344 2.29084 1.13517 0.95448 4.70937 1.17704
threshold=1.0000000180025095e-35 2.5000000000000004 1.0000000180025095e-35 1.5000000000000002 1.0000000180025095e-35 1.0000000180025095e-35 1.0000000180025095e-35 1.0000000180025095e-35 1.0000000180025095e-35 1.0000000180025095e-35 1.0000000180025095e-35 1.0000000180025095e-35 1.0000000180025095e-35 1.0000000180025095e-35 1.0000000180025095e-35
decision_type=2 2 2 2 2 2 2 2 2 2 2 2 2 2 2
left_child=1 2 4 -4 -1 6 7 -2 -8 11 -11 -3 13 -7 -14
right_child=5 9 3 -5 -6 12 8 -9 -10 10 -12 -13 14 -15 -16
leaf_value=-0.0012735141217539766 0.00050388726285259262 -0.0012044624310982111 0.0013070213942739572 -0.00016680156401031128 -0.00022432368033282983 0.00023140146812834067 0.0021572356789186968 0.0016287703045328832 0.0006967896086623722 -0.0022624541520104135 0.0028964249473258071 -0.0022651002124320194 -0.00047392011993986085 0.0094190466448435574 0.0014027924814997157
leaf_weight=884.19446504116058 1119.5485126972198 183.47935180366039 1383.2274889647961 2921.0534080117941 4624.923751115799 74.518565207719803 212.54334799945354 250.3311872407794 242.25470248609781 18.834695175290108 15.852284863591192 224.22610619664192 328.76847024261951 6.0304503589868537 37.200571417808533
leaf_count=3991 5466 972 6055 12372 20719 320 1764 1372 1981 81 67 1138 1396 29 199
internal_value=0 -0.000152931 -8.58869e-05 0.000306827 -0.000392715 0.000691083 0.000876409 0.000709448 0.00137931 -0.00164014 9.52034e-05 -0.00178778 -6.62471e-05 0.000919251 -0.000283153
internal_weight=0 10255.8 9813.4 4304.28 5509.12 2271.2 1824.68 1369.88 454.798 442.392 34.687 407.705 446.518 80.549 365.969
internal_count=57922 45395 43137 18427 24710 12527 10583 6838 3745 2258 148 2110 1944 349 1595
is_linear=0
shrinkage=0.01


Tree=372
num_leaves=16
num_cat=0
split_feature=4 0 5 1 8 6 7 0 8 3 1 2 5 7 3
split_gain=13.0308 13.8102 15.3253 9.27368 9.17494 7.5267 1.53587 1.39975 1.58207 1.36928 1.54292 1.23172 1.14223 0.993044 0.772029
threshold=1.0000000180025095e-35 1.0000000180025095e-35 1.0000000180025095e-35 2.5000000000000004 1.0000000180025095e-35 1.0000000180025095e-35 1.0000000180025095e-35 1.0000000180025095e-35 1.0000000180025095e-35 1.0000000180025095e-35 1.0000000180025095e-35 1.0000000180025095e-35 1.0000000180025095e-35 1.0000000180025095e-35 1.0000000180025095e-35
decision_type=2 2 2 2 2 2 2 2 2 2 2 2 2 2 2
left_child=1 2 5 4 -3 -1 -5 8 11 10 -9 -2 -10 -11 -4
right_child=7 3 14 6 -6 -7 -8 9 12 13 -12 -13 -14 -15 -16
leaf_value=-0.0010483678741840113 0.0014370343656966394 0.00034895014882855213 0.0019964160886836134 -0.0010503793892882758 -0.0005362583218394408 0.00028167115449845542 -0.0027689288752502715 -0.0011630770905733832 0.0005166743134439345 0.00096874196684396097 0.00069748781608249346 0.0028806074562861472 -0.0038563726426934048 0.0024088211144350159 0.00098051719960107328
leaf_weight=2647.4377209693193 215.39634969830513 6300.3723479285836 161.93910840153694 99.05612912774086 1438.1489772647619 506.9498694986105 109.47763159871101 48.757766708731651 42.948013558983803 133.29322965443134 519.09315598756075 81.459523439407349 6.9377763122320166 74.731195271015167 139.02651098370552
leaf_count=12453 961 28436 917 485 6536 2203 511 223 179 687 2397 647 37 452 798
internal_value=0 -0.000101116 -0.000628902 0.000128364 0.00018444 -0.000834614 -0.0019526 0.00102806 0.00155626 0.000792 0.000537733 0.00183316 -9.14993e-05 0.00148608 0.00152714
internal_weight=0 11402.4 3455.35 7947.06 7738.52 3154.39 208.534 1122.62 346.742 775.875 567.851 296.856 49.8858 208.024 300.966
internal_count=57922 52339 16371 35968 34972 14656 996 5583 1824 3759 2620 1608 216 1139 1715
is_linear=0
shrinkage=0.01


Tree=373
num_leaves=16
num_cat=0
split_feature=2 4 6 3 1 7 0 4 4 1 6 1 1 8 0
split_gain=12.9337 10.026 10.1441 11.8495 5.00623 3.14446 2.37693 3.50727 1.50142 1.05286 0.828033 0.71033 0.603797 1.2694 0.462635
threshold=1.0000000180025095e-35 1.0000000180025095e-35 1.0000000180025095e-35 1.0000000180025095e-35 1.0000000180025095e-35 1.0000000180025095e-35 1.0000000180025095e-35 1.0000000180025095e-35 1.0000000180025095e-35 2.5000000000000004 1.0000000180025095e-35 1.0000000180025095e-35 2.5000000000000004 1.0000000180025095e-35 1.0000000180025095e-35
decision_type=2 2 2 2 2 2 2 2 2 2 2 2 2 2 2
left_child=1 2 3 -1 -4 6 7 -2 10 -8 -7 -10 14 -14 -3
right_child=5 12 4 -5 -6 8 9 -9 11 -11 -12 -13 13 -15 -16
leaf_value=-0.00059175551303088277 -0.00069455356667174088 0.0013131399945883768 -0.00080432904789845441 0.00069858063176841305 0.0004838108025775702 0.00080019163694302763 0.00068662355547474024 0.0019122375915252134 -0.00067038810681218318 -0.0017634164186859421 0.0015249748584094383 0.0025707416307390618 -0.001231361611475082 0.0042808180542516366 0.00079219042726844731
leaf_weight=6114.6417733877897 323.54732681810856 244.71359786391258 351.16843523085117 805.44266653060913 2142.052398070693 547.74771071970463 1000.7189933955669 61.408819250762463 7.3112469688057891 17.852728337049484 221.31611900031567 89.99086806178093 28.470829054713249 4.8963513076305381 561.87927617132664
leaf_count=27445 1413 1082 1562 3371 9387 3145 4957 409 64 76 1706 757 125 20 2403
internal_value=0 -0.000151118 -0.000244528 -0.000441571 0.000302377 0.000683111 0.000390689 -0.000278714 0.00115684 0.000643681 0.00100876 0.0023272 0.000895711 -0.000422496 0.000950242
internal_weight=0 10253.3 9413.31 6920.08 2493.22 2269.89 1403.53 384.956 866.366 1018.57 769.064 97.3021 839.96 33.3672 806.593
internal_count=57922 45395 41765 30816 10949 12527 6855 1822 5672 5033 4851 821 3630 145 3485
is_linear=0
shrinkage=0.01


Tree=374
num_leaves=16
num_cat=0
split_feature=2 8 1 7 6 1 6 7 3 0 4 4 1 6 1
split_gain=12.6808 9.94826 10.3727 17.5731 10.4223 5.34169 4.32443 3.08624 2.5249 2.33022 3.43983 1.47652 1.032 0.813646 0.698276
threshold=1.0000000180025095e-35 1.0000000180025095e-35 1.5000000000000002 1.0000000180025095e-35 1.0000000180025095e-35 1.0000000180025095e-35 1.0000000180025095e-35 1.0000000180025095e-35 1.0000000180025095e-35 1.0000000180025095e-35 1.0000000180025095e-35 1.0000000180025095e-35 2.5000000000000004 1.0000000180025095e-35 1.0000000180025095e-35
decision_type=2 2 2 2 2 2 2 2 2 2 2 2 2 2 2
left_child=1 2 3 -1 -4 8 -7 9 -3 10 -2 13 -11 -9 -13
right_child=7 5 4 -5 -6 6 -8 11 -10 12 -12 14 -14 -15 -16
leaf_value=-0.00025656119763750867 -0.00068755004487409271 -0.0026103219708760446 -0.00049120249782977322 0.0012935284990901149 0.00055784902479322814 -0.00093265096921848372 0.00025382563282938384 0.00079251536049571134 -0.00058802441061527966 0.00067992608278784599 0.0018952659645301193 -0.00066336187924152345 -0.0017455970827697643 0.0015112787752207661 0.0025496489051402486
leaf_weight=1552.6127309054136 323.57448989152908 217.76634061336517 4327.7966273128986 1382.6917799562216 1212.3426795750856 1036.1585315316916 436.64560922980309 547.52351035922766 86.167105600237846 1000.4718520790339 61.339472778141499 7.3147809728980056 17.854613900184631 221.089704208076 89.828810378909111
leaf_count=6783 1413 1093 18885 6055 5265 5019 1934 3145 361 4957 409 64 76 1706 757
internal_value=0 -0.000149623 -6.99778e-06 0.000473617 -0.00026164 -0.000829977 -0.000580894 0.00067655 -0.00203699 0.000386862 -0.000275955 0.00114608 0.000637399 0.000999266 0.00230771
internal_weight=0 10252.2 8475.44 2935.3 5540.14 1776.74 1472.8 2269 303.933 1403.24 384.914 865.757 1018.33 768.613 97.1436
internal_count=57922 45395 36988 12838 24150 8407 6953 12527 1454 6855 1822 5672 5033 4851 821
is_linear=0
shrinkage=0.01


Tree=375
num_leaves=15
num_cat=0
split_feature=1 7 1 3 1 4 3 8 6 6 7 0 2 2
split_gain=12.5867 13.025 18.8958 8.69867 11.1891 6.58124 1.8675 1.91483 1.56555 0.942046 0.64851 0.840934 0.645581 0.377965
threshold=2.5000000000000004 1.0000000180025095e-35 1.5000000000000002 1.0000000180025095e-35 1.0000000180025095e-35 1.0000000180025095e-35 1.0000000180025095e-35 1.0000000180025095e-35 1.0000000180025095e-35 1.0000000180025095e-35 1.0000000180025095e-35 1.0000000180025095e-35 1.0000000180025095e-35 1.0000000180025095e-35
decision_type=2 2 2 2 2 2 2 2 2 2 2 2 2 2
left_child=1 3 8 4 -1 -4 10 9 -3 -8 13 -12 -5 -2
right_child=6 2 5 12 -6 -7 7 -9 -10 -11 11 -13 -14 -15
leaf_value=-0.0015314082634563209 -0.0011770530144321197 0.0015113436811555767 -0.00011722913712462558 0.00026957833700247229 -0.00023160889575633722 0.0014629400830548994 -0.00020274993318835169 -0.0041044339626621724 0.00086950683868018967 0.0032230796243997439 -0.0015448007329599269 -0.0027229446503898407 0.00071024186287089422 -0.0024372504488936911
leaf_weight=782.91045209765434 183.20429645478725 1153.5945949330926 3138.9855071380734 1357.0796855390072 4298.3462046831846 287.73316308110952 15.5027579665184 7.2933614999055854 566.72539892792702 16.644890397787094 128.83579892665148 114.36513176560402 440.3301172927022 27.353309780359268
leaf_count=3607 972 5318 14103 5689 19642 1474 66 33 3109 77 688 535 2495 114
internal_value=0 6.43035e-05 0.000444762 -0.000220379 -0.00043188 1.54538e-05 -0.00156564 0.000521526 0.0012999 0.00157102 -0.00174706 -0.00209882 0.000377532 -0.00134076
internal_weight=0 12025.7 5147.04 6878.67 5081.26 3426.72 493.2 39.441 1720.32 32.1476 453.759 243.201 1797.41 210.558
internal_count=57922 55437 24004 31433 23249 15577 2485 176 8427 143 2309 1223 8184 1086
is_linear=0
shrinkage=0.01


Tree=376
num_leaves=16
num_cat=0
split_feature=2 4 0 3 8 8 1 6 7 1 4 5 1 8 0
split_gain=12.3913 9.75113 9.76988 8.97229 6.63154 3.01217 1.44197 2.2152 1.2086 0.947499 4.623 1.14283 0.571591 1.24645 0.455874
threshold=1.0000000180025095e-35 1.0000000180025095e-35 1.0000000180025095e-35 1.0000000180025095e-35 1.0000000180025095e-35 1.0000000180025095e-35 2.5000000000000004 1.0000000180025095e-35 1.0000000180025095e-35 1.0000000180025095e-35 1.0000000180025095e-35 1.0000000180025095e-35 2.5000000000000004 1.0000000180025095e-35 1.0000000180025095e-35
decision_type=2 2 2 2 2 2 2 2 2 2 2 2 2 2 2
left_child=1 2 3 -1 -4 6 8 -8 -2 10 -7 -11 14 -14 -3
right_child=5 12 4 -5 -6 9 7 -9 -10 11 -12 -13 13 -15 -16
leaf_value=-0.00089801966859706162 0.00064493340946572021 0.0012980401163918528 0.00012491897160436533 0.0010214033958681392 -0.00070834943580824815 0.00023457277467383471 -0.002123483894057975 0.0037005010515388241 0.00116680953377579 -0.0004712751256063013 0.0093553388559122416 0.0013790546924018229 -0.0012006661985380874 0.0042611923743146943 0.00078080732158655037
leaf_weight=2644.6427754610777 935.65110623836517 244.60639350116253 5333.7154663056135 268.23616257309914 1163.4211737662554 74.497240722179413 33.547852233052254 8.1096238940954191 844.09623418003321 328.68996852636337 6.0052382051944724 37.152909234166145 28.445166826248169 4.8976483047008506 561.7031165510416
leaf_count=12507 4820 1082 22700 1188 5370 320 144 42 5577 1396 29 199 125 20 2403
internal_value=0 -0.000147906 -0.000240041 -0.000721267 -2.42917e-05 0.000668986 0.000849401 -0.000989706 0.000892448 -6.72382e-05 0.000914954 -0.000283366 0.000884661 -0.000398387 0.000937718
internal_weight=0 10249.7 9410.02 2912.88 6497.14 2267.75 1821.4 41.6575 1779.75 446.345 80.5025 365.843 839.652 33.3428 806.31
internal_count=57922 45395 41765 13695 28070 12527 10583 186 10397 1944 349 1595 3630 145 3485
is_linear=0
shrinkage=0.01


Tree=377
num_leaves=15
num_cat=0
split_feature=1 7 1 3 1 6 3 8 6 6 7 0 2 8
split_gain=12.2704 12.6857 18.4939 8.45914 10.9836 6.50539 1.81773 1.87679 1.54137 0.920207 0.636613 0.835819 0.62237 0.375625
threshold=2.5000000000000004 1.0000000180025095e-35 1.5000000000000002 1.0000000180025095e-35 1.0000000180025095e-35 1.0000000180025095e-35 1.0000000180025095e-35 1.0000000180025095e-35 1.0000000180025095e-35 1.0000000180025095e-35 1.0000000180025095e-35 1.0000000180025095e-35 1.0000000180025095e-35 1.0000000180025095e-35
decision_type=2 2 2 2 2 2 2 2 2 2 2 2 2 2
left_child=1 3 8 4 -1 -4 10 9 -3 -8 13 -12 -5 -2
right_child=6 2 5 12 -6 -7 7 -9 -10 -11 11 -13 -14 -15
leaf_value=-0.0015157869492449971 -0.0010434871836764587 0.0014950720119086395 -0.00021215489635901906 0.00026620021003950089 -0.00022768007873592833 0.00085283187737945465 -0.00020008621417921663 -0.0040694393559734515 0.00085804295086655633 0.003186611654252886 -0.001521641983076763 -0.0026967630522419178 0.00069897344004680941 -0.001961807670762115
leaf_weight=782.51012949645519 146.38174207508564 1153.1295968517661 2697.5827640593052 1357.004512861371 4297.4893077388406 728.45418416708708 15.505132928490637 7.2848014980554572 566.39246989041567 16.625616483390331 128.69689555466175 114.26698458194733 440.05735550820827 64.022602409124374
leaf_count=3607 745 5318 11883 5689 19642 3694 66 33 3109 77 688 535 2495 341
internal_value=0 6.348e-05 0.000439009 -0.000217498 -0.000426097 1.42858e-05 -0.00154651 0.000513299 0.00128524 0.00155231 -0.00172559 -0.00207431 0.000372176 -0.00132292
internal_weight=0 12022.6 5145.56 6877.06 5080 3426.04 492.784 39.4156 1719.52 32.1307 453.368 242.964 1797.06 210.404
internal_count=57922 55437 24004 31433 23249 15577 2485 176 8427 143 2309 1223 8184 1086
is_linear=0
shrinkage=0.01


Tree=378
num_leaves=16
num_cat=0
split_feature=4 0 5 1 8 6 7 0 8 3 1 2 3 7 3
split_gain=12.1503 13.0117 14.663 8.69631 8.5669 7.16667 1.4816 1.33354 1.53096 1.30836 1.48332 1.18258 1.14566 0.950301 0.796736
threshold=1.0000000180025095e-35 1.0000000180025095e-35 1.0000000180025095e-35 2.5000000000000004 1.0000000180025095e-35 1.0000000180025095e-35 1.0000000180025095e-35 1.0000000180025095e-35 1.0000000180025095e-35 1.0000000180025095e-35 1.0000000180025095e-35 1.0000000180025095e-35 1.0000000180025095e-35 1.0000000180025095e-35 1.0000000180025095e-35
decision_type=2 2 2 2 2 2 2 2 2 2 2 2 2 2 2
left_child=1 2 5 4 -3 -1 -5 8 11 10 -9 -2 -10 -11 -4
right_child=7 3 14 6 -6 -7 -8 9 12 13 -12 -13 -14 -15 -16
leaf_value=-0.0010203559059997638 0.0013949569425578446 0.00033840292124933335 0.0019774240783274051 -0.0010057134161196107 -0.00051732782622980001 0.00027780745547067721 -0.0026956149862614209 -0.0011534018511125497 0.00056273285465337035 0.00093633729288991651 0.0006712456438089906 0.0028126801082853431 -0.0035197930735054689 0.0023471513057142994 0.00094452084727936127
leaf_weight=2644.1125504970551 215.14866524934769 6296.6650374308228 161.7181039378047 98.870172247290611 1436.8669239580631 506.76994131505489 109.16327755153179 48.740085482597351 41.634910568594933 133.10800242424011 518.60211753845215 80.982903935015202 8.2330868393182737 74.447876766324043 138.75100360810757
leaf_count=12453 961 28436 917 485 6536 2203 511 223 176 687 2397 647 40 452 798
internal_value=0 -9.76512e-05 -0.000610286 0.000125137 0.000179411 -0.000811567 -0.00189247 0.000993507 0.00150969 0.000763025 0.000514491 0.00178266 -0.000111282 0.00144238 0.00150045
internal_weight=0 11392.9 3451.35 7941.57 7733.53 3150.88 208.033 1120.9 346 774.898 567.342 296.132 49.868 207.556 300.469
internal_count=57922 52339 16371 35968 34972 14656 996 5583 1824 3759 2620 1608 216 1139 1715
is_linear=0
shrinkage=0.01


Tree=379
num_leaves=16
num_cat=0
split_feature=2 4 6 3 1 8 5 3 3 1 4 5 1 8 0
split_gain=12.0552 9.38672 9.44004 11.2957 4.77169 2.88818 1.3941 2.45117 2.40275 0.941132 4.54963 1.11062 0.546888 1.2265 0.440716
threshold=1.0000000180025095e-35 1.0000000180025095e-35 1.0000000180025095e-35 1.0000000180025095e-35 1.0000000180025095e-35 1.0000000180025095e-35 1.0000000180025095e-35 1.0000000180025095e-35 1.0000000180025095e-35 1.0000000180025095e-35 1.0000000180025095e-35 1.0000000180025095e-35 2.5000000000000004 1.0000000180025095e-35 1.0000000180025095e-35
decision_type=2 2 2 2 2 2 2 2 2 2 2 2 2 2 2
left_child=1 2 3 -1 -4 6 7 -2 -8 10 -7 -11 14 -14 -3
right_child=5 12 4 -5 -6 9 8 -9 -10 11 -12 -13 13 -15 -16
leaf_value=-0.00057322275950173068 0.00047760716708331898 0.0012736989958190938 -0.00078959231356276374 0.0006867832612901288 0.00046853301499188434 0.00024429953170685786 0.0020961561834722041 0.0015737699905886335 0.00063569986923624157 -0.00046134251989499424 0.0093062719705685731 0.0013633938647435303 -0.0011843047348022698 0.0042331389745127734 0.000765014522424607
leaf_weight=6109.3329024463892 1117.7598467767239 244.47349222004414 350.85525222122669 805.26887822151184 2141.0776199698448 74.493898525834084 211.41928248852491 249.53837038576603 241.13115022331476 328.70215676724911 5.9854175597429267 37.122327700257301 28.427806302905083 4.8992707580327979 561.50633691251278
leaf_count=27445 5466 1082 1562 3371 9387 320 1764 1372 1981 1396 29 199 125 20 2403
internal_value=0 -0.000145895 -0.000236307 -0.000426483 0.000291393 0.000660101 0.000836894 0.000677662 0.00131799 -6.07908e-05 0.000918258 -0.000276176 0.000867404 -0.00038791 0.000919311
internal_weight=0 10245.8 9406.53 6914.6 2491.93 2266.15 1819.85 1367.3 452.55 446.304 80.4793 365.824 839.307 33.3271 805.98
internal_count=57922 45395 41765 30816 10949 12527 10583 6838 3745 1944 349 1595 3630 145 3485
is_linear=0
shrinkage=0.01


Tree=380
num_leaves=16
num_cat=0
split_feature=2 8 1 7 6 1 6 7 3 0 4 4 1 6 1
split_gain=11.8193 9.34051 9.78871 16.4648 9.72683 5.10535 4.13455 2.84931 2.38527 2.2515 3.2767 1.40807 0.969481 0.774213 0.690445
threshold=1.0000000180025095e-35 1.0000000180025095e-35 1.5000000000000002 1.0000000180025095e-35 1.0000000180025095e-35 1.0000000180025095e-35 1.0000000180025095e-35 1.0000000180025095e-35 1.0000000180025095e-35 1.0000000180025095e-35 1.0000000180025095e-35 1.0000000180025095e-35 2.5000000000000004 1.0000000180025095e-35 1.0000000180025095e-35
decision_type=2 2 2 2 2 2 2 2 2 2 2 2 2 2 2
left_child=1 2 3 -1 -4 8 -7 9 -3 10 -2 13 -11 -9 -13
right_child=7 5 4 -5 -6 6 -8 11 -10 12 -12 14 -14 -15 -16
leaf_value=-0.0002461370817351202 -0.00067762690437356428 -0.0025444870947288292 -0.00047554059632116486 0.0012547569261393203 0.00053817038919975427 -0.00090496193839704217 0.00025547244498091986 0.00076059075104529421 -0.00057782216431947152 0.00066308158774383802 0.0018468767549208748 -0.00071619323863694154 -0.0016881313646638189 0.0014628376179739843 0.0024849292580320292
leaf_weight=1551.7651805877686 323.46007265150547 217.05421221256256 4325.0353585928679 1381.6795982569456 1211.7435876131058 1034.7947518825531 436.56896455585957 546.45615281164646 86.146694794297218 999.52959422767162 61.131333865225315 7.2876740321516982 17.850179627537727 220.27763459086418 89.316172383725643
leaf_count=6783 1413 1093 18885 6055 5265 5019 1934 3145 361 4957 409 64 76 1706 757
internal_value=0 -0.000144451 -6.24308e-06 0.000460798 -0.000253686 -0.000804134 -0.000560649 0.000653747 -0.00198571 0.000375438 -0.000276354 0.00110569 0.000621829 0.000962342 0.00224344
internal_weight=0 10244.8 8470.22 2933.44 5536.78 1774.56 1471.36 2265.31 303.201 1401.97 384.591 863.338 1017.38 766.734 96.6038
internal_count=57922 45395 36988 12838 24150 8407 6953 12527 1454 6855 1822 5672 5033 4851 821
is_linear=0
shrinkage=0.01


Tree=381
num_leaves=16
num_cat=0
split_feature=1 7 1 3 1 4 3 7 0 5 6 7 0 6 8
split_gain=11.7576 12.1462 17.7039 8.02155 10.6495 6.16883 1.75911 1.86771 3.61706 2.38264 1.55954 0.615632 0.801506 0.605737 0.368421
threshold=2.5000000000000004 1.0000000180025095e-35 1.5000000000000002 1.0000000180025095e-35 1.0000000180025095e-35 1.0000000180025095e-35 1.0000000180025095e-35 1.0000000180025095e-35 1.0000000180025095e-35 1.0000000180025095e-35 1.0000000180025095e-35 1.0000000180025095e-35 1.0000000180025095e-35 1.0000000180025095e-35 1.0000000180025095e-35
decision_type=2 2 2 2 2 2 2 2 2 2 2 2 2 2 2
left_child=1 3 10 4 -1 -4 11 8 -8 -9 -3 14 -13 -5 -2
right_child=6 2 5 13 -6 -7 7 9 -10 -11 -12 12 -14 -15 -16
leaf_value=-0.0014896535968816694 -0.0010183692427256459 0.0014691590097126717 -0.00011431856809360882 0.00057269299515325979 -0.00022069782783766705 0.0014168932344836552 -0.0082676072401421403 0.0059745016452041212 0.00096764258719855617 -0.0016687532779305464 0.00082801684335009787 -0.0014931254544161218 -0.0026449360766349146 0.00020182191797700512 -0.0019285663863654577
leaf_weight=781.71359829604626 146.20667616277933 1152.420516140759 3137.111088514328 773.14981315284967 4295.4542771875858 287.1933931261301 5.7025476098060635 10.454154610633852 16.545637741684914 6.6875378191471091 565.59053886681795 128.48825843632221 114.03322322666645 1023.2285043820739 63.909539446234703
leaf_count=3607 745 5318 14103 3465 19642 1474 27 43 72 34 3109 688 535 4719 341
internal_value=0 6.21268e-05 0.000429709 -0.000212873 -0.000416074 1.41028e-05 -0.00151504 0.000511866 -0.00139949 0.00299262 0.00125809 -0.00169143 -0.00203471 0.000361442 -0.00129522
internal_weight=0 12015.9 5142.32 6873.55 5077.17 3424.3 492.028 39.3899 22.2482 17.1417 1718.01 452.638 242.521 1796.38 210.116
internal_count=57922 55437 24004 31433 23249 15577 2485 176 99 77 8427 2309 1223 8184 1086
is_linear=0
shrinkage=0.01


Tree=382
num_leaves=16
num_cat=0
split_feature=2 4 0 3 8 8 5 3 3 1 4 5 1 8 0
split_gain=11.5685 9.12728 9.20727 8.50373 6.1703 2.79076 1.34865 2.38406 2.37003 0.933645 4.47346 1.08529 0.519392 1.20531 0.434424
threshold=1.0000000180025095e-35 1.0000000180025095e-35 1.0000000180025095e-35 1.0000000180025095e-35 1.0000000180025095e-35 1.0000000180025095e-35 1.0000000180025095e-35 1.0000000180025095e-35 1.0000000180025095e-35 1.0000000180025095e-35 1.0000000180025095e-35 1.0000000180025095e-35 2.5000000000000004 1.0000000180025095e-35 1.0000000180025095e-35
decision_type=2 2 2 2 2 2 2 2 2 2 2 2 2 2 2
left_child=1 2 3 -1 -4 6 7 -2 -8 10 -7 -11 14 -14 -3
right_child=5 12 4 -5 -6 9 8 -9 -10 11 -12 -13 13 -15 -16
leaf_value=-0.00087181581370679917 0.00046698560549589268 0.0012589818495108509 0.00012127739059798348 0.00099738914160635642 -0.00068286787639292327 0.00024645678638750946 0.0020685218476040779 0.0015487264371830298 0.0006166298211997325 -0.00045920749633075319 0.0092482167526107481 0.0013453988106453235 -0.001157443754440546 0.0042130365154537316 0.00075384238451386542
leaf_weight=2641.3097180575132 1117.0992534905672 244.36842665076256 5331.7766170650721 268.08928310871124 1162.1843664497137 74.480364233255386 210.91682469844818 249.18399579823017 240.78125807642937 328.67077262699604 5.9625914990901938 37.086118742823601 28.404425784945488 4.8999081701040259 561.33315408229828
leaf_count=12507 5466 1082 22700 1188 5370 320 1764 1372 1981 1396 29 199 125 20 2403
internal_value=0 -0.000142912 -0.000232081 -0.000699576 -2.26356e-05 0.00064695 0.000820881 0.000664274 0.00129458 -6.17054e-05 0.000913685 -0.000276228 0.000856465 -0.000367311 0.000907051
internal_weight=0 10242.4 9403.36 2909.4 6493.96 2264.18 1817.98 1366.28 451.698 446.2 80.443 365.757 839.006 33.3043 805.702
internal_count=57922 45395 41765 13695 28070 12527 10583 6838 3745 1944 349 1595 3630 145 3485
is_linear=0
shrinkage=0.01


Tree=383
num_leaves=16
num_cat=0
split_feature=1 7 1 4 6 6 3 7 0 5 6 0 7 0 2
split_gain=11.4823 11.8579 17.3266 7.83276 9.44022 6.06839 1.71652 1.82948 3.54805 2.33622 1.53783 1.10709 0.604313 0.79675 0.371343
threshold=2.5000000000000004 1.0000000180025095e-35 1.5000000000000002 1.0000000180025095e-35 1.0000000180025095e-35 1.0000000180025095e-35 1.0000000180025095e-35 1.0000000180025095e-35 1.0000000180025095e-35 1.0000000180025095e-35 1.0000000180025095e-35 1.0000000180025095e-35 1.0000000180025095e-35 1.0000000180025095e-35 1.0000000180025095e-35
decision_type=2 2 2 2 2 2 2 2 2 2 2 2 2 2 2
left_child=1 3 10 4 -1 -4 12 8 -8 -9 -3 -5 14 -14 -2
right_child=6 2 5 11 -6 -7 7 9 -10 -11 -12 -13 13 -15 -16
leaf_value=-0.00057369594905682601 -0.0011167879417154122 0.0014539628142861097 -0.00020522087721891918 0.001434401090458212 0.0002767193937025799 0.00082394435106252807 -0.0081873844799110126 0.0059122740180199062 0.0009576290989492624 -0.0016551618672240545 0.00081714111615168383 0.00055049277467947332 -0.0014722186316444242 -0.0026211601712560718 -0.0023663664174464545
leaf_weight=4362.0947192907333 182.60884766280651 1152.0020899027586 2696.1826378330588 209.56772971153259 1862.7432620674372 727.53089581429958 5.7055959850549725 10.454124227166178 16.544154927134514 6.6904325559735289 565.27332319319248 437.5464183986187 128.35162377357483 113.93368299305439 27.342979699373245
leaf_count=20025 972 5318 11883 1046 8324 3694 27 43 72 34 3109 2038 688 535 114
internal_value=0 6.13854e-05 0.000424628 -0.000210361 -0.000319215 1.34743e-05 -0.00149782 0.000504214 -0.00138746 0.00295918 0.00124434 0.000836746 -0.00167222 -0.0020125 -0.00127953
internal_weight=0 12012.9 5140.99 6871.95 6224.84 3423.71 491.631 39.3943 22.2498 17.1446 1717.28 647.114 452.237 242.285 209.952
internal_count=57922 55437 24004 31433 28349 15577 2485 176 99 77 8427 3084 2309 1223 1086
is_linear=0
shrinkage=0.01


Tree=384
num_leaves=16
num_cat=0
split_feature=2 8 1 7 6 1 6 8 3 5 3 3 1 4 5
split_gain=11.3237 8.89716 9.2482 15.4869 9.30001 4.96172 3.98856 2.71562 2.29418 1.30935 2.33566 2.33114 0.914633 4.39401 1.06046
threshold=1.0000000180025095e-35 1.0000000180025095e-35 1.5000000000000002 1.0000000180025095e-35 1.0000000180025095e-35 1.0000000180025095e-35 1.0000000180025095e-35 1.0000000180025095e-35 1.0000000180025095e-35 1.0000000180025095e-35 1.0000000180025095e-35 1.0000000180025095e-35 1.0000000180025095e-35 1.0000000180025095e-35 1.0000000180025095e-35
decision_type=2 2 2 2 2 2 2 2 2 2 2 2 2 2 2
left_child=1 2 3 -1 -4 8 -7 9 -3 10 -2 -11 13 -9 -14
right_child=7 5 4 -5 -6 6 -8 12 -10 11 -12 -13 14 -15 -16
leaf_value=-0.00023814591180867743 0.0004623597076415683 -0.0025004246562650239 -0.00046404934188529787 0.0012178105380729234 0.00052732272413349155 -0.00088394880753437494 0.00025602253193939521 0.00024674965753151404 -0.00057096633625035591 0.0020474259969026267 0.0015334702830374287 0.00060654906451517885 -0.00045191414767260324 0.009185165734597326 0.0013324918571274457
leaf_weight=1551.2402870804071 1116.7937326282263 216.57517318427563 4323.2892636060715 1380.9596122503281 1211.4049001336098 1033.8028307408094 436.51805981993675 74.478288292884827 86.133614927530289 210.5390063226223 248.96730757504702 240.59696646779776 328.68724104762077 5.9382092058658591 37.059825554490089
leaf_count=6783 5466 1093 18885 6055 5265 5019 1934 320 361 1764 1372 1981 1396 29 199
internal_value=0 -0.000141395 -6.50682e-06 0.000447557 -0.000247063 -0.000785537 -0.000545507 0.000640242 -0.00195141 0.000811901 0.000657615 0.00127899 -5.88026e-05 0.000906791 -0.000271107
internal_weight=0 10239.9 8466.89 2932.2 5534.69 1773.03 1470.32 2263.06 302.709 1816.9 1365.76 451.136 446.164 80.4165 365.747
internal_count=57922 45395 36988 12838 24150 8407 6953 12527 1454 10583 6838 3745 1944 349 1595
is_linear=0
shrinkage=0.01


Tree=385
num_leaves=15
num_cat=0
split_feature=1 7 1 4 6 4 3 8 6 0 6 7 0 2
split_gain=11.2147 11.4314 16.6442 7.65018 9.12441 5.97043 1.6788 1.81337 1.5079 1.08613 0.92277 0.594461 0.782636 0.367776
threshold=2.5000000000000004 1.0000000180025095e-35 1.5000000000000002 1.0000000180025095e-35 1.0000000180025095e-35 1.0000000180025095e-35 1.0000000180025095e-35 1.0000000180025095e-35 1.0000000180025095e-35 1.0000000180025095e-35 1.0000000180025095e-35 1.0000000180025095e-35 1.0000000180025095e-35 1.0000000180025095e-35
decision_type=2 2 2 2 2 2 2 2 2 2 2 2 2 2
left_child=1 3 8 4 -1 -4 11 10 -3 -5 -8 13 -13 -2
right_child=6 2 5 9 -6 -7 7 -9 -10 -11 -12 12 -14 -15
leaf_value=-0.00056402626114720382 -0.0011017910137253284 0.0014285975476246036 -0.0001119312939733603 0.0014209844919352121 0.00027211131010236437 0.0013950743901102677 -0.00023499511873991444 -0.0040117526472063462 0.00079778905318475632 0.00054528617821565282 0.0031565105800931853 -0.0014554390906290305 -0.0025946977853648612 -0.0023454593115596776
leaf_weight=4360.6426756083965 182.46776503324509 1151.5965376794338 3136.1339626312256 209.45548892021179 1862.574834510684 286.94439464062452 15.508791252970694 7.268206611275672 564.79913909733295 437.43471199274063 16.619508482515812 128.24069160968065 113.81757159531116 27.3408078327775
leaf_count=20025 972 5318 14103 1046 8324 1474 66 33 3109 2038 77 688 535 114
internal_value=0 6.06604e-05 0.000417365 -0.000206187 -0.000313775 1.43956e-05 -0.00148083 0.000498951 0.00122102 0.000828827 0.00151938 -0.00165344 -0.00199113 -0.00126386
internal_weight=0 12009.6 5139.47 6870.11 6223.22 3423.08 491.263 39.3965 1716.4 646.89 32.1283 451.867 242.058 209.809
internal_count=57922 55437 24004 31433 28349 15577 2485 176 8427 3084 143 2309 1223 1086
is_linear=0
shrinkage=0.01


Tree=386
num_leaves=16
num_cat=0
split_feature=2 4 0 3 8 8 5 3 3 1 4 5 1 8 0
split_gain=11.0824 8.67038 8.93677 8.24345 5.83783 2.64174 1.27427 2.29281 2.29035 0.895903 4.31608 1.03611 0.472173 1.18174 0.408345
threshold=1.0000000180025095e-35 1.0000000180025095e-35 1.0000000180025095e-35 1.0000000180025095e-35 1.0000000180025095e-35 1.0000000180025095e-35 1.0000000180025095e-35 1.0000000180025095e-35 1.0000000180025095e-35 1.0000000180025095e-35 1.0000000180025095e-35 1.0000000180025095e-35 2.5000000000000004 1.0000000180025095e-35 1.0000000180025095e-35
decision_type=2 2 2 2 2 2 2 2 2 2 2 2 2 2 2
left_child=1 2 3 -1 -4 6 8 -8 -2 10 -7 -11 14 -14 -3
right_child=5 12 4 -5 -6 9 7 -9 -10 11 -12 -13 13 -15 -16
leaf_value=-0.00085724638963061335 0.00045741948051225898 0.0012239932567595249 0.00011952676381907532 0.00098349991285708884 -0.00066292328473659698 0.00024699335931565013 0.0020269898435156097 0.00059710841007148898 0.0015184885478400415 -0.00044466103439117741 0.0091226784295381953 0.0013196973849687905 -0.00111644438803306 0.0042014879194403184 0.00073409430192419585
leaf_weight=2639.3665879815817 1116.4658265933394 244.18527176976204 5330.1886913776398 267.99075691401958 1161.2854018211365 74.476191282272339 210.17389962822199 240.42498829960823 248.75564512610435 328.70371554791927 5.9138540476560584 37.033772349357605 28.366836562752724 4.9005422145128241 561.11788327991962
leaf_count=12507 5466 1082 22700 1188 5370 320 1764 1981 1372 1396 29 199 125 20 2403
internal_value=0 -0.000139884 -0.000226811 -0.000687572 -2.04488e-05 0.000633553 0.000802946 0.00126405 0.000650756 -5.59101e-05 0.000899929 -0.000266006 0.000834413 -0.000333072 0.000882642
internal_weight=0 10237.4 9398.83 2907.36 6491.47 2261.95 1815.82 450.599 1365.22 446.128 80.39 365.737 838.571 33.2674 805.303
internal_count=57922 45395 41765 13695 28070 12527 10583 3745 6838 1944 349 1595 3630 145 3485
is_linear=0
shrinkage=0.01


Tree=387
num_leaves=16
num_cat=0
split_feature=1 7 1 3 1 6 3 7 0 5 6 6 7 0 2
split_gain=10.9523 11.1602 16.289 7.51752 10.3959 5.81243 1.63742 1.78203 3.48622 2.30613 1.48693 0.659389 0.583658 0.777971 0.364186
threshold=2.5000000000000004 1.0000000180025095e-35 1.5000000000000002 1.0000000180025095e-35 1.0000000180025095e-35 1.0000000180025095e-35 1.0000000180025095e-35 1.0000000180025095e-35 1.0000000180025095e-35 1.0000000180025095e-35 1.0000000180025095e-35 1.0000000180025095e-35 1.0000000180025095e-35 1.0000000180025095e-35 1.0000000180025095e-35
decision_type=2 2 2 2 2 2 2 2 2 2 2 2 2 2 2
left_child=1 3 10 4 -1 -4 12 8 -8 -9 -3 -5 14 -14 -2
right_child=6 2 5 11 -6 -7 7 9 -10 -11 -12 -13 13 -15 -16
leaf_value=-0.0014620257447341477 -0.0010870544114357466 0.0014138165137832916 -0.00020023765910090485 0.00057279650291729384 -0.00020751236846065614 0.00080730470006706411 -0.0081174523258687511 0.0058488838565417482 0.00094974983210391166 -0.0016714035237216304 0.00078725719637877986 0.00018575055939516088 -0.001434971847924324 -0.0025713678473667312 -0.0023247448066570663
leaf_weight=780.70678777992725 182.32467468082905 1151.186266489327 2695.4964064657688 772.79912288486958 4292.239648245275 727.00163708627224 5.7033174782991436 10.452097386121752 16.531865611672401 6.6862026378512374 564.49169162660837 1022.6298453584313 128.10695032775402 113.71955269575119 27.338597618043423
leaf_count=3607 972 5318 11883 3465 19642 3694 27 43 72 34 3109 4719 688 535 114
internal_value=0 5.99375e-05 0.00041243 -0.000203759 -0.000400577 1.37829e-05 -0.00146402 0.000491765 -0.00137598 0.00291498 0.00120767 0.000352345 -0.00163458 -0.00196937 -0.00124844
internal_weight=0 12006.6 5138.18 6868.38 5072.95 3422.5 490.863 39.3735 22.2352 17.1383 1715.68 1795.43 451.49 241.827 209.663
internal_count=57922 55437 24004 31433 23249 15577 2485 176 99 77 8427 8184 2309 1223 1086
is_linear=0
shrinkage=0.01


Tree=388
num_leaves=16
num_cat=0
split_feature=2 4 0 5 8 8 1 0 7 1 4 5 1 8 0
split_gain=10.8522 8.49605 8.71674 8.0821 5.68178 2.57191 1.23991 2.18144 1.02256 0.888969 4.24876 1.01355 0.453528 1.15626 0.401246
threshold=1.0000000180025095e-35 1.0000000180025095e-35 1.0000000180025095e-35 1.0000000180025095e-35 1.0000000180025095e-35 1.0000000180025095e-35 2.5000000000000004 1.0000000180025095e-35 1.0000000180025095e-35 1.0000000180025095e-35 1.0000000180025095e-35 1.0000000180025095e-35 2.5000000000000004 1.0000000180025095e-35 1.0000000180025095e-35
decision_type=2 2 2 2 2 2 2 2 2 2 2 2 2 2 2
left_child=1 2 3 -1 -4 6 8 -8 -2 10 -7 -11 14 -14 -3
right_child=5 12 4 -5 -6 9 7 -9 -10 11 -12 -13 13 -15 -16
leaf_value=-0.000829113990320836 0.00060665486291043547 0.0012118300130192054 0.00011740633644402346 0.0011809041290968545 -0.00065462629416847707 0.00025228173918914981 0.0013416826670133795 -0.0032354299385799596 0.0010876229900578795 -0.0004390898086117722 0.0090725182653562941 0.0013065008242717682 -0.0010938787566780303 0.0041659829258391817 0.00072614445836203243
leaf_weight=2690.1023045033216 933.58464076370001 244.11178138852119 5329.6547557711601 216.11421319842339 1160.9043358266354 74.471487939357758 21.157529562711716 20.503234580159187 839.54553972184658 328.71382135152817 5.8935818672180167 37.007830411195755 28.346831500530243 4.9020483642816535 561.01999822258949
leaf_count=12640 4820 1082 22700 1055 5370 320 95 91 5577 1396 29 199 125 20 2403
internal_value=0 -0.000138425 -0.000224483 -0.000679644 -2.06798e-05 0.0006271 0.000794319 -0.000910931 0.000834385 -5.31885e-05 0.000899115 -0.000262451 0.000826137 -0.000318391 0.000873402
internal_weight=0 10235.2 9396.78 2906.22 6490.56 2260.88 1814.79 41.6608 1773.13 446.087 80.3651 365.722 838.381 33.2489 805.132
internal_count=57922 45395 41765 13695 28070 12527 10583 186 10397 1944 349 1595 3630 145 3485
is_linear=0
shrinkage=0.01


Tree=389
num_leaves=15
num_cat=0
split_feature=1 7 1 3 5 4 3 8 6 6 6 7 0 8
split_gain=10.6763 10.8591 15.9397 7.33386 10.25 5.71952 1.604 1.76829 1.46476 0.917218 0.647258 0.573844 0.767429 0.360232
threshold=2.5000000000000004 1.0000000180025095e-35 1.5000000000000002 1.0000000180025095e-35 1.0000000180025095e-35 1.0000000180025095e-35 1.0000000180025095e-35 1.0000000180025095e-35 1.0000000180025095e-35 1.0000000180025095e-35 1.0000000180025095e-35 1.0000000180025095e-35 1.0000000180025095e-35 1.0000000180025095e-35
decision_type=2 2 2 2 2 2 2 2 2 2 2 2 2 2
left_child=1 3 8 4 -1 -4 11 9 -3 -8 -5 13 -13 -2
right_child=6 2 5 10 -6 -7 7 -9 -10 -11 -12 12 -14 -15
leaf_value=-0.00051315312474802704 -0.00095797285391363454 0.0013984422936311729 -0.00011105628511531722 0.00056677011228462959 0.0013208089850645047 0.0013646583460993481 -0.00025199241329760868 -0.0039693723231977469 0.0007764113372780299 0.0031294955404657862 0.00018327179656267207 -0.0014160191108804373 -0.0025452040744306653 -0.0018594630033575985
leaf_weight=4746.0913513749838 145.84017249941826 1150.7337116748095 3135.071300059557 772.68566379696131 325.66174352914095 286.64991910010576 15.512428581714628 7.2554066032171241 564.16732253879309 16.611263193190098 1022.4660458862782 127.97362284362316 113.62904958426952 63.681180387735367
leaf_count=21602 745 5318 14103 3465 1647 1474 66 33 3109 77 4719 688 535 341
internal_value=0 5.9171e-05 0.000406935 -0.000200965 -0.000395393 1.25696e-05 -0.001446 0.00048951 0.00119381 0.00149659 0.000348341 -0.00161496 -0.00194709 -0.00123197
internal_weight=0 12003.5 5136.62 6866.9 5071.75 3421.72 490.503 39.3791 1714.9 32.1237 1795.15 451.124 241.603 209.521
internal_count=57922 55437 24004 31433 23249 15577 2485 176 8427 143 8184 2309 1223 1086
is_linear=0
shrinkage=0.01


Tree=390
num_leaves=16
num_cat=0
split_feature=2 8 1 7 6 1 6 8 3 5 3 3 0 1 1
split_gain=10.611 8.28362 8.54407 14.2877 8.80291 4.82906 3.83472 2.5009 2.18984 1.21469 2.25101 2.20842 0.871241 1.03021 0.442267
threshold=1.0000000180025095e-35 1.0000000180025095e-35 1.5000000000000002 1.0000000180025095e-35 1.0000000180025095e-35 1.0000000180025095e-35 1.0000000180025095e-35 1.0000000180025095e-35 1.0000000180025095e-35 1.0000000180025095e-35 1.0000000180025095e-35 1.0000000180025095e-35 1.0000000180025095e-35 1.5000000000000002 1.0000000180025095e-35
decision_type=2 2 2 2 2 2 2 2 2 2 2 2 2 2 2
left_child=1 2 3 -1 -4 8 -7 9 -3 11 -11 -2 13 -9 -14
right_child=7 5 4 -5 -6 6 -8 12 -10 10 -12 -13 14 -15 -16
leaf_value=-0.00022891032487873188 0.00044683463730136653 -0.0024478562174538934 -0.00044919492777898643 0.0011699903895019308 0.0005155459288099201 -0.00085420186251772723 0.00026396294448780699 -0.001955860354200944 -0.00056190539735442564 0.0019932499404356615 0.00057482767567624746 0.0014895000563254143 0.00098023327601061438 1.6855730007091753e-06 3.3329293081450939e-05
leaf_weight=1550.4128637313843 1115.781949877739 215.98897141218185 4320.5907019376755 1379.9485248029232 1210.8850219994783 1032.3524479418993 436.33935850858688 46.395788550376892 86.114328950643539 209.57450131326914 240.0216628164053 248.35363776981831 60.076429530978203 63.92891500890255 275.63646964728832
leaf_count=6783 5466 1093 18885 6055 5265 5019 1934 196 361 1764 1981 1372 264 269 1215
internal_value=0 -0.000136881 -6.72426e-06 0.000429852 -0.000238005 -0.000758844 -0.000522002 0.000620257 -0.00191027 0.000785231 0.00123601 0.000636662 -5.05792e-05 -0.000821538 0.000202779
internal_weight=0 10232.6 8461.84 2930.36 5531.48 1770.8 1468.69 2259.77 302.103 1813.73 449.596 1364.14 446.038 110.325 335.713
internal_count=57922 45395 36988 12838 24150 8407 6953 12527 1454 10583 3745 6838 1944 465 1479
is_linear=0
shrinkage=0.01


Tree=391
num_leaves=16
num_cat=0
split_feature=4 0 5 1 8 6 7 0 8 3 1 3 2 7 3
split_gain=10.5005 11.6725 13.3303 7.71275 7.19118 6.56263 1.37487 1.22007 1.4666 1.21238 1.46594 1.1494 1.14439 0.885512 0.808754
threshold=1.0000000180025095e-35 1.0000000180025095e-35 1.0000000180025095e-35 2.5000000000000004 1.0000000180025095e-35 1.0000000180025095e-35 1.0000000180025095e-35 1.0000000180025095e-35 1.0000000180025095e-35 1.0000000180025095e-35 1.0000000180025095e-35 1.0000000180025095e-35 1.0000000180025095e-35 1.0000000180025095e-35 1.0000000180025095e-35
decision_type=2 2 2 2 2 2 2 2 2 2 2 2 2 2 2
left_child=1 2 5 4 -3 -1 -5 8 12 10 -9 -10 -2 -11 -4
right_child=7 3 14 6 -6 -7 -8 9 11 13 -12 -13 -14 -15 -16
leaf_value=-0.00096921337913681853 0.0013069659259572675 0.00031708265319230455 0.0019211228929876189 -0.00092885718736001167 -0.0004676322341748078 0.00027371874931201722 -0.0025603777443899234 -0.0011949058988673352 0.00050773276059511835 0.00087125883524634092 0.00062102849130894733 -0.0035856621385178017 0.0027067876631947448 0.0022366344687954872 0.00087846521920690885
leaf_weight=2637.3091760575771 214.62330143153667 6288.4640036895871 161.0656270980835 98.520222008228302 1434.1567853689194 506.35974955558777 108.57006144523621 48.631026417016983 41.596874356269836 132.73759272694588 517.63971209526062 8.2142857462167722 80.235741026699543 73.969157047569752 138.24678506702185
leaf_count=12453 961 28436 917 485 6536 2203 511 223 176 687 2397 40 647 452 798
internal_value=0 -9.08167e-05 -0.000577013 0.000120283 0.000171354 -0.000769011 -0.00178421 0.000924981 0.00141977 0.000704355 0.000465077 -0.000167303 0.00168788 0.00135985 0.00143954
internal_weight=0 11372.7 3442.98 7929.71 7722.62 3143.67 207.09 1117.65 344.67 772.977 566.271 49.8112 294.859 206.707 299.312
internal_count=57922 52339 16371 35968 34972 14656 996 5583 1824 3759 2620 216 1608 1139 1715
is_linear=0
shrinkage=0.01


Tree=392
num_leaves=16
num_cat=0
split_feature=2 4 0 3 8 7 0 4 4 1 6 1 1 8 0
split_gain=10.3601 8.11291 8.28926 7.8276 5.31609 2.42667 2.15869 3.00599 1.31291 0.859863 0.71725 0.69111 0.428246 1.1396 0.389412
threshold=1.0000000180025095e-35 1.0000000180025095e-35 1.0000000180025095e-35 1.0000000180025095e-35 1.0000000180025095e-35 1.0000000180025095e-35 1.0000000180025095e-35 1.0000000180025095e-35 1.0000000180025095e-35 2.5000000000000004 1.0000000180025095e-35 1.0000000180025095e-35 2.5000000000000004 1.0000000180025095e-35 1.0000000180025095e-35
decision_type=2 2 2 2 2 2 2 2 2 2 2 2 2 2 2
left_child=1 2 3 -1 -4 6 7 -2 10 -8 -7 -10 14 -14 -3
right_child=5 12 4 -5 -6 8 9 -9 11 -11 -12 -13 13 -15 -16
leaf_value=-0.00082897783513020127 -0.00066605339243036164 0.0011870257357994689 0.00011290877277014124 0.00096545071250375811 -0.00063412794629189419 0.00069868039854274896 0.00063664346707139501 0.0017584257945362275 -0.00083792515329924222 -0.0015780853473655386 0.0013765677480092864 0.0023784546299282926 -0.001075359523428903 0.0041462378820852986 0.00070840821311065987
leaf_weight=2635.7447486817837 323.21395705640316 243.94792194664478 5328.5844721794128 267.79377065598965 1159.9638382941484 544.38154403120279 997.89073769748211 60.750798746943474 7.2261985614895812 17.843718320131302 218.82308861613274 88.474063411355019 28.327450886368752 4.9031888693571082 560.74621367454529
leaf_count=12507 1413 1082 22700 1188 5370 3145 4957 409 64 76 1706 757 125 20 2403
internal_value=0 -0.000135257 -0.000219371 -0.000663477 -2.06397e-05 0.000613051 0.000356283 -0.000282453 0.00103149 0.000597737 0.000893042 0.00213559 0.000807563 -0.000304912 0.000853504
internal_weight=0 10230 9392.09 2903.54 6488.55 2258.6 1399.7 383.965 858.905 1015.73 763.205 95.7003 837.925 33.2306 804.694
internal_count=57922 45395 41765 13695 28070 12527 6855 1822 5672 5033 4851 821 3630 145 3485
is_linear=0
shrinkage=0.01


Tree=393
num_leaves=16
num_cat=0
split_feature=1 7 1 3 1 6 3 7 0 5 6 6 7 0 2
split_gain=10.2264 10.3426 15.2567 7.00714 10.1093 5.48127 1.55449 1.73666 3.43537 2.27854 1.46662 0.653106 0.556339 0.745315 0.355262
threshold=2.5000000000000004 1.0000000180025095e-35 1.5000000000000002 1.0000000180025095e-35 1.0000000180025095e-35 1.0000000180025095e-35 1.0000000180025095e-35 1.0000000180025095e-35 1.0000000180025095e-35 1.0000000180025095e-35 1.0000000180025095e-35 1.0000000180025095e-35 1.0000000180025095e-35 1.0000000180025095e-35 1.0000000180025095e-35
decision_type=2 2 2 2 2 2 2 2 2 2 2 2 2 2 2
left_child=1 3 10 4 -1 -4 12 8 -8 -9 -3 -5 14 -14 -2
right_child=6 2 5 11 -6 -7 7 9 -10 -11 -12 -13 13 -15 -16
leaf_value=-0.001433583445094146 -0.0010457543512529417 0.0013723729870912629 -0.00019630183720727008 0.00056041618034979857 -0.00019574683942066642 0.00078262687315078683 -0.0080498851462038716 0.0057989154273245533 0.00095437563698700062 -0.0016778025538814964 0.00074961455965895471 0.00017512371481355653 -0.0013863452723830059 -0.0025001027903351616 -0.0022685056540266992
leaf_weight=779.71152386069298 181.91213303804398 1150.0354187488556 2694.0636417344213 772.42507116496563 4289.0086923167109 726.14550104737282 5.6986527293920544 10.448532655835153 16.521926537156105 6.6831144839525214 563.43216056376696 1022.1126073226333 127.75990274548531 113.42763447761536 27.331511482596397
leaf_count=3607 972 5318 11883 3465 19642 3694 27 43 72 34 3109 4719 688 535 114
internal_value=0 5.78998e-05 0.000397393 -0.000196039 -0.000386161 1.15348e-05 -0.00141627 0.000489727 -0.00135484 0.00288222 0.00116759 0.000340966 -0.00158279 -0.00191013 -0.00120547
internal_weight=0 11996.9 5133.68 6863.26 5068.72 3420.21 489.783 39.3522 22.2206 17.1316 1713.47 1794.54 450.431 241.188 209.244
internal_count=57922 55437 24004 31433 23249 15577 2485 176 99 77 8427 8184 2309 1223 1086
is_linear=0
shrinkage=0.01


Tree=394
num_leaves=16
num_cat=0
split_feature=2 4 0 3 8 8 5 3 3 1 4 5 1 8 0
split_gain=10.1452 7.94974 8.08505 7.62766 5.17366 2.37755 1.14864 2.2188 2.13373 0.876594 4.17991 0.974818 0.41125 1.11503 0.382625
threshold=1.0000000180025095e-35 1.0000000180025095e-35 1.0000000180025095e-35 1.0000000180025095e-35 1.0000000180025095e-35 1.0000000180025095e-35 1.0000000180025095e-35 1.0000000180025095e-35 1.0000000180025095e-35 1.0000000180025095e-35 1.0000000180025095e-35 1.0000000180025095e-35 2.5000000000000004 1.0000000180025095e-35 1.0000000180025095e-35
decision_type=2 2 2 2 2 2 2 2 2 2 2 2 2 2 2
left_child=1 2 3 -1 -4 6 8 -8 -2 10 -7 -11 14 -14 -3
right_child=5 12 4 -5 -6 9 7 -9 -10 11 -12 -13 13 -15 -16
leaf_value=-0.00081924690939631968 0.00043680522007970502 0.0011752211209357429 0.00011088681853668983 0.0009522686662501123 -0.00062617620986616079 0.00025800542729549717 0.0019598284336870232 0.0005498922843070825 0.0014624036989230435 -0.00042819739959496612 0.0090214038855445638 0.0012846190175755438 -0.0010536113652616611 0.004110988099934855 0.00070073249425332438
leaf_weight=2634.6792696863413 1115.0715553760529 243.87629687786102 5328.0657279640436 267.75378873944283 1159.5975175946951 74.444393888115883 208.97571257501841 239.5663772970438 247.96501227468252 328.68453691899776 5.8721123039722434 36.964712530374527 28.307943105697632 4.904647782444953 560.65116760134697
leaf_count=12507 5466 1082 22700 1188 5370 320 1764 1981 1372 1396 29 199 125 20 2403
internal_value=0 -0.000133847 -0.00021712 -0.000655822 -2.0855e-05 0.000606815 0.000767831 0.00120678 0.000623383 -4.7256e-05 0.000898716 -0.000255043 0.000799547 -0.000290932 0.000844564
internal_weight=0 10227.8 9390.1 2902.43 6487.66 2257.54 1811.58 448.542 1363.04 445.966 80.3165 365.649 837.74 33.2126 804.527
internal_count=57922 45395 41765 13695 28070 12527 10583 3745 6838 1944 349 1595 3630 145 3485
is_linear=0
shrinkage=0.01


Tree=395
num_leaves=15
num_cat=0
split_feature=1 7 1 4 6 4 3 8 6 0 6 7 0 8
split_gain=9.98658 10.098 14.9309 6.82653 8.52404 5.36914 1.51659 1.72035 1.44602 1.01715 0.909889 0.546146 0.740662 0.351766
threshold=2.5000000000000004 1.0000000180025095e-35 1.5000000000000002 1.0000000180025095e-35 1.0000000180025095e-35 1.0000000180025095e-35 1.0000000180025095e-35 1.0000000180025095e-35 1.0000000180025095e-35 1.0000000180025095e-35 1.0000000180025095e-35 1.0000000180025095e-35 1.0000000180025095e-35 1.0000000180025095e-35
decision_type=2 2 2 2 2 2 2 2 2 2 2 2 2 2
left_child=1 3 8 4 -1 -4 11 10 -3 -5 -8 13 -13 -2
right_child=6 2 5 9 -6 -7 7 -9 -10 -11 -12 12 -14 -15
leaf_value=-0.00053750772064380548 -0.00091984585792521554 0.0013581834312723056 -0.0001087586182844885 0.0013584267691419986 0.00027104447541671946 0.001322211046358841 -0.00026609017524572355 -0.0039207431219680546 0.00073967196576221739 0.00051024024952673924 0.0031022787498203781 -0.0013667747340239786 -0.0024775584353346008 -0.0018117158452831427
leaf_weight=4354.6819175779819 145.58799995481968 1149.639112636447 3133.4055050089955 209.00842110067606 1861.093003898859 286.15217017382383 15.513681158423422 7.2409666180610648 563.14171326160431 436.98015734553337 16.601302437484264 127.63215728104115 113.33229367434978 63.517032518982887
leaf_count=20025 745 5318 14103 1046 8324 1474 66 33 3109 2038 77 688 535 341
internal_value=0 5.72099e-05 0.000392712 -0.000193733 -0.000295415 1.09864e-05 -0.00140009 0.000482363 0.00115482 0.000784669 0.00147513 -0.0015647 -0.00188921 -0.00119076
internal_weight=0 11994.1 5132.34 6861.76 6215.77 3419.56 489.425 39.356 1712.78 645.989 32.115 450.069 240.964 209.105
internal_count=57922 55437 24004 31433 28349 15577 2485 176 8427 3084 143 2309 1223 1086
is_linear=0
shrinkage=0.01


Tree=396
num_leaves=16
num_cat=0
split_feature=2 8 1 7 6 1 6 8 3 1 0 7 1 4 5
split_gain=9.925 7.68156 8.01595 13.4354 8.28511 4.69222 3.67835 2.31243 2.10006 1.12364 2.11584 0.908197 0.858826 4.10627 0.952515
threshold=1.0000000180025095e-35 1.0000000180025095e-35 1.5000000000000002 1.0000000180025095e-35 1.0000000180025095e-35 1.0000000180025095e-35 1.0000000180025095e-35 1.0000000180025095e-35 1.0000000180025095e-35 2.5000000000000004 1.0000000180025095e-35 1.0000000180025095e-35 1.0000000180025095e-35 1.0000000180025095e-35 1.0000000180025095e-35
decision_type=2 2 2 2 2 2 2 2 2 2 2 2 2 2 2
left_child=1 2 3 -1 -4 8 -7 9 -3 11 -11 -2 13 -9 -14
right_child=7 5 4 -5 -6 6 -8 12 -10 10 -12 -13 14 -15 -16
leaf_value=-0.00022298059837606415 0.0005827968461018919 -0.0023955565364272668 -0.00043609413664705016 0.0011339507404943066 0.00050006322213704229 -0.0008239409359202971 0.00027154676658089127 0.00025797042242946299 -0.00054775824744137639 0.0013555903055608818 -0.0031520218466129469 0.0010366382988629996 -0.00042144751259882155 0.0089604816860503929 0.0012721778299964385
leaf_weight=1549.7015345692635 932.25809936970472 215.4105564057827 4317.9545489698648 1378.9937058836222 1210.3625904023647 1030.8920565098524 436.19503757357597 74.442033693194389 86.087533965706825 21.147500790655613 20.515465348958969 836.63977973163128 328.69982911646366 5.8479232639074317 36.939441546797752
leaf_count=6783 4820 1093 18885 6055 5265 5019 1934 320 361 95 91 5577 1396 29 199
internal_value=0 -0.000132388 -7.04969e-06 0.000415939 -0.000231133 -0.000731732 -0.00049823 0.000600348 -0.00186795 0.000759219 -0.000864025 0.000797451 -4.4698e-05 0.000891818 -0.000250346
internal_weight=0 10225.6 8457.01 2928.7 5528.32 1768.59 1467.09 2256.49 301.498 1810.56 41.663 1768.9 445.929 80.29 365.639
internal_count=57922 45395 36988 12838 24150 8407 6953 12527 1454 10583 186 10397 1944 349 1595
is_linear=0
shrinkage=0.01


Tree=397
num_leaves=16
num_cat=0
split_feature=1 7 1 3 1 4 3 7 0 5 6 6 7 0 2
split_gain=9.7369 9.71098 14.3419 6.69338 9.86127 5.25864 1.48406 1.69017 3.37941 2.24773 1.41589 0.680718 0.537674 0.722676 0.348791
threshold=2.5000000000000004 1.0000000180025095e-35 1.5000000000000002 1.0000000180025095e-35 1.0000000180025095e-35 1.0000000180025095e-35 1.0000000180025095e-35 1.0000000180025095e-35 1.0000000180025095e-35 1.0000000180025095e-35 1.0000000180025095e-35 1.0000000180025095e-35 1.0000000180025095e-35 1.0000000180025095e-35 1.0000000180025095e-35
decision_type=2 2 2 2 2 2 2 2 2 2 2 2 2 2 2
left_child=1 3 10 4 -1 -4 12 8 -8 -9 -3 -5 14 -14 -2
right_child=6 2 5 11 -6 -7 7 9 -10 -11 -12 -13 13 -15 -16
leaf_value=-0.0014105396550824125 -0.0010163189186171253 0.0013339375439110365 -0.00010706116193049176 0.00055934153056412712 -0.0001874459961519774 0.0013094660896023191 -0.0079825104882190086 0.0057371495658990078 0.00095030258059331928 -0.0016901479807385896 0.0007217057090238069 0.00016593380464110648 -0.0013518297703752711 -0.0024495236622217934 -0.0022280693086734441
leaf_weight=778.96948815882206 181.62971776723862 1149.2198941484094 3132.993434689939 772.22814808785915 4287.1467551961541 285.99720288068056 5.6959451138973263 10.446187913417818 16.512990936636925 6.6802398934960356 562.70273585617542 1021.7945891097188 127.52766864746809 113.22781355679035 27.328157931566238
leaf_count=3607 972 5318 14103 3465 19642 1474 27 43 72 34 3109 4719 688 535 114
internal_value=0 5.64828e-05 0.000385541 -0.00018963 -0.00037551 1.14308e-05 -0.00138303 0.000479598 -0.0013407 0.0028401 0.0011327 0.000335274 -0.00154595 -0.00186808 -0.0011748
internal_weight=0 11991.1 5130.91 6860.14 5066.12 3418.99 489.049 39.3354 22.2089 17.1264 1711.92 1794.02 449.713 240.755 208.958
internal_count=57922 55437 24004 31433 23249 15577 2485 176 99 77 8427 8184 2309 1223 1086
is_linear=0
shrinkage=0.01


Tree=398
num_leaves=16
num_cat=0
split_feature=2 4 0 5 1 8 5 3 3 1 4 5 1 8 0
split_gain=9.71879 7.58038 7.84279 7.42687 5.04969 2.25111 1.10815 2.18724 2.07787 0.852167 4.04237 0.93184 0.373244 1.09619 0.369576
threshold=1.0000000180025095e-35 1.0000000180025095e-35 1.0000000180025095e-35 1.0000000180025095e-35 1.0000000180025095e-35 1.0000000180025095e-35 1.0000000180025095e-35 1.0000000180025095e-35 1.0000000180025095e-35 1.0000000180025095e-35 1.0000000180025095e-35 1.0000000180025095e-35 2.5000000000000004 1.0000000180025095e-35 1.0000000180025095e-35
decision_type=2 2 2 2 2 2 2 2 2 2 2 2 2 2 2
left_child=1 2 3 -1 -4 6 8 -8 -2 10 -7 -11 14 -14 -3
right_child=5 12 4 -5 -6 9 7 -9 -10 11 -12 -13 13 -15 -16
leaf_value=-0.00078799723201881304 0.0004250356750634776 0.0011486552538632973 -0.00076359569835384464 0.0011407215926016543 8.554743500593767e-05 0.00026289808450905233 0.0019314090581589616 0.00053013550934026901 0.0014377621573773624 -0.00041623011780146614 0.0089113156528144929 0.0012594218572042843 -0.0010158513479194252 0.0041052836791956159 0.00068219134899303137
leaf_weight=2684.8846440166235 1114.3261121436954 243.71738921105862 798.68912252783775 215.68814437091351 5686.8121877610683 74.437232777476311 208.46679423749447 239.20876517891884 247.61747945845127 328.70887625217438 5.8277248144149771 36.914412394165993 28.272493541240692 4.9049030393362036 560.41236399114132
leaf_count=12640 5466 1082 3510 1055 24560 320 1764 1981 1372 1396 29 199 125 20 2403
internal_value=0 -0.000131009 -0.000212339 -0.000644577 -1.90245e-05 0.000594219 0.000751037 0.00118266 0.000609161 -4.22205e-05 0.000890826 -0.000247051 0.000780683 -0.000258749 0.000823568
internal_weight=0 10223.4 9386.07 2900.57 6485.5 2255.51 1809.62 447.676 1361.94 445.888 80.265 365.623 837.307 33.1774 804.13
internal_count=57922 45395 41765 13695 28070 12527 10583 3745 6838 1944 349 1595 3630 145 3485
is_linear=0
shrinkage=0.01


Tree=399
num_leaves=16
num_cat=0
split_feature=2 6 3 8 1 8 7 5 3 5 3 3 1 4 5
split_gain=9.52826 7.4734 10.6773 7.38516 4.38352 2.20773 2.18053 1.41446 1.36722 1.08855 2.14936 2.03922 0.835424 3.97925 0.913621
threshold=1.0000000180025095e-35 1.0000000180025095e-35 1.0000000180025095e-35 1.0000000180025095e-35 1.0000000180025095e-35 1.0000000180025095e-35 1.0000000180025095e-35 1.0000000180025095e-35 1.0000000180025095e-35 1.0000000180025095e-35 1.0000000180025095e-35 1.0000000180025095e-35 1.0000000180025095e-35 1.0000000180025095e-35 1.0000000180025095e-35
decision_type=2 2 2 2 2 2 2 2 2 2 2 2 2 2 2
left_child=1 2 3 -1 7 9 -4 -3 -6 11 -11 -2 13 -7 -14
right_child=5 4 6 -5 8 12 -8 -9 -10 10 -12 -13 14 -15 -16
leaf_value=-0.0002858162640323679 0.00042085098659374427 -0.001068972499177143 0.00038992050882092597 -0.0012033509935396093 0.0006955229465909808 0.00026027965949900541 0.0014445875389925511 0.00028043043905032184 0.00020782328566755379 0.001914754064108023 0.00052503297704895784 0.0014244287812741816 -0.00041204341612750296 0.0088561233707927269 0.0012476048127668456
leaf_weight=5585.1122469604015 1114.1531314700842 268.73625035583973 589.96548017859459 1040.6902016699314 1312.0147093683481 74.434192508459091 293.5876869559288 109.262680798769 1023.0349005162716 208.17873575538397 239.11852490901947 247.43688091635704 328.72816042602062 5.8055150061845771 36.891527786850929
leaf_count=24439 5466 1159 2454 5214 5771 320 1275 534 4549 1764 1981 1372 1396 29 199
internal_value=0 -0.000129711 -0.000292233 -0.00042993 0.000320125 0.000588478 0.000740366 -0.00067892 0.000481851 0.00074383 0.00117183 0.000603228 -4.17983e-05 0.000882207 -0.000244583
internal_weight=0 10222.4 7509.36 6625.8 2713.05 2254.75 883.553 377.999 2335.05 1808.89 447.297 1361.59 445.859 80.2397 365.62
internal_count=57922 45395 33382 29653 12013 12527 3729 1693 10320 10583 3745 6838 1944 349 1595
is_linear=0
shrinkage=0.01


Tree=400
num_leaves=15
num_cat=0
split_feature=1 7 1 4 6 6 3 8 6 0 6 7 0 2
split_gain=9.49102 9.42913 14.0321 6.52552 8.08084 5.15768 1.44038 1.67488 1.41423 0.993131 0.904614 0.529222 0.717815 0.348273
threshold=2.5000000000000004 1.0000000180025095e-35 1.5000000000000002 1.0000000180025095e-35 1.0000000180025095e-35 1.0000000180025095e-35 1.0000000180025095e-35 1.0000000180025095e-35 1.0000000180025095e-35 1.0000000180025095e-35 1.0000000180025095e-35 1.0000000180025095e-35 1.0000000180025095e-35 1.0000000180025095e-35
decision_type=2 2 2 2 2 2 2 2 2 2 2 2 2 2
left_child=1 3 8 4 -1 -4 11 10 -3 -5 -8 13 -13 -2
right_child=6 2 5 9 -6 -7 7 -9 -10 -11 -12 12 -14 -15
leaf_value=-0.00052206901944077679 -0.00099986480977293907 0.0013204954676239065 -0.00019160941289390006 0.0013373338462589846 0.00026533943473410523 0.00075845667868010616 -0.00028769510093863487 -0.0038794747904692399 0.00070842716160043841 0.00049889685355727323 0.0030712915639481589 -0.0013316546078899895 -0.0024262114777246907 -0.0022108641102197581
leaf_weight=4351.5980054587126 181.46396182477474 1148.6974163427949 2692.6767871752381 208.82514187693596 1860.5995271354914 725.3295631185174 15.51566970348358 7.2299598753452292 562.29119300097227 436.73996253311634 16.590923339128494 127.38479156792164 113.1211621761322 27.324233070015907
leaf_count=20025 972 5318 11883 1046 8324 3694 66 33 3109 2038 77 688 535 114
internal_value=0 5.5761e-05 0.000380071 -0.000186794 -0.000286234 1.00026e-05 -0.00136605 0.00046886 0.00111935 0.000770112 0.00144804 -0.0015267 -0.00184648 -0.00115835
internal_weight=0 11986.8 5128.99 6857.76 6212.2 3418.01 488.631 39.3366 1710.99 645.565 32.1066 449.294 240.506 208.788
internal_count=57922 55437 24004 31433 28349 15577 2485 176 8427 3084 143 2309 1223 1086
is_linear=0
shrinkage=0.01


Tree=401
num_leaves=16
num_cat=0
split_feature=2 4 0 3 1 8 5 3 3 0 1 1 1 8 0
split_gain=9.32575 7.33904 7.63059 7.24696 4.92717 2.14745 1.0557 2.11474 1.9972 0.829831 1.04065 0.407043 0.352138 1.07779 0.355141
threshold=1.0000000180025095e-35 1.0000000180025095e-35 1.0000000180025095e-35 1.0000000180025095e-35 1.0000000180025095e-35 1.0000000180025095e-35 1.0000000180025095e-35 1.0000000180025095e-35 1.0000000180025095e-35 1.0000000180025095e-35 1.5000000000000002 1.0000000180025095e-35 2.5000000000000004 1.0000000180025095e-35 1.0000000180025095e-35
decision_type=2 2 2 2 2 2 2 2 2 2 2 2 2 2 2
left_child=1 2 3 -1 -4 6 8 -8 -2 10 -7 -11 14 -14 -3
right_child=5 12 4 -5 -6 9 7 -9 -10 11 -12 -13 13 -15 -16
leaf_value=-0.00079429532874166712 0.00041670596331156795 0.0011292785348763492 -0.00075329515694282979 0.00093306836458597209 8.5611222828954457e-05 -0.0019329215165494087 0.0018950914850922979 0.0005157721998584957 0.0014102401093416407 0.00095445081347711393 3.5463297862415365e-05 4.5498821918363235e-05 -0.00099242094070406536 0.0040854100574763217 0.00067192913610359783
leaf_weight=2631.3760049939156 1113.876557059586 243.60923266410828 798.43259207904339 267.57543906569481 5685.7464456707239 46.340898677706718 207.83338587731123 238.95134721696377 247.23716389387846 59.991404339671135 63.886367350816727 275.60373228788376 28.250101879239082 4.9059328138828269 560.29043170809746
leaf_count=12507 5466 1082 3510 1188 24560 196 1764 1981 1372 264 269 1215 125 20 2403
internal_value=0 -0.000128327 -0.000208365 -0.000634858 -1.76879e-05 0.000582335 0.000735622 0.0011574 0.000597175 -3.9274e-05 -0.00079207 0.000207984 0.000768867 -0.00024108 0.000810522
internal_weight=0 10220.2 9383.13 2898.95 6484.18 2253.72 1807.9 446.785 1361.11 445.822 110.227 335.595 837.056 33.156 803.9
internal_count=57922 45395 41765 13695 28070 12527 10583 3745 6838 1944 465 1479 3630 145 3485
is_linear=0
shrinkage=0.01


Tree=402
num_leaves=16
num_cat=0
split_feature=1 7 1 3 1 4 3 7 0 5 6 6 7 0 2
split_gain=9.27418 9.23178 13.7572 6.30402 9.52103 5.03098 1.40405 1.6453 3.31674 2.21611 1.39419 0.681253 0.518106 0.713036 0.344944
threshold=2.5000000000000004 1.0000000180025095e-35 1.5000000000000002 1.0000000180025095e-35 1.0000000180025095e-35 1.0000000180025095e-35 1.0000000180025095e-35 1.0000000180025095e-35 1.0000000180025095e-35 1.0000000180025095e-35 1.0000000180025095e-35 1.0000000180025095e-35 1.0000000180025095e-35 1.0000000180025095e-35 1.0000000180025095e-35
decision_type=2 2 2 2 2 2 2 2 2 2 2 2 2 2 2
left_child=1 3 10 4 -1 -4 12 8 -8 -9 -3 -5 14 -14 -2
right_child=6 2 5 11 -6 -7 7 9 -10 -11 -12 -13 13 -15 -16
leaf_value=-0.0013830213366337548 -0.00098719284658826327 0.001307948794420149 -0.00010627236107706651 0.00054878034113814823 -0.00018058533074397323 0.0012799723395735126 -0.007917020856295828 0.0056669637583653598 0.00093504268347983747 -0.0017099317535949749 0.00070010820897627472 0.00015513843140637498 -0.0013127549113352832 -0.0024041503830689709 -0.0021924807164817282
leaf_weight=778.08117264509201 181.34080573916435 1148.3272456973791 3131.6936882138252 771.94321320205927 4284.9518957436085 285.68449319154024 5.692873731255534 10.444145053625109 16.503057345747948 6.6750314608216277 562.03947550803423 1021.334270387888 127.26151797175407 113.02736569941044 27.322294622659683
leaf_count=3607 972 5318 14103 3465 19642 1474 27 43 72 34 3109 4719 688 535 114
internal_value=0 5.51124e-05 0.000376052 -0.000184914 -0.000365374 9.61432e-06 -0.00135087 0.000461227 -0.00133536 0.0027906 0.00110821 0.000324588 -0.00150956 -0.00182613 -0.00114501
internal_weight=0 11984.1 5127.74 6856.31 5063.03 3417.38 488.267 39.3151 22.1959 17.1192 1710.37 1793.28 448.952 240.289 208.663
internal_count=57922 55437 24004 31433 23249 15577 2485 176 99 77 8427 8184 2309 1223 1086
is_linear=0
shrinkage=0.01


Tree=403
num_leaves=16
num_cat=0
split_feature=2 8 1 7 6 1 6 8 3 5 3 3 1 4 0
split_gain=9.13207 7.22783 7.53003 12.2938 7.7505 4.41234 3.44717 2.09039 1.9714 1.02898 2.0834 1.94321 0.823577 3.91155 0.900249
threshold=1.0000000180025095e-35 1.0000000180025095e-35 1.5000000000000002 1.0000000180025095e-35 1.0000000180025095e-35 1.0000000180025095e-35 1.0000000180025095e-35 1.0000000180025095e-35 1.0000000180025095e-35 1.0000000180025095e-35 1.0000000180025095e-35 1.0000000180025095e-35 1.0000000180025095e-35 1.0000000180025095e-35 1.0000000180025095e-35
decision_type=2 2 2 2 2 2 2 2 2 2 2 2 2 2 2
left_child=1 2 3 -1 -4 8 -7 9 -3 11 -11 -2 13 -9 -14
right_child=7 5 4 -5 -6 6 -8 12 -10 10 -12 -13 14 -15 -16
leaf_value=-0.00020664003721884494 0.00041304284717125239 -0.0023248765523451267 -0.00042095534786391452 0.0010917953135285278 0.00048470249375604592 -0.00079803364850007696 0.00026264651439351894 0.00026513956480093504 -0.00053343435492640408 0.0018772628001446385 0.0005074504593394545 0.0013934468411000486 -0.001106527724132981 0.0088027883792413421 4.5377507988606322e-05
leaf_weight=1548.730085849762 1113.6268881857395 214.63974238932133 4315.2790609449148 1378.0234990417957 1209.8629678785801 1029.565668284893 436.22741989791393 74.416382893919945 86.057239577174187 207.51988975703716 238.80255448818207 247.00772645324469 90.004636958241463 5.7833160310983649 275.59126563370228
leaf_count=6783 5466 1093 18885 6055 5265 5019 1934 320 361 1764 1981 1372 380 29 1215
internal_value=0 -0.000126987 -5.39834e-06 0.000404711 -0.00022264 -0.000708734 -0.00048237 0.000576393 -0.00181218 0.000727697 0.00114435 0.000591024 -3.68935e-05 0.000880802 -0.000238206
internal_weight=0 10218.4 8451.9 2926.75 5525.14 1766.49 1465.79 2252.75 300.697 1806.96 446.322 1360.63 445.796 80.1997 365.596
internal_count=57922 45395 36988 12838 24150 8407 6953 12527 1454 10583 3745 6838 1944 349 1595
is_linear=0
shrinkage=0.01


Tree=404
num_leaves=16
num_cat=0
split_feature=4 0 5 1 8 6 7 0 8 5 3 1 2 3 7
split_gain=9.07284 10.3512 12.1567 6.87635 6.14434 6.04815 1.27536 1.11936 1.40576 1.16078 1.11868 1.43232 1.10808 0.842385 0.826966
threshold=1.0000000180025095e-35 1.0000000180025095e-35 1.0000000180025095e-35 2.5000000000000004 1.0000000180025095e-35 1.0000000180025095e-35 1.0000000180025095e-35 1.0000000180025095e-35 1.0000000180025095e-35 1.0000000180025095e-35 1.0000000180025095e-35 1.0000000180025095e-35 1.0000000180025095e-35 1.0000000180025095e-35 1.0000000180025095e-35
decision_type=2 2 2 2 2 2 2 2 2 2 2 2 2 2 2
left_child=1 2 5 4 -3 -1 -5 8 12 -10 11 -9 -2 -4 -12
right_child=7 3 13 6 -6 -7 -8 10 9 -11 14 -13 -14 -15 -16
leaf_value=-0.00091893140094286452 0.0012248541450734127 0.00029734310295429406 0.0018785198270316883 -0.00086290964592672934 -0.00042854022734599943 0.00027494264805642018 -0.0024373748330641415 -0.0012228005494638737 0.00039378816924767859 -0.0040289299121716929 0.00080831345003680335 0.00057392931181742522 0.0026070692781985389 0.00081256889902267201 0.0021309823582844312
leaf_weight=2630.7237623780966 214.139075756073 6281.3876417428255 160.53106396645308 98.227187842130661 1431.9523078799248 505.93851144611835 108.02973881363869 48.535657361149788 42.873914986848831 6.8877012580633155 132.38650153577328 516.75989075005054 79.542562395334244 137.75671462714672 73.521645061671734
leaf_count=12453 961 28436 917 485 6536 2203 511 223 179 37 687 2397 647 798 452
internal_value=0 -8.44459e-05 -0.000542905 0.000114401 0.000162586 -0.000726361 -0.00168756 0.000861001 0.00133587 -0.000218378 0.000649527 0.000419664 0.00159922 0.00138624 0.00128059
internal_weight=0 11354.5 3434.95 7919.6 7713.34 3136.66 206.257 1114.65 343.443 49.7616 771.204 565.296 293.682 298.288 205.908
internal_count=57922 52339 16371 35968 34972 14656 996 5583 1824 216 3759 2620 1608 1715 1139
is_linear=0
shrinkage=0.01


Tree=405
num_leaves=15
num_cat=0
split_feature=1 7 1 4 0 6 6 3 8 0 6 4 8 5
split_gain=8.92523 8.84543 13.1878 6.17393 7.77636 4.89172 1.38439 1.36733 1.63294 0.955866 0.897623 0.500934 0.725207 0.604678
threshold=2.5000000000000004 1.0000000180025095e-35 1.5000000000000002 1.0000000180025095e-35 1.0000000180025095e-35 1.0000000180025095e-35 1.0000000180025095e-35 1.0000000180025095e-35 1.0000000180025095e-35 1.0000000180025095e-35 1.0000000180025095e-35 1.0000000180025095e-35 1.0000000180025095e-35 1.0000000180025095e-35
decision_type=2 2 2 2 2 2 2 2 2 2 2 2 2 2
left_child=1 3 6 4 -1 -4 -3 11 10 -5 -9 13 -13 -2
right_child=7 2 5 9 -6 -7 -8 8 -10 -11 -12 12 -14 -15
leaf_value=-0.00084036984471721164 -0.0016629008470842605 0.0012844245090812112 -0.00018684832078643055 0.0013070059044992647 -5.5093926218977399e-05 0.00073874519368160641 0.0006784824808042599 -0.0003001712992664454 -0.0038356827982449523 0.00048407843092224237 0.0030462473564724008 -0.00095506253261489382 0.0029956802651243414 0.00019851101026243365
leaf_weight=1759.8630154132843 394.74951721727848 1147.8201560974121 2691.7566182687879 208.5965738967061 4449.0845869481564 724.70547042042017 561.49139498919249 15.515898361802099 7.2173679322004309 436.52271719276905 16.581695035099983 29.89712243527174 5.5012082010507575 18.258972994983196
leaf_count=8459 2071 5318 11883 1046 19890 3694 3109 66 33 2038 77 134 23 81
internal_value=0 5.40548e-05 0.000368271 -0.00018093 -0.000277672 9.49007e-06 0.00108538 -0.00132598 0.00046219 0.000750169 0.0014286 -0.00148276 -0.000341083 -0.00158061
internal_weight=0 11979.8 5125.77 6854.07 6208.95 3416.46 1709.31 487.722 39.315 645.119 32.0976 448.407 35.3983 413.008
internal_count=57922 55437 24004 31433 28349 15577 8427 2485 176 3084 143 2309 157 2152
is_linear=0
shrinkage=0.01


Tree=406
num_leaves=16
num_cat=0
split_feature=2 8 1 7 6 1 6 7 0 4 3 4 1 1 6
split_gain=8.89577 6.92912 7.20698 11.8102 7.41581 4.33247 3.35808 2.0107 2.03142 2.70029 1.93106 1.22512 0.747814 0.695012 0.653755
threshold=1.0000000180025095e-35 1.0000000180025095e-35 1.5000000000000002 1.0000000180025095e-35 1.0000000180025095e-35 1.0000000180025095e-35 1.0000000180025095e-35 1.0000000180025095e-35 1.0000000180025095e-35 1.0000000180025095e-35 1.0000000180025095e-35 1.0000000180025095e-35 2.5000000000000004 1.0000000180025095e-35 1.0000000180025095e-35
decision_type=2 2 2 2 2 2 2 2 2 2 2 2 2 2 2
left_child=1 2 3 -1 -4 10 -7 8 9 -2 -3 14 -10 -13 -9
right_child=7 5 4 -5 -6 6 -8 11 12 -11 -12 13 -14 -15 -16
leaf_value=-0.00020423980523450673 -0.00064746894335229244 -0.002297178787633226 -0.00041287541381406591 0.0010685933870490203 0.00047314380752162816 -0.00078255517243175051 0.00026446996268266886 0.00063177566743205212 0.00060619294181880792 0.001657391823371692 -0.00052367333400895276 -0.00097239595619809014 -0.0014599066113661836 0.0022681519840804347 0.0012810390032633131
leaf_weight=1548.4586523771286 322.98066253960133 214.33744862675667 4313.9083216637373 1377.4518975168467 1209.5095458030701 1028.8366896510124 436.19062477350235 542.13521967083216 996.10294453799725 60.323622800409794 86.039747193455696 7.1592745855450621 17.831868872046471 87.611129097640514 217.22762124240398
leaf_count=6783 1413 1093 18885 6055 5265 5019 1934 3145 4957 409 361 64 76 757 1706
internal_value=0 -0.000125343 -6.29111e-06 0.000394981 -0.000218856 -0.000695133 -0.000470819 0.000569073 0.000335417 -0.000284735 -0.00178918 0.000951302 0.000569857 0.00202335 0.000817508
internal_weight=0 10214.7 8449.33 2925.91 5523.42 1765.4 1465.03 2251.37 1397.24 383.304 300.377 854.133 1013.93 94.7704 759.363
internal_count=57922 45395 36988 12838 24150 8407 6953 12527 6855 1822 1454 5672 5033 821 4851
is_linear=0
shrinkage=0.01


Tree=407
num_leaves=16
num_cat=0
split_feature=4 0 5 1 2 3 7 0 8 3 3 1 2 3 7
split_gain=8.73266 9.91969 11.8149 6.61112 5.97264 5.88974 1.2584 1.07512 1.37839 1.14482 1.08964 1.40288 1.06653 0.827921 0.804776
threshold=1.0000000180025095e-35 1.0000000180025095e-35 1.0000000180025095e-35 2.5000000000000004 1.0000000180025095e-35 1.0000000180025095e-35 1.0000000180025095e-35 1.0000000180025095e-35 1.0000000180025095e-35 1.0000000180025095e-35 1.0000000180025095e-35 1.0000000180025095e-35 1.0000000180025095e-35 1.0000000180025095e-35 1.0000000180025095e-35
decision_type=2 2 2 2 2 2 2 2 2 2 2 2 2 2 2
left_child=1 2 5 4 -3 -1 -5 8 12 -10 11 -9 -2 -4 -12
right_child=7 3 13 6 -6 -7 -8 10 9 -11 14 -13 -14 -15 -16
leaf_value=-0.00082887572133503735 0.0012048849982474678 2.7040647088741364e-05 0.001859265221797431 -0.00083668644930163388 0.00074579673928412942 0.00090439485618735548 -0.0024016735444784532 -0.0012145935303830512 0.00044550978095594398 -0.0036432558790790263 0.00079512301154579721 0.00056364808391600948 0.002562856255171009 0.00080205364245694132 0.0021008399354281175
leaf_weight=2924.7382249385118 214.02883179485798 6295.2495859712362 160.35229546576738 98.113549873232841 1416.2083768323064 210.13403517007828 107.87055227905512 48.533101350069046 41.557843834161758 8.1988367885351163 132.30928844213486 516.56369367986917 79.250552609562874 137.66953495144844 73.385417006909847
leaf_count=13761 961 27159 917 485 7813 895 511 223 176 40 687 2397 647 798 452
internal_value=0 -8.28498e-05 -0.000531809 0.000111813 0.00015904 -0.000712693 -0.00165624 0.00084503 0.00131074 -0.000228231 0.000637767 0.000410925 0.00157184 0.00137089 0.00126096
internal_weight=0 11350.3 3432.89 7917.44 7711.46 3134.87 205.984 1113.83 343.036 49.7567 770.792 565.097 293.279 298.022 205.695
internal_count=57922 52339 16371 35968 34972 14656 996 5583 1824 216 3759 2620 1608 1715 1139
is_linear=0
shrinkage=0.01


Tree=408
num_leaves=16
num_cat=0
split_feature=1 7 1 4 6 4 6 3 7 0 5 0 7 0 2
split_gain=8.58458 8.5053 12.6441 5.93456 7.53369 4.74837 1.37249 1.3286 1.60695 3.27229 2.18195 0.916265 0.493071 0.670289 0.340896
threshold=2.5000000000000004 1.0000000180025095e-35 1.5000000000000002 1.0000000180025095e-35 1.0000000180025095e-35 1.0000000180025095e-35 1.0000000180025095e-35 1.0000000180025095e-35 1.0000000180025095e-35 1.0000000180025095e-35 1.0000000180025095e-35 1.0000000180025095e-35 1.0000000180025095e-35 1.0000000180025095e-35 1.0000000180025095e-35
decision_type=2 2 2 2 2 2 2 2 2 2 2 2 2 2 2
left_child=1 3 6 4 -1 -4 -3 12 9 -9 -10 -5 14 -14 -2
right_child=7 2 5 11 -6 -7 -8 8 10 -11 -12 -13 13 -15 -16
leaf_value=-0.00050018642032315878 -0.00094277893047536442 0.0012618131965858267 -0.00010269256667709967 0.0012812264762395332 0.00026032848498281573 0.0012451198384276056 0.00065823524496132658 -0.0078547557853647903 0.005619178857693188 0.00094130423917884287 -0.0017014994075045305 0.00047518895000353832 -0.0012669678563768953 -0.002326651944707451 -0.0021414439228983643
leaf_weight=4347.1197217553854 180.8977724313736 1147.2978584617376 3130.1467048376799 208.37042430043221 1859.8023598194122 285.20467375963926 560.93567537516356 5.6881905049085644 10.439203679561617 16.491008847951889 6.674501195549964 436.38380569219589 126.93766672164202 112.67543272674084 27.307689845561981
leaf_count=20025 972 5318 14103 1046 8324 1474 3109 27 43 72 34 2038 688 535 114
internal_value=0 5.30008e-05 0.000361187 -0.000177457 -0.000272311 9.85878e-06 0.00106362 -0.00130126 0.000461834 -0.00131458 0.00276405 0.000735683 -0.00145596 -0.00176527 -0.00109999
internal_weight=0 11975.3 5123.58 6851.68 6206.92 3415.35 1708.23 487.111 39.2929 22.1792 17.1137 644.754 447.819 239.613 208.205
internal_count=57922 55437 24004 31433 28349 15577 8427 2485 176 99 77 3084 2309 1223 1086
is_linear=0
shrinkage=0.01


Tree=409
num_leaves=16
num_cat=0
split_feature=2 8 1 7 6 1 6 8 3 5 3 3 1 4 5
split_gain=8.55345 6.73425 6.90285 11.3481 7.16493 4.25455 3.24192 1.9644 1.88492 0.945146 2.0453 1.87176 0.808126 3.83901 0.878122
threshold=1.0000000180025095e-35 1.0000000180025095e-35 1.5000000000000002 1.0000000180025095e-35 1.0000000180025095e-35 1.0000000180025095e-35 1.0000000180025095e-35 1.0000000180025095e-35 1.0000000180025095e-35 1.0000000180025095e-35 1.0000000180025095e-35 1.0000000180025095e-35 1.0000000180025095e-35 1.0000000180025095e-35 1.0000000180025095e-35
decision_type=2 2 2 2 2 2 2 2 2 2 2 2 2 2 2
left_child=1 2 3 -1 -4 8 -7 9 -3 11 -11 -2 13 -9 -14
right_child=7 5 4 -5 -6 6 -8 12 -10 10 -12 -13 14 -15 -16
leaf_value=-0.00020017990713917428 0.00039945691913031506 -0.0022719365039739381 -0.0004043477892353902 0.001047683110347322 0.00046664538391312835 -0.00076895954117947249 0.00025987148158931704 0.00026422335098808225 -0.00051937291461795054 0.0018329183740537153 0.00047349618661241037 0.0013624790554164334 -0.00039986604264272884 0.0087401888005297877 0.0012280698466185863
leaf_weight=1548.1382164508104 1112.5623587965965 214.0612713098526 4312.5103980749846 1376.9429461807013 1209.2979977279902 1028.1989201158285 436.21531340479851 74.397332906723022 86.032746359705925 206.73675766587257 238.18381419032812 246.55203519016504 328.63008023798466 5.7572069019079199 36.849937632679939
leaf_count=6783 5466 1093 18885 6055 5265 5019 1934 320 361 1764 1981 1372 1396 29 199
internal_value=0 -0.000122906 -5.53423e-06 0.000387235 -0.000213597 -0.00068478 -0.000462494 0.000558249 -0.0017695 0.000705116 0.00110517 0.000574155 -3.63013e-05 0.000873021 -0.000235728
internal_weight=0 10211.4 8446.89 2925.08 5521.81 1764.51 1464.41 2249.67 300.094 1804.03 444.921 1359.11 445.635 80.1545 365.48
internal_count=57922 45395 36988 12838 24150 8407 6953 12527 1454 10583 3745 6838 1944 349 1595
is_linear=0
shrinkage=0.01


Tree=410
num_leaves=16
num_cat=0
split_feature=2 4 0 3 1 8 1 6 1 4 5 0 1 8 0
split_gain=8.38566 6.65068 6.94457 6.76582 4.78228 1.92647 0.937815 2.08192 0.792251 3.77916 0.860951 0.786097 0.31308 1.04845 0.324676
threshold=1.0000000180025095e-35 1.0000000180025095e-35 1.0000000180025095e-35 1.0000000180025095e-35 1.0000000180025095e-35 1.0000000180025095e-35 2.5000000000000004 1.0000000180025095e-35 1.0000000180025095e-35 1.0000000180025095e-35 1.0000000180025095e-35 1.0000000180025095e-35 2.5000000000000004 1.0000000180025095e-35 1.0000000180025095e-35
decision_type=2 2 2 2 2 2 2 2 2 2 2 2 2 2 2
left_child=1 2 3 -1 -4 6 11 -8 9 -7 -10 -2 14 -14 -3
right_child=5 12 4 -5 -6 8 7 -9 10 -11 -12 -13 13 -15 -16
leaf_value=-0.00075947649311070117 0.00039640464655093247 0.0010771198957653702 -0.00074121488683194796 0.00091029247754040386 8.5740197658149833e-05 0.00026159220416236507 -0.0018826330950820916 0.0037666588688918703 -0.00039584512061173894 0.0086862464043940772 0.0012165297665243725 0.00086581108452242342 -0.00096209419940427904 0.004045735826365339 0.0006395693495452636
leaf_weight=2626.5772743523121 496.93767257779837 243.2925278544426 797.44700412452221 267.36691342294216 5682.6361335366964 74.394280850887299 33.562721028923988 8.0972384586930257 328.64849676191807 5.7351410686969748 36.827610164880753 1264.7509718611836 28.211681619286537 4.9079885780811301 559.78867718577385
leaf_count=12507 2822 1082 3510 1188 24560 320 144 42 1396 29 199 7575 125 20 2403
internal_value=0 -0.000121691 -0.000197918 -0.000605209 -1.60259e-05 0.000552845 0.000698333 -0.000784608 -3.59381e-05 0.000864574 -0.000233372 0.000733401 0.00073283 -0.000219986 0.000772125
internal_weight=0 10210.2 9374.03 2893.94 6480.08 2248.95 1803.35 41.66 445.606 80.1294 365.476 1761.69 836.201 33.1197 803.081
internal_count=57922 45395 41765 13695 28070 12527 10583 186 1944 349 1595 10397 3630 145 3485
is_linear=0
shrinkage=0.01


Tree=411
num_leaves=15
num_cat=0
split_feature=1 7 1 3 1 4 6 3 8 6 6 7 0 8
split_gain=8.33875 8.1879 12.1465 5.76866 9.06826 4.59806 1.35203 1.28803 1.58767 0.886153 0.740052 0.483462 0.666077 0.340974
threshold=2.5000000000000004 1.0000000180025095e-35 1.5000000000000002 1.0000000180025095e-35 1.0000000180025095e-35 1.0000000180025095e-35 1.0000000180025095e-35 1.0000000180025095e-35 1.0000000180025095e-35 1.0000000180025095e-35 1.0000000180025095e-35 1.0000000180025095e-35 1.0000000180025095e-35 1.0000000180025095e-35
decision_type=2 2 2 2 2 2 2 2 2 2 2 2 2 2
left_child=1 3 6 4 -1 -4 -3 11 9 -9 -5 13 -13 -2
right_child=7 2 5 10 -6 -7 -8 8 -10 -11 -12 12 -14 -15
leaf_value=-0.0013409187316247228 -0.0008156972506623342 0.0012400989912504179 -0.00010042835080419045 0.0005473392884332534 -0.00016632773487046951 0.0012263223343388567 0.00064082703360890001 -0.00031159725347412455 -0.0037891126065841413 0.0030139254585877734 0.0001369242944507836 -0.001244915855781266 -0.002301801456823749 -0.0016962762267462008
leaf_weight=776.50999809801579 144.91784805804491 1146.7951278612018 3129.4613849893212 771.43799307197332 4280.6730662733316 285.00236095488071 560.47235030680895 15.518813386559485 7.2050337344408026 16.566953867673874 1020.6363825276494 126.79694072157145 112.57075461745262 63.128067553043365
leaf_count=3607 745 5318 14103 3465 19642 1474 3109 66 33 77 4719 688 535 341
internal_value=0 5.2233e-05 0.00035467 -0.000173923 -0.000346681 1.03144e-05 0.00104337 -0.00128304 0.000452912 0.00140548 0.000313596 -0.00143549 -0.00174195 -0.00108289
internal_weight=0 11971 5121.73 6849.26 5057.18 3414.46 1707.27 486.704 39.2908 32.0858 1792.07 447.414 239.368 208.046
internal_count=57922 55437 24004 31433 23249 15577 8427 2485 176 143 8184 2309 1223 1086
is_linear=0
shrinkage=0.01


Tree=412
num_leaves=16
num_cat=0
split_feature=2 8 1 7 6 1 6 7 0 4 3 4 1 1 6
split_gain=8.20679 6.54192 6.69322 10.8658 6.97169 4.09661 3.16802 1.87655 1.93809 2.54147 1.81674 1.16053 0.699321 0.68268 0.632334
threshold=1.0000000180025095e-35 1.0000000180025095e-35 1.5000000000000002 1.0000000180025095e-35 1.0000000180025095e-35 1.0000000180025095e-35 1.0000000180025095e-35 1.0000000180025095e-35 1.0000000180025095e-35 1.0000000180025095e-35 1.0000000180025095e-35 1.0000000180025095e-35 2.5000000000000004 1.0000000180025095e-35 1.0000000180025095e-35
decision_type=2 2 2 2 2 2 2 2 2 2 2 2 2 2 2
left_child=1 2 3 -1 -4 10 -7 8 9 -2 -3 14 -10 -13 -9
right_child=7 5 4 -5 -6 6 -8 11 12 -11 -12 13 -14 -15 -16
leaf_value=-0.00019274212713084606 -0.00063609199935143828 -0.0022336321425572413 -0.0003977911160131374 0.0010284873539019091 0.00046144845592123538 -0.00075934523393830344 0.00025776997718662299 0.00060391860863289229 0.00058559187368460621 0.0016035084874557802 -0.00051249156101934796 -0.001009482049282272 -0.0014127228181569185 0.0022066795585246922 0.0012432692759096636
leaf_weight=1547.7736172229052 322.89942288398743 213.65095989406109 4311.4680908322334 1376.5171584933996 1209.1215175837278 1027.7167628854513 436.2061693072319 541.20242378860712 995.1346201300621 60.100079372525215 86.020302072167397 7.1407747119665137 17.826232478022575 87.144989266991615 216.60429944097996
leaf_count=6783 1413 1093 18885 6055 5265 5019 1934 3145 4957 409 361 64 76 757 1706
internal_value=0 -0.000120386 -4.70192e-06 0.000382113 -0.0002096 -0.000674335 -0.000456275 0.000547037 0.00032131 -0.000284655 -0.00173958 0.00091684 0.000550425 0.0019631 0.000786665
internal_weight=0 10208.5 8444.88 2924.29 5520.59 1763.59 1463.92 2248.05 1395.96 383 299.671 852.092 1012.96 94.2858 757.807
internal_count=57922 45395 36988 12838 24150 8407 6953 12527 6855 1822 1454 5672 5033 821 4851
is_linear=0
shrinkage=0.01


Tree=413
num_leaves=16
num_cat=0
split_feature=1 7 1 4 0 4 6 3 7 0 5 0 4 8 5
split_gain=8.13617 7.87436 11.6665 5.66438 7.22465 4.4854 1.32891 1.26015 1.56596 3.21767 2.15886 0.889904 0.47893 0.701176 0.586019
threshold=2.5000000000000004 1.0000000180025095e-35 1.5000000000000002 1.0000000180025095e-35 1.0000000180025095e-35 1.0000000180025095e-35 1.0000000180025095e-35 1.0000000180025095e-35 1.0000000180025095e-35 1.0000000180025095e-35 1.0000000180025095e-35 1.0000000180025095e-35 1.0000000180025095e-35 1.0000000180025095e-35 1.0000000180025095e-35
decision_type=2 2 2 2 2 2 2 2 2 2 2 2 2 2 2
left_child=1 3 6 4 -1 -4 -3 12 9 -9 -10 -5 14 -14 -2
right_child=7 2 5 11 -6 -7 -8 8 10 -11 -12 -13 13 -15 -16
leaf_value=-0.00080574454208534997 -0.0015958967137190913 0.0012184047954519786 -9.861082241748781e-05 0.0012601116405951452 -4.8366664605772587e-05 0.0012121998145683719 0.00062409841443801593 -0.007792327653090696 0.0055626858996558138 0.00093310504952578575 -0.0017215392231853307 0.00046543915382073946 -0.00090644652924093091 0.0029780213423271692 0.00023666072556074744
leaf_weight=1757.2470569163561 393.45683988928795 1146.4298280104995 3129.118765309453 208.17722978442907 4446.3033725470304 284.80877836048603 560.05261451750994 5.6841094493865993 10.436362981796266 16.479821056127548 6.6685244813561431 436.16330948472023 29.858108319342136 5.5034237354993811 18.259863212704659
leaf_count=8459 2071 5318 14103 1046 19890 1474 3109 27 43 72 34 2038 134 23 81
internal_value=0 5.15873e-05 0.000348219 -0.000170215 -0.000262905 1.07443e-05 0.00102336 -0.00126784 0.000449696 -0.0013046 0.00272285 0.000722186 -0.0014187 -0.000301895 -0.00151462
internal_weight=0 11968.3 5120.41 6847.89 6203.55 3413.93 1706.48 486.347 39.2688 22.1639 17.1049 644.341 447.078 35.3615 411.717
internal_count=57922 55437 24004 31433 28349 15577 8427 2485 176 99 77 3084 2309 157 2152
is_linear=0
shrinkage=0.01


Tree=414
num_leaves=16
num_cat=0
split_feature=2 8 1 7 6 1 6 8 3 5 3 3 1 4 5
split_gain=8.02964 6.36256 6.43689 10.445 6.81875 4.02247 3.10266 1.84678 1.78192 0.905561 2.01818 1.81444 0.786173 3.70941 0.839868
threshold=1.0000000180025095e-35 1.0000000180025095e-35 1.5000000000000002 1.0000000180025095e-35 1.0000000180025095e-35 1.0000000180025095e-35 1.0000000180025095e-35 1.0000000180025095e-35 1.0000000180025095e-35 1.0000000180025095e-35 1.0000000180025095e-35 1.0000000180025095e-35 1.0000000180025095e-35 1.0000000180025095e-35 1.0000000180025095e-35
decision_type=2 2 2 2 2 2 2 2 2 2 2 2 2 2 2
left_child=1 2 3 -1 -4 8 -7 9 -3 11 -11 -2 13 -9 -14
right_child=7 5 4 -5 -6 6 -8 12 -10 10 -12 -13 14 -15 -16
leaf_value=-0.00018924127163703081 0.00038357430618630387 -0.0022113122715400843 -0.00039208686810912157 0.0010082210338847241 0.0004577246510848417 -0.00074948194022615646 0.00025716459380048946 0.00026567743143678064 -0.00050639388784811138 0.001799970043837511 0.00044796551767734824 0.001332482306918095 -0.00039237922641769708 0.0086285968497111769 0.0012007709188829301
leaf_weight=1547.6111159473658 1111.5660053417087 213.40828087925911 4310.6718061417341 1376.139839425683 1209.0049641877413 1027.2563240379095 436.19400857388973 74.381477147340775 86.009816661477089 206.1565662547946 237.72429294139147 246.12736520171165 328.60664917528629 5.7110573798418036 36.795275017619133
leaf_count=6783 5466 1093 18885 6055 5265 5019 1934 320 361 1764 1981 1372 1396 29 199
internal_value=0 -0.000119082 -4.99622e-06 0.000374376 -0.000205948 -0.000665508 -0.000449442 0.00054123 -0.00172156 0.000683789 0.00107589 0.000555596 -3.52773e-05 0.000862002 -0.000231952
internal_weight=0 10206.3 8443.43 2923.75 5519.68 1762.87 1463.45 2247.07 299.418 1801.57 443.881 1357.69 445.494 80.0925 365.402
internal_count=57922 45395 36988 12838 24150 8407 6953 12527 1454 10583 3745 6838 1944 349 1595
is_linear=0
shrinkage=0.01


Tree=415
num_leaves=15
num_cat=0
split_feature=1 8 2 1 3 1 3 8 6 1 7 0 2 2
split_gain=7.94705 7.59288 6.31178 4.71049 2.82477 3.16063 1.2325 1.54237 0.875541 0.760557 0.478004 0.656772 0.335203 0.257561
threshold=2.5000000000000004 1.0000000180025095e-35 1.0000000180025095e-35 1.5000000000000002 1.0000000180025095e-35 1.0000000180025095e-35 1.0000000180025095e-35 1.0000000180025095e-35 1.0000000180025095e-35 1.0000000180025095e-35 1.0000000180025095e-35 1.0000000180025095e-35 1.0000000180025095e-35 1.0000000180025095e-35
decision_type=2 2 2 2 2 2 2 2 2 2 2 2 2 2
left_child=1 2 3 -1 5 -3 10 8 -8 -4 12 -12 -2 -6
right_child=6 4 9 -5 13 -7 7 -9 -10 -11 11 -13 -14 -15
leaf_value=0.00037066437702143977 -0.00089573019265132639 -0.0017075978217269575 0.00017692007380491263 -0.00013200585965103152 -1.0318055016294734e-05 -0.00050677299952547146 -0.00032294116570475052 -0.0037400282929980007 0.0029830270859351172 0.00079210480463825107 -0.0012138390209879921 -0.002264173211586458 -0.0020847654817892432 0.00047988720079980562
leaf_weight=2923.4971618503332 180.43626803159714 263.56608335673809 231.40235142409801 5145.1469789147377 429.53698208928108 1301.7299874573946 15.520004004240034 7.1932381093502036 16.556975349783897 1527.8525970056653 126.58598767966032 112.39018115401268 27.295960515737534 142.82062144577503
leaf_count=12838 972 1301 1333 22225 1790 6195 66 33 77 9064 688 535 114 691
internal_value=0 5.09768e-05 0.00016846 5.01257e-05 -0.000489153 -0.000708969 -0.00125351 0.000444992 0.00138348 0.000711187 -0.00140283 -0.00170781 -0.00105197 0.000112003
internal_weight=0 11965.6 9827.9 8068.64 2137.65 1565.3 485.979 39.2702 32.077 1759.25 446.708 238.976 207.732 572.358
internal_count=57922 55437 45460 35063 9977 7496 2485 176 143 10397 2309 1223 1086 2481
is_linear=0
shrinkage=0.01


Tree=416
num_leaves=16
num_cat=0
split_feature=4 0 5 1 6 8 7 0 8 5 3 1 2 3 7
split_gain=7.92443 9.18912 11.1993 6.01373 5.63288 5.3425 1.19265 1.01309 1.32061 1.14454 1.03611 1.36866 1.01265 0.827113 0.756188
threshold=1.0000000180025095e-35 1.0000000180025095e-35 1.0000000180025095e-35 2.5000000000000004 1.0000000180025095e-35 1.0000000180025095e-35 1.0000000180025095e-35 1.0000000180025095e-35 1.0000000180025095e-35 1.0000000180025095e-35 1.0000000180025095e-35 1.0000000180025095e-35 1.0000000180025095e-35 1.0000000180025095e-35 1.0000000180025095e-35
decision_type=2 2 2 2 2 2 2 2 2 2 2 2 2 2 2
left_child=1 2 4 5 -1 -3 -5 8 12 -10 11 -9 -2 -4 -12
right_child=7 3 13 6 -6 -7 -8 10 9 -11 14 -13 -14 -15 -16
leaf_value=-0.00087372404389340962 0.0011574954999109251 0.00027917886458631545 0.0018315574764978535 -0.00078201755885661211 0.00027901119749035519 -0.00039812196012018277 -0.0023080349415796927 -0.0012233632265286557 0.00036006248736616904 -0.0040324469029471835 0.00076148756853419805 0.00053417084971170512 0.0024841891634063934 0.0007738822913055985 0.0020292584554180608
leaf_weight=2625.0428695082664 213.74333998560905 6275.1028758957982 160.02166693657637 97.859879061579704 505.54622869193554 1430.0121926665306 107.44605594873428 48.471659049391747 42.834777146577835 6.885611727833747 132.09488233923912 515.91969488561153 78.722579203546047 137.4394975155592 73.07685274630785
leaf_count=12453 961 28436 917 485 2203 6536 511 223 179 37 687 2397 647 798 452
internal_value=0 -7.89365e-05 -0.000511387 0.00010847 -0.000687573 0.000153477 -0.00158065 0.000805755 0.00125845 -0.000248242 0.000604461 0.000383228 0.0015146 0.00134287 0.00121303
internal_weight=0 11338.5 3428.05 7910.42 3130.59 7705.12 205.306 1111.75 342.186 49.7204 769.563 564.391 292.466 297.461 205.172
internal_count=57922 52339 16371 35968 14656 34972 996 5583 1824 216 3759 2620 1608 1715 1139
is_linear=0
shrinkage=0.01


Tree=417
num_leaves=16
num_cat=0
split_feature=4 0 5 1 3 2 7 0 3 2 5 3 1 3 7
split_gain=7.76893 9.00845 10.9807 5.8967 5.53498 5.346 1.17057 0.994124 1.29849 3.10692 2.24361 1.01663 1.34138 0.812115 0.742756
threshold=1.0000000180025095e-35 1.0000000180025095e-35 1.0000000180025095e-35 2.5000000000000004 1.0000000180025095e-35 1.0000000180025095e-35 1.0000000180025095e-35 1.0000000180025095e-35 1.0000000180025095e-35 1.0000000180025095e-35 1.0000000180025095e-35 1.0000000180025095e-35 1.0000000180025095e-35 1.0000000180025095e-35 1.0000000180025095e-35
decision_type=2 2 2 2 2 2 2 2 2 2 2 2 2 2 2
left_child=1 2 4 5 -1 -3 -5 8 10 -10 -2 12 -9 -4 -13
right_child=7 3 13 6 -6 -7 -8 11 9 -11 -12 14 -14 -15 -16
leaf_value=-0.00079363429405880247 0.0011787054167282044 2.7113070026951627e-05 0.001814801490801277 -0.00077441845893198315 0.00088704539103102986 0.00070776348164865545 -0.0022866183670892533 -0.0012109220473316841 -0.0016883241039999243 0.0029806097856517368 0.0037716416338495957 0.00075408635221112339 0.00052887701752806578 0.00076644276027806619 0.0020110219362461405
leaf_weight=2919.8700901567936 240.61260467022657 6291.7576763778925 159.8848427310586 97.832078501582146 210.0464985370636 1413.100776463747 107.36826276779175 48.479927361011505 40.730643048882484 21.924503922462463 38.744079537689686 132.05765029788017 515.87299203127623 137.38611274957657 73.002519637346268
leaf_count=13761 1110 27159 917 485 895 7813 511 223 217 201 296 687 2397 798 452
internal_value=0 -7.8156e-05 -0.000506401 0.000107389 -0.000680845 0.000151947 -0.00156566 0.000797933 0.00124651 -5.45547e-05 0.00153832 0.000598535 0.000379422 0.00133029 0.00120156
internal_weight=0 11337.2 3427.19 7910.06 3129.92 7704.86 205.2 1111.42 342.012 62.6551 279.357 769.413 564.353 297.271 205.06
internal_count=57922 52339 16371 35968 14656 34972 996 5583 1824 418 1406 3759 2620 1715 1139
is_linear=0
shrinkage=0.01


Tree=418
num_leaves=16
num_cat=0
split_feature=4 0 5 1 6 2 6 0 8 3 3 1 2 3 7
split_gain=7.61644 8.83133 10.7664 5.78194 5.4946 5.24167 1.15923 0.975448 1.29461 1.12429 0.997508 1.31464 0.98491 0.797379 0.729549
threshold=1.0000000180025095e-35 1.0000000180025095e-35 1.0000000180025095e-35 2.5000000000000004 1.0000000180025095e-35 1.0000000180025095e-35 1.0000000180025095e-35 1.0000000180025095e-35 1.0000000180025095e-35 1.0000000180025095e-35 1.0000000180025095e-35 1.0000000180025095e-35 1.0000000180025095e-35 1.0000000180025095e-35 1.0000000180025095e-35
decision_type=2 2 2 2 2 2 2 2 2 2 2 2 2 2 2
left_child=1 2 4 5 -1 -3 -5 8 12 -10 11 -9 -2 -4 -12
right_child=7 3 13 6 -6 -7 -8 10 9 -11 14 -13 -14 -15 -16
leaf_value=-0.00085811144153000022 0.0011366519947230628 2.6842035400538713e-05 0.0017981867506063067 -0.0018926232876985772 0.00028046985243872452 0.00070090345203465624 0.00010271153007027962 -0.0011986103850336891 0.00041117102573524878 -0.0036411672738449509 0.00074675521235935557 0.00052363583385269116 0.0024466599646035666 0.00075907179576322772 0.001992933352700739
leaf_weight=2623.7388586699963 213.65170419216156 6291.7698256075382 159.74919927120209 169.9600064009428 505.50719241797924 1412.6640441790223 35.135568864643574 48.488085776567459 41.525603443384171 8.1981691569089872 132.02076357603073 515.82670745253563 78.470639236271381 137.33323305845261 72.928834609687328
leaf_count=12453 961 27159 917 844 2203 7813 152 223 176 40 687 2397 647 798 452
internal_value=0 -7.73839e-05 -0.000501463 0.000106323 -0.000674182 0.000150436 -0.0015508 0.000790181 0.00123465 -0.000256955 0.000592666 0.000375654 0.00148855 0.00131783 0.00119019
internal_weight=0 11335.9 3426.33 7909.53 3129.25 7704.43 205.096 1111.11 341.846 49.7238 769.264 564.315 292.122 297.082 204.95
internal_count=57922 52339 16371 35968 14656 34972 996 5583 1824 216 3759 2620 1608 1715 1139
is_linear=0
shrinkage=0.01


Tree=419
num_leaves=16
num_cat=0
split_feature=4 0 5 1 3 8 7 0 8 5 3 1 2 3 7
split_gain=7.46697 8.65766 10.5563 5.66994 5.39763 5.24401 1.14734 0.957193 1.27024 1.10935 0.978734 1.28844 0.969767 0.782898 0.716566
threshold=1.0000000180025095e-35 1.0000000180025095e-35 1.0000000180025095e-35 2.5000000000000004 1.0000000180025095e-35 1.0000000180025095e-35 1.0000000180025095e-35 1.0000000180025095e-35 1.0000000180025095e-35 1.0000000180025095e-35 1.0000000180025095e-35 1.0000000180025095e-35 1.0000000180025095e-35 1.0000000180025095e-35 1.0000000180025095e-35
decision_type=2 2 2 2 2 2 2 2 2 2 2 2 2 2 2
left_child=1 2 4 5 -1 -3 -5 8 12 -10 11 -9 -2 -4 -12
right_child=7 3 13 6 -6 -7 -8 10 9 -11 14 -13 -14 -15 -16
leaf_value=-0.00077901061341121691 0.0011255598833092371 0.00027348744724320178 0.0017817119732080925 -0.00075261787262587598 0.00088072882433394149 -0.00039758779060407453 -0.0022505692800721413 -0.0011864262454726743 0.00034516223231547311 -0.0039751103134440012 0.00073949323068683858 0.0005184457994701359 0.0024263022345218507 0.00075176944737908983 0.0019749921195484706
leaf_weight=2918.5433002114296 213.59988547861576 6274.1965156793594 159.61473201215267 97.743096798658371 210.04168030619621 1429.8167849034071 107.22567643225193 48.496136367321014 42.832563415169716 6.90118284523487 131.98421801626682 515.78082620352507 78.338421493768692 137.28085412830114 72.855790466070175
leaf_count=13761 961 28436 917 485 895 6536 511 223 179 37 687 2397 647 798 452
internal_value=0 -7.66195e-05 -0.000496571 0.000105267 -0.000667582 0.00014894 -0.00153624 0.000782508 0.00122294 -0.00025433 0.000586853 0.000371923 0.0014746 0.00130548 0.00117893
internal_weight=0 11334.5 3425.48 7908.98 3128.58 7704.01 204.969 1110.79 341.672 49.7337 769.117 564.277 291.938 296.896 204.84
internal_count=57922 52339 16371 35968 14656 34972 996 5583 1824 216 3759 2620 1608 1715 1139
is_linear=0
shrinkage=0.01


Tree=420
num_leaves=16
num_cat=0
split_feature=2 8 1 7 6 1 6 7 0 4 3 4 1 1 6
split_gain=7.40305 5.95224 6.07905 10.211 6.44033 3.89792 2.98442 1.75368 1.80084 2.24228 1.69872 1.05561 0.660444 0.640158 0.592296
threshold=1.0000000180025095e-35 1.0000000180025095e-35 1.5000000000000002 1.0000000180025095e-35 1.0000000180025095e-35 1.0000000180025095e-35 1.0000000180025095e-35 1.0000000180025095e-35 1.0000000180025095e-35 1.0000000180025095e-35 1.0000000180025095e-35 1.0000000180025095e-35 1.0000000180025095e-35 2.5000000000000004 1.0000000180025095e-35
decision_type=2 2 2 2 2 2 2 2 2 2 2 2 2 2 2
left_child=1 2 3 -1 -4 10 -7 8 9 -2 -3 14 -13 -10 -9
right_child=7 5 4 -5 -6 6 -8 11 13 -11 -12 12 -14 -15 -16
leaf_value=-0.00019252764736757289 -0.00061196166198219199 -0.0021628971667288295 -0.00038031364040657284 0.00099171476094155162 0.00044576559694547985 -0.00072497637597171015 0.0002625526932581103 0.00057726703381045315 0.0005564990268113085 0.0014983813573983837 -0.00049756178461874215 -0.0010475863483612694 0.0021208769792232856 -0.0013559653255309785 0.0011969887799483069
leaf_weight=1547.2131786644459 322.74626532196999 212.88488519191742 4307.9235508143902 1375.2864499241114 1208.5280546694994 1026.0597326904535 436.09537091851234 540.24452628940344 993.83751972019672 59.654286481440067 85.993871137499809 7.1202345862984648 86.494443275034428 17.816292807459831 215.83547719568014
leaf_count=6783 1413 1093 18885 6055 5265 5019 1934 3145 4957 409 361 64 757 76 1706
internal_value=0 -0.000114337 -3.98525e-06 0.00036476 -0.000199339 -0.000643149 -0.000430441 0.000520108 0.000301845 -0.000282749 -0.00168374 0.000878201 0.00187989 0.000522819 0.000754177
internal_weight=0 10200 8438.95 2922.5 5516.45 1761.03 1462.16 2243.75 1394.05 382.401 298.879 849.695 93.6147 1011.65 756.08
internal_count=57922 45395 36988 12838 24150 8407 6953 12527 6855 1822 1454 5672 821 5033 4851
is_linear=0
shrinkage=0.01


Tree=421
num_leaves=16
num_cat=0
split_feature=1 7 1 1 3 6 5 5 3 7 0 5 7 0 8
split_gain=7.31136 7.30903 10.8022 5.38409 6.31479 4.17518 4.0974 1.40398 1.17499 1.52985 3.18705 2.12349 0.444806 0.592564 0.329962
threshold=2.5000000000000004 1.0000000180025095e-35 1.5000000000000002 1.0000000180025095e-35 1.0000000180025095e-35 1.0000000180025095e-35 1.0000000180025095e-35 1.0000000180025095e-35 1.0000000180025095e-35 1.0000000180025095e-35 1.0000000180025095e-35 1.0000000180025095e-35 1.0000000180025095e-35 1.0000000180025095e-35 1.0000000180025095e-35
decision_type=2 2 2 2 2 2 2 2 2 2 2 2 2 2 2
left_child=1 3 7 4 -1 -4 -5 -3 12 10 -10 -11 14 -14 -2
right_child=8 2 5 6 -6 -7 -8 -9 9 11 -12 -13 13 -15 -16
leaf_value=-0.0012989375603360124 -0.00074797017055671646 0.0011687953441725291 -0.00017140490905016574 -0.00013953705427378326 0.00033776745345067132 0.00068472381725199441 0.00068626388697293509 0.00053679473395989356 -0.0077398484596128917 0.0055200505923752464 0.00094807849755747838 -0.001705089890614577 -0.0011749897998962679 -0.0021741426281537378 -0.001615922446245692
leaf_weight=774.97379824519157 144.45476736873388 1208.4627768918872 2688.3271978497505 5046.0218141824007 338.78311634808779 722.78980585932732 682.05163972824812 495.67709495872259 5.6786475181579616 10.429580897092821 16.464954510331154 6.6687727421522132 126.29894910752773 111.98805868625641 62.859094277024269
leaf_count=3607 745 5334 11883 22711 1539 3694 3576 3093 27 43 72 34 688 535 341
internal_value=0 4.88739e-05 0.00033481 -0.000164905 -0.000801084 1.00023e-05 -4.12075e-05 0.000984968 -0.00120378 0.000455104 -0.00127991 0.00270207 -0.00134987 -0.00164456 -0.00101114
internal_weight=0 11957.1 5115.26 6841.83 1113.76 3411.12 5728.07 1704.14 484.843 39.242 22.1436 17.0984 445.601 238.287 207.314
internal_count=57922 55437 24004 31433 5146 15577 26287 8427 2485 176 99 77 2309 1223 1086
is_linear=0
shrinkage=0.01


Tree=422
num_leaves=16
num_cat=0
split_feature=4 0 5 1 6 2 6 0 3 2 5 3 1 3 7
split_gain=7.27319 8.39496 10.256 5.44452 5.29543 5.03185 1.12244 0.934356 1.27923 3.00583 2.1992 0.944621 1.24713 0.770847 0.694453
threshold=1.0000000180025095e-35 1.0000000180025095e-35 1.0000000180025095e-35 2.5000000000000004 1.0000000180025095e-35 1.0000000180025095e-35 1.0000000180025095e-35 1.0000000180025095e-35 1.0000000180025095e-35 1.0000000180025095e-35 1.0000000180025095e-35 1.0000000180025095e-35 1.0000000180025095e-35 1.0000000180025095e-35 1.0000000180025095e-35
decision_type=2 2 2 2 2 2 2 2 2 2 2 2 2 2 2
left_child=1 2 4 5 -1 -3 -5 8 10 -10 -2 12 -9 -4 -13
right_child=7 3 13 6 -6 -7 -8 11 9 -11 -12 14 -14 -15 -16
leaf_value=-0.00083849811232590012 0.0011420571193042691 2.5199349728394042e-05 0.0017607537243139238 -0.0018430385021933528 0.00027941423094754268 0.0006858608333348762 0.00012084808772133247 -0.0011650270021244023 -0.0016888436188113706 0.002913485132928315 0.0037151087178807296 0.00072864953151006117 0.0005122770628663624 0.00073828845046869113 0.0019457257555943726
leaf_weight=2621.8008072525263 240.31460843980312 6290.4666160792112 159.4291203469038 169.59328310191631 505.40959252417088 1411.5289879217744 35.13090468198061 48.498660728335381 40.724416494369507 21.7805455327034 38.545586876571178 131.91483120620251 515.60281030833721 137.17842239886522 72.730217628180981
leaf_count=12453 1110 27159 917 844 2203 7813 152 223 217 201 296 687 2397 798 452
internal_value=0 -7.56237e-05 -0.000489268 0.000103495 -0.000657825 0.000146277 -0.00150603 0.000772531 0.0012079 -8.51112e-05 0.00149772 0.000579205 0.000368071 0.00128787 0.00116119
internal_weight=0 11330.5 3423.82 7906.72 3127.21 7702 204.724 1110.11 341.365 62.505 278.86 768.747 564.101 296.608 204.645
internal_count=57922 52339 16371 35968 14656 34972 996 5583 1824 418 1406 3759 2620 1715 1139
is_linear=0
shrinkage=0.01


Tree=423
num_leaves=16
num_cat=0
split_feature=4 0 5 1 3 8 7 0 3 2 5 3 1 3 7
split_gain=7.13038 8.22984 10.0558 5.33899 5.23575 5.01635 1.11244 0.916778 1.25467 2.94902 2.16539 0.926821 1.22227 0.756824 0.682064
threshold=1.0000000180025095e-35 1.0000000180025095e-35 1.0000000180025095e-35 2.5000000000000004 1.0000000180025095e-35 1.0000000180025095e-35 1.0000000180025095e-35 1.0000000180025095e-35 1.0000000180025095e-35 1.0000000180025095e-35 1.0000000180025095e-35 1.0000000180025095e-35 1.0000000180025095e-35 1.0000000180025095e-35 1.0000000180025095e-35
decision_type=2 2 2 2 2 2 2 2 2 2 2 2 2 2 2
left_child=1 2 4 5 -1 -3 -5 8 10 -10 -2 12 -9 -4 -13
right_child=7 3 13 6 -6 -7 -8 11 9 -11 -12 14 -14 -15 -16
leaf_value=-0.00076119449740603658 0.0011308945307699984 0.00026664819352387788 0.0017445955720362203 -0.00071985096988282538 0.00087358665017074968 -0.00038982715841901313 -0.0021961486931815644 -0.0011531914662981872 -0.0016706902691124381 0.0028904864763881072 0.0036867456706186812 0.00072155902645199086 0.00050719882882628358 0.00073117862899666733 0.001928169565875447
leaf_weight=2916.5448228567839 240.2600364908576 6272.3587998822331 159.29734341055155 97.604646816849709 210.01884393393993 1429.2245822399855 106.99574656784534 48.506416127085686 40.755091801285744 21.734540283679962 38.454165697097778 131.87914468348026 515.55785320699215 137.12746637314558 72.658873565495014
leaf_count=13761 1110 28436 917 485 895 6536 511 223 217 201 296 687 2397 798 452
internal_value=0 -7.48767e-05 -0.000484493 0.000102467 -0.000651382 0.000144823 -0.00149188 0.00076502 0.00119639 -8.42658e-05 0.00148353 0.000573522 0.000364414 0.00127578 0.00115019
internal_weight=0 11329.2 3422.99 7906.18 3126.56 7701.58 204.6 1109.81 341.204 62.4896 278.714 768.602 564.064 296.425 204.538
internal_count=57922 52339 16371 35968 14656 34972 996 5583 1824 418 1406 3759 2620 1715 1139
is_linear=0
shrinkage=0.01


Tree=424
num_leaves=16
num_cat=0
split_feature=2 8 1 7 6 1 6 7 0 4 3 4 1 1 6
split_gain=7.08694 5.69827 5.82579 9.77441 6.12151 3.78449 2.89572 1.68288 1.72852 2.10296 1.62927 1.00692 0.647353 0.610335 0.560866
threshold=1.0000000180025095e-35 1.0000000180025095e-35 1.5000000000000002 1.0000000180025095e-35 1.0000000180025095e-35 1.0000000180025095e-35 1.0000000180025095e-35 1.0000000180025095e-35 1.0000000180025095e-35 1.0000000180025095e-35 1.0000000180025095e-35 1.0000000180025095e-35 1.0000000180025095e-35 2.5000000000000004 1.0000000180025095e-35
decision_type=2 2 2 2 2 2 2 2 2 2 2 2 2 2 2
left_child=1 2 3 -1 -4 10 -7 8 9 -2 -3 14 -13 -10 -9
right_child=7 5 4 -5 -6 6 -8 11 13 -11 -12 12 -14 -15 -16
leaf_value=-0.00018814785858792954 -0.0005960458881204548 -0.0021255942680136002 -0.00037164901170687071 0.00097071517917998772 0.00043386571762590214 -0.00071018776546190863 0.00026269274629873209 0.00056699000273022617 0.00054473338609785339 0.0014506373963400893 -0.00049416342426207072 -0.0010590576352448005 0.0020796235736698161 -0.0013228192245538447 0.0011705343393456507
leaf_weight=1546.7607569098473 322.69739173352718 212.48169156908989 4306.2587138712406 1374.6711536049843 1208.1121171861887 1025.3279050290585 436.05097515881062 539.86774511635303 993.31788975000381 59.4521399512887 85.98726224899292 7.1136341840028754 86.181644789874554 17.813190639019012 215.40593589842319
leaf_count=6783 1413 1093 18885 6055 5265 5019 1934 3145 4957 409 361 64 757 76 1706
internal_value=0 -0.000111875 -3.89577e-06 0.000357152 -0.000195173 -0.000629469 -0.000419897 0.000509116 0.000295296 -0.000277637 -0.00165559 0.000860191 0.0018403 0.000511833 0.000739122
internal_weight=0 10195.7 8435.8 2921.43 5514.37 1759.85 1461.38 2241.85 1393.28 382.15 298.469 848.569 93.2953 1011.13 755.274
internal_count=57922 45395 36988 12838 24150 8407 6953 12527 6855 1822 1454 5672 821 5033 4851
is_linear=0
shrinkage=0.01


Tree=425
num_leaves=16
num_cat=0
split_feature=4 0 5 1 6 8 7 0 3 2 5 3 1 3 7
split_gain=6.95431 8.0121 9.81755 5.21237 5.12195 4.84206 1.09537 0.894391 1.2369 2.87778 2.12543 0.904957 1.19255 0.743987 0.664019
threshold=1.0000000180025095e-35 1.0000000180025095e-35 1.0000000180025095e-35 2.5000000000000004 1.0000000180025095e-35 1.0000000180025095e-35 1.0000000180025095e-35 1.0000000180025095e-35 1.0000000180025095e-35 1.0000000180025095e-35 1.0000000180025095e-35 1.0000000180025095e-35 1.0000000180025095e-35 1.0000000180025095e-35 1.0000000180025095e-35
decision_type=2 2 2 2 2 2 2 2 2 2 2 2 2 2 2
left_child=1 2 4 5 -1 -3 -5 8 10 -10 -2 12 -9 -4 -13
right_child=7 3 13 6 -6 -7 -8 11 9 -11 -12 14 -14 -15 -16
leaf_value=-0.00082087222005185342 0.0011181197305078802 0.00026257513674340173 0.0017269066540422174 -0.0007086287173203226 0.00027867665142387871 -0.00038248228740214734 -0.0021740065702301687 -0.0011390206700019922 -0.0016546874264751963 0.0028553275719853922 0.0036535289441516254 0.00071377717256611837 0.00050102328572027238 0.00072175350189925577 0.001904942876820834
leaf_weight=2620.1722478717566 240.15037815272808 6271.4847948998213 159.14271923154593 97.563577368855476 505.35951875150204 1428.7934095710516 106.90681076049805 48.509807154536247 40.781017526984215 21.664239324629307 38.342667698860168 131.8315142840147 515.4192821085453 137.05540807545185 72.555529825389385
leaf_count=12453 1110 28436 917 485 2203 6536 511 223 217 201 296 687 2397 798 452
internal_value=0 -7.39466e-05 -0.000478194 0.00010104 -0.000643089 0.000142884 -0.0014748 0.000755712 0.00118198 -9.00202e-05 0.00146719 0.000566558 0.000359945 0.00126181 0.00113663
internal_weight=0 11326.5 3421.73 7904.75 3125.53 7700.28 204.47 1109.25 340.938 62.4453 278.493 768.316 563.929 296.198 204.387
internal_count=57922 52339 16371 35968 14656 34972 996 5583 1824 418 1406 3759 2620 1715 1139
is_linear=0
shrinkage=0.01


Tree=426
num_leaves=16
num_cat=0
split_feature=2 4 8 1 1 7 0 4 4 1 1 6 1 8 0
split_gain=6.91913 5.55432 5.69258 5.86487 3.21483 1.64276 1.68976 2.01804 0.97176 0.633891 0.595467 0.544266 0.273659 1.02884 0.280137
threshold=1.0000000180025095e-35 1.0000000180025095e-35 1.0000000180025095e-35 1.5000000000000002 1.0000000180025095e-35 1.0000000180025095e-35 1.0000000180025095e-35 1.0000000180025095e-35 1.0000000180025095e-35 1.0000000180025095e-35 2.5000000000000004 1.0000000180025095e-35 2.5000000000000004 1.0000000180025095e-35 1.0000000180025095e-35
decision_type=2 2 2 2 2 2 2 2 2 2 2 2 2 2 2
left_child=1 2 3 -1 -4 6 7 -2 11 -10 -8 -7 14 -14 -3
right_child=5 12 4 -5 -6 8 10 -9 9 -11 -12 -13 13 -15 -16
leaf_value=0.00031202037546189219 -0.00058629715357608582 0.00099145277895712372 -0.0016895606858863179 -0.00026728173794325952 -0.00051404924136455956 0.00056176226399013611 0.00053854180669232299 0.0014204113391921092 -0.0010542255873914152 0.002051588165433113 -0.0013061344200932018 0.0011565584219012535 -0.00095617584094858179 0.0040041452241471962 0.00058462856357356663
leaf_weight=2674.5731143802404 322.69366897642612 242.79610575735569 280.62174953520298 5042.5114621818066 1360.9737690836191 539.68782802671194 993.05491304397583 59.327740401029587 7.1153602600097647 85.974267557263374 17.813071861863136 215.1809212192893 28.179883390665054 4.9100355803966513 558.86228011548519
leaf_count=11720 1413 1082 1381 22126 6538 3145 4957 409 64 757 76 1706 125 20 2403
internal_value=0 -0.000110544 -0.000180259 -6.65083e-05 -0.000714996 0.000503175 0.000291919 -0.000274656 0.000850193 0.00181419 0.000506036 0.000731313 0.000671057 -0.00022014 0.000707842
internal_weight=0 10193.4 9358.68 7717.08 1641.6 2240.85 1392.89 382.021 847.958 93.0896 1010.87 754.869 834.748 33.0899 801.658
internal_count=57922 45395 41765 33846 7919 12527 6855 1822 5672 821 5033 4851 3630 145 3485
is_linear=0
shrinkage=0.01


Tree=427
num_leaves=16
num_cat=0
split_feature=1 7 1 1 3 6 6 5 3 7 0 5 7 0 2
split_gain=6.79254 6.89615 10.2144 5.18915 6.08668 3.89826 3.86474 1.44383 1.13098 1.49929 3.13445 2.0832 0.423479 0.546909 0.325003
threshold=2.5000000000000004 1.0000000180025095e-35 1.5000000000000002 1.0000000180025095e-35 1.0000000180025095e-35 1.0000000180025095e-35 1.0000000180025095e-35 1.0000000180025095e-35 1.0000000180025095e-35 1.0000000180025095e-35 1.0000000180025095e-35 1.0000000180025095e-35 1.0000000180025095e-35 1.0000000180025095e-35 1.0000000180025095e-35
decision_type=2 2 2 2 2 2 2 2 2 2 2 2 2 2 2
left_child=1 3 7 4 -1 -4 -5 -3 12 10 -10 -11 14 -14 -2
right_child=8 2 5 6 -6 -7 -8 -9 9 11 -12 -13 13 -15 -16
leaf_value=-0.0012746341713959543 -0.00081993256608337646 0.0011438859003907033 -0.00016624569154065409 -0.00020698254978106641 0.00033276414334496073 0.00066141169618027661 0.00036310626257467248 0.00050245988046038594 -0.0076571148819701822 0.0054830402894076704 0.00095831357832784365 -0.0016723053840125299 -0.0011415720207995827 -0.0021026573982068594 -0.0019916329303698529
leaf_weight=774.11659263074398 179.66555605828762 1207.8028912320733 2687.0318984761834 4039.5626453012228 338.6273657232523 721.97956176847219 1685.2374178320169 494.65790347754955 5.6799154877662685 10.424893200397493 16.461799621582031 6.6734751835465422 126.04974679648876 111.65940621495247 27.265605114400387
leaf_count=3607 972 5334 11883 18625 1539 3694 7662 3093 27 43 72 34 688 535 114
internal_value=0 4.70935e-05 0.000324946 -0.000160618 -0.000785475 9.04023e-06 -3.91627e-05 0.000957517 -0.00116146 0.000465948 -0.00125176 0.00269032 -0.00130508 -0.00159302 -0.000974318
internal_weight=0 11949 5111.47 6837.54 1112.74 3409.01 5724.8 1702.46 483.88 39.2401 22.1417 17.0984 444.64 237.709 206.931
internal_count=57922 55437 24004 31433 5146 15577 26287 8427 2485 176 99 77 2309 1223 1086
is_linear=0
shrinkage=0.01


Tree=428
num_leaves=16
num_cat=0
split_feature=2 4 0 3 1 8 1 4 1 5 3 3 1 8 0
split_gain=6.77894 5.44326 5.63897 5.85844 4.54904 1.58305 0.80306 3.6488 0.831851 0.720345 1.9765 1.6602 0.262885 1.00673 0.274975
threshold=1.0000000180025095e-35 1.0000000180025095e-35 1.0000000180025095e-35 1.0000000180025095e-35 1.0000000180025095e-35 1.0000000180025095e-35 1.0000000180025095e-35 1.0000000180025095e-35 1.5000000000000002 1.0000000180025095e-35 1.0000000180025095e-35 1.0000000180025095e-35 2.5000000000000004 1.0000000180025095e-35 1.0000000180025095e-35
decision_type=2 2 2 2 2 2 2 2 2 2 2 2 2 2 2
left_child=1 2 3 -1 -4 9 7 -7 -8 11 -11 -2 14 -14 -3
right_child=5 12 4 -5 -6 6 8 -9 -10 10 -12 -13 13 -15 -16
leaf_value=-0.00069017284124550649 0.00035170264721116738 0.00098148108397301342 -0.00072266150206438419 0.00086496816022338613 8.4663662032552164e-05 0.00028075099610832486 -0.00094815539863450377 0.0085893316215147706 8.4752411393881761e-05 0.0017015936233255697 0.00035852885964202618 0.0012611272583715422 -0.00093787137243053244 0.0039684862008485308 0.00057837827067934878
leaf_weight=2616.9872539788485 1109.2440215945244 242.73484893143177 795.77314431965351 266.94774930179119 5677.4984259754419 74.327981978654861 112.85759210586548 5.6902702599763861 252.21496821939945 204.44614318758249 236.12167812883854 245.08929746598005 28.162737488746643 4.9114396572113028 558.78231333196163
leaf_count=12507 5466 1082 3510 1188 24560 320 493 29 1102 1764 1981 1372 125 20 2403
internal_value=0 -0.000109418 -0.000178437 -0.000546223 -1.45826e-05 0.000498156 -3.56948e-05 0.000871592 -0.000234558 0.000630538 0.00098178 0.000516278 0.000664403 -0.000209288 0.000700456
internal_weight=0 10191.8 9357.21 2883.94 6473.27 2239.99 445.091 80.0183 365.073 1794.9 440.568 1354.33 834.591 33.0742 801.517
internal_count=57922 45395 41765 13695 28070 12527 1944 349 1595 10583 3745 6838 3630 145 3485
is_linear=0
shrinkage=0.01


Tree=429
num_leaves=16
num_cat=0
split_feature=2 8 1 7 6 1 6 5 7 0 4 4 1 1 6
split_gain=6.64569 5.36468 5.51139 9.35376 5.80442 3.57434 2.7867 1.60524 1.57076 1.64934 1.96977 0.955536 0.625913 0.573757 0.522847
threshold=1.0000000180025095e-35 1.0000000180025095e-35 1.5000000000000002 1.0000000180025095e-35 1.0000000180025095e-35 1.0000000180025095e-35 1.0000000180025095e-35 1.0000000180025095e-35 1.0000000180025095e-35 1.0000000180025095e-35 1.0000000180025095e-35 1.0000000180025095e-35 1.0000000180025095e-35 2.5000000000000004 1.0000000180025095e-35
decision_type=2 2 2 2 2 2 2 2 2 2 2 2 2 2 2
left_child=1 2 3 -1 -4 7 -7 -3 9 10 -2 14 -13 -11 -10
right_child=8 5 4 -5 -6 6 -8 -9 11 13 -12 12 -14 -15 -16
leaf_value=-0.0001858119347438454 -0.00058080314463517771 -0.0014428012061498364 -0.00036153341527238813 0.00094804063664016825 0.00042296008272887378 -0.00069215807543130965 0.00026238386280005307 -0.0048480957880938256 0.00054881839650313801 0.00053026929682971498 0.0014027764005149889 -0.001060925865140413 0.0020261895136265248 -0.0012805333403423684 0.0011322348397616263
leaf_weight=1546.3769343495369 322.67718723416328 283.27734057605267 4304.533880725503 1374.0586128532887 1207.7813755124807 1024.4507772624493 436.01408129930496 14.554214403033255 539.27871712297201 992.65697318315506 59.256442852318287 7.1121064573526374 85.786523841321468 17.811855539679527 214.79056440293789
leaf_count=6783 1413 1394 18885 6055 5265 5019 1934 60 3145 4957 409 64 757 76 1706
internal_value=0 -0.000108332 -3.56484e-06 0.000347663 -0.000189646 -0.000610791 -0.000407185 -0.00160921 0.000493314 0.000286755 -0.000273054 0.000832893 0.00178985 0.00049835 0.000715
internal_weight=0 10191 8432.75 2920.44 5512.32 1758.3 1460.46 297.832 2239.37 1392.4 381.934 846.968 92.8986 1010.47 754.069
internal_count=57922 45395 36988 12838 24150 8407 6953 1454 12527 6855 1822 5672 821 5033 4851
is_linear=0
shrinkage=0.01


Tree=430
num_leaves=15
num_cat=0
split_feature=1 7 1 1 3 4 5 5 3 8 6 7 0 8
split_gain=6.60303 6.62313 9.81221 4.99647 5.9488 3.77153 3.74846 1.42828 1.10001 1.48943 0.87473 0.41739 0.543705 0.323381
threshold=2.5000000000000004 1.0000000180025095e-35 1.5000000000000002 1.0000000180025095e-35 1.0000000180025095e-35 1.0000000180025095e-35 1.0000000180025095e-35 1.0000000180025095e-35 1.0000000180025095e-35 1.0000000180025095e-35 1.0000000180025095e-35 1.0000000180025095e-35 1.0000000180025095e-35 1.0000000180025095e-35
decision_type=2 2 2 2 2 2 2 2 2 2 2 2 2 2
left_child=1 3 7 4 -1 -4 -5 -3 11 10 -10 13 -13 -2
right_child=8 2 5 6 -6 -7 -8 -9 9 -11 -12 12 -14 -15
leaf_value=-0.0012543462062439765 -0.00069812449633139693 0.0011243042031472686 -9.10627382527369e-05 -0.0001320290467265637 0.00033507608471304231 0.0011135963255868245 0.00065838824996418052 0.00048609088689731801 -0.00032547330400749426 -0.0036618902426062854 0.0029790980755675712 -0.0011229954244002611 -0.0020817167818440252 -0.0015586067461905346
leaf_weight=773.54456351697445 144.12590109556913 1207.4110735431314 3124.5906844437122 5042.4972759336233 338.53265715390444 283.46761097759008 681.01577323675156 494.17290508747101 15.51845435798168 7.1677549928426734 16.55592042952776 125.92089457064867 111.56055621802807 62.664004132151604
leaf_count=3607 745 5334 14103 22711 1539 1474 3576 3093 66 33 77 688 535 341
internal_value=0 4.64288e-05 0.000318779 -0.000157154 -0.000770503 9.13561e-06 -3.79808e-05 0.000938955 -0.00114559 0.000459285 0.00138026 -0.00128735 -0.00157337 -0.000958878
internal_weight=0 11945.2 5109.64 6835.59 1112.08 3408.06 5723.51 1701.58 483.513 39.2421 32.0744 444.271 237.481 206.79
internal_count=57922 55437 24004 31433 5146 15577 26287 8427 2485 176 143 2309 1223 1086
is_linear=0
shrinkage=0.01


Tree=431
num_leaves=16
num_cat=0
split_feature=2 4 0 3 1 8 1 4 1 1 0 1 1 8 0
split_gain=6.50272 5.28945 5.49414 5.70171 4.40565 1.52668 0.795346 3.5889 0.818584 0.700918 1.97856 0.692326 0.247197 0.991061 0.270773
threshold=1.0000000180025095e-35 1.0000000180025095e-35 1.0000000180025095e-35 1.0000000180025095e-35 1.0000000180025095e-35 1.0000000180025095e-35 1.0000000180025095e-35 1.0000000180025095e-35 1.5000000000000002 2.5000000000000004 1.0000000180025095e-35 1.0000000180025095e-35 2.5000000000000004 1.0000000180025095e-35 1.0000000180025095e-35
decision_type=2 2 2 2 2 2 2 2 2 2 2 2 2 2 2
left_child=1 2 3 -1 -4 9 7 -7 -8 11 -11 -2 14 -14 -3
right_child=5 12 4 -5 -6 6 8 -9 -10 10 -12 -13 13 -15 -16
leaf_value=-0.00068038987512232627 0.0001381825653591346 0.00096964860995712857 -0.00071048303865366526 0.00085400889180355457 8.4192696606705163e-05 0.00028195200904331945 -0.00094191912542995683 0.0085370143654004121 8.2728460945377867e-05 0.0014858324018891325 -0.0028743304694425656 0.00072607086721363347 -0.00091512544190185368 0.0039527723525659168 0.00056957177283847231
leaf_weight=2615.791712731123 230.69943070411682 242.64690357446671 795.38734748959541 266.88293470442295 5676.6910206079483 74.315211713314056 112.86171814799309 5.6681742221117011 252.17921988666058 21.106576919555664 20.531222961843014 1521.1231346651912 28.142852634191513 4.9123463779687873 558.63756270706654
leaf_count=12507 1333 1082 3510 1188 24560 320 493 29 1102 95 91 9064 125 20 2403
internal_value=0 -0.000107162 -0.000175206 -0.000538333 -1.34691e-05 0.000488084 -3.61814e-05 0.000866963 -0.000234067 0.000618173 -0.000664125 0.000648651 0.000655764 -0.000191705 0.000690724
internal_weight=0 10189.1 9354.75 2882.67 6472.08 2238.48 445.024 79.9834 365.041 1793.46 41.6378 1751.82 834.34 33.0552 801.284
internal_count=57922 45395 41765 13695 28070 12527 1944 349 1595 10583 186 10397 3630 145 3485
is_linear=0
shrinkage=0.01


Tree=432
num_leaves=15
num_cat=0
split_feature=1 7 1 1 3 6 6 5 3 8 6 7 0 8
split_gain=6.44084 6.48166 9.62794 4.84238 5.82205 3.71525 3.66688 1.40716 1.07306 1.46435 0.857811 0.408861 0.535926 0.320916
threshold=2.5000000000000004 1.0000000180025095e-35 1.5000000000000002 1.0000000180025095e-35 1.0000000180025095e-35 1.0000000180025095e-35 1.0000000180025095e-35 1.0000000180025095e-35 1.0000000180025095e-35 1.0000000180025095e-35 1.0000000180025095e-35 1.0000000180025095e-35 1.0000000180025095e-35 1.0000000180025095e-35
decision_type=2 2 2 2 2 2 2 2 2 2 2 2 2 2
left_child=1 3 7 4 -1 -4 -5 -3 11 10 -10 13 -13 -2
right_child=8 2 5 6 -6 -7 -8 -9 9 -11 -12 12 -14 -15
leaf_value=-0.0012383499830084319 -0.00068693326104850142 0.0011137070720583873 -0.00016255240004414207 -0.00020175400197762478 0.00033422392602091422 0.00064571307639592194 0.0003536384914653732 0.00048012322751880306 -0.00032196747075700167 -0.0036349434099773033 0.0029509860778335361 -0.001107749805323311 -0.0020599508780557944 -0.0015444360757176662
leaf_weight=773.1648532897234 144.06098628789186 1207.1331812217832 2686.1461861282587 4037.9695016294718 338.49644542485476 721.4333468452096 1684.752936154604 493.98864192515612 15.520433142781256 7.1607647538185111 16.543312817811966 125.8145293071866 111.48346047103405 62.612125337123871
leaf_count=3607 745 5334 11883 18625 1539 3694 7662 3093 66 33 77 688 535 341
internal_value=0 4.58482e-05 0.000315299 -0.000155566 -0.000759507 8.56897e-06 -3.82481e-05 0.000929721 -0.00113182 0.00045362 0.00136672 -0.00127189 -0.0015551 -0.000946716
internal_weight=0 11943.1 5108.7 6834.38 1111.66 3407.58 5722.72 1701.12 483.196 39.2245 32.0637 443.971 237.298 206.673
internal_count=57922 55437 24004 31433 5146 15577 26287 8427 2485 176 143 2309 1223 1086
is_linear=0
shrinkage=0.01


Tree=433
num_leaves=16
num_cat=0
split_feature=2 4 0 3 1 8 1 4 1 5 3 3 1 8 0
split_gain=6.36663 5.18525 5.36416 5.55896 4.28166 1.48576 0.788254 3.53335 0.803448 0.684545 1.95318 1.61358 0.23535 0.974329 0.26578
threshold=1.0000000180025095e-35 1.0000000180025095e-35 1.0000000180025095e-35 1.0000000180025095e-35 1.0000000180025095e-35 1.0000000180025095e-35 1.0000000180025095e-35 1.0000000180025095e-35 1.5000000000000002 1.0000000180025095e-35 1.0000000180025095e-35 1.0000000180025095e-35 2.5000000000000004 1.0000000180025095e-35 1.0000000180025095e-35
decision_type=2 2 2 2 2 2 2 2 2 2 2 2 2 2 2
left_child=1 2 3 -1 -4 9 7 -7 -8 11 -11 -2 14 -14 -3
right_child=5 12 4 -5 -6 6 8 -9 -10 10 -12 -13 13 -15 -16
leaf_value=-0.00067258971966091866 0.00033777398797585508 0.00095989784790825601 -0.00070084932283568204 0.00084261312719135671 8.2666508806611587e-05 0.00028558159359760252 -0.00093231422779672956 0.0084899906811124713 8.2763877737387662e-05 0.001670851167051105 0.00033424651399527403 0.0012349574261974051 -0.00089547908367037285 0.003930870564936551 0.00056348400089717161
leaf_weight=2614.9123528897762 1108.4005490466952 242.58687034249306 795.15693460404873 266.84019000828266 5676.3263828903437 74.309602633118629 112.88014002144337 5.6481663137674323 252.17130069434643 203.91871917247772 235.69438575953245 244.71918897330761 28.125626742839813 4.9135477095842353 558.55942875146866
leaf_count=12507 5466 1082 3510 1188 24560 320 493 29 1102 1764 1981 1372 125 20 2403
internal_value=0 -0.000106036 -0.000173412 -0.000532287 -1.36048e-05 0.000483036 -3.41448e-05 0.000865136 -0.000231116 0.000611415 0.000954243 0.000500035 0.000649408 -0.00017771 0.000683518
internal_weight=0 10187.4 9353.24 2881.75 6471.48 2237.74 445.009 79.9578 365.051 1792.73 439.613 1353.12 834.185 33.0392 801.146
internal_count=57922 45395 41765 13695 28070 12527 1944 349 1595 10583 3745 6838 3630 145 3485
is_linear=0
shrinkage=0.01


Tree=434
num_leaves=16
num_cat=0
split_feature=1 7 1 1 3 6 5 5 3 7 0 5 7 0 2
split_gain=6.29355 6.34518 9.44067 4.70417 5.69154 3.62373 3.60531 1.39137 1.04589 1.45203 3.09205 2.06722 0.399948 0.532249 0.319346
threshold=2.5000000000000004 1.0000000180025095e-35 1.5000000000000002 1.0000000180025095e-35 1.0000000180025095e-35 1.0000000180025095e-35 1.0000000180025095e-35 1.0000000180025095e-35 1.0000000180025095e-35 1.0000000180025095e-35 1.0000000180025095e-35 1.0000000180025095e-35 1.0000000180025095e-35 1.0000000180025095e-35 1.0000000180025095e-35
decision_type=2 2 2 2 2 2 2 2 2 2 2 2 2 2 2
left_child=1 3 7 4 -1 -4 -5 -3 12 10 -10 -11 14 -14 -2
right_child=8 2 5 6 -6 -7 -8 -9 9 11 -12 -13 13 -15 -16
leaf_value=-0.0012229954017386206 -0.00078253241693892865 0.0011034138599608047 -0.00016079422245278763 -0.0001305828685007398 0.00033206457297352916 0.00063757504480752144 0.00064483337601177026 0.00047327645138093969 -0.0076102214784057936 0.0054178356235507989 0.00095116666932309774 -0.0017139399394866595 -0.0010917546490687179 -0.0020410525780915636 -0.0019442665617925587
leaf_weight=772.7760986238718 179.29768532514572 1206.8703149184585 2685.8688065707684 5041.4971762597561 338.43883785605431 721.17563966661692 680.55751591175795 493.76904664188623 5.6738732606172588 10.42099964618683 16.446021005511284 6.663064017891883 125.71080504357815 111.40163868665695 27.259214326739311
leaf_count=3607 972 5334 11883 22711 1539 3694 3576 3093 27 43 72 34 688 535 114
internal_value=0 4.53141e-05 0.000311941 -0.000153983 -0.000749376 8.19813e-06 -3.83581e-05 0.000920458 -0.00111919 0.000446451 -0.00124488 0.00263633 -0.00125753 -0.00153776 -0.000935846
internal_weight=0 11941 5107.68 6833.27 1111.21 3407.04 5722.05 1700.64 482.873 39.204 22.1199 17.0841 443.669 237.112 206.557
internal_count=57922 55437 24004 31433 5146 15577 26287 8427 2485 176 99 77 2309 1223 1086
is_linear=0
shrinkage=0.01


Tree=435
num_leaves=16
num_cat=0
split_feature=4 0 5 6 1 2 6 0 3 2 5 3 1 3 7
split_gain=6.23615 7.28924 9.22363 4.8045 4.73034 4.40292 1.04606 0.836527 1.23858 2.82006 2.07068 0.852179 1.14195 0.779422 0.630287
threshold=1.0000000180025095e-35 1.0000000180025095e-35 1.0000000180025095e-35 1.0000000180025095e-35 2.5000000000000004 1.0000000180025095e-35 1.0000000180025095e-35 1.0000000180025095e-35 1.0000000180025095e-35 1.0000000180025095e-35 1.0000000180025095e-35 1.0000000180025095e-35 1.0000000180025095e-35 1.0000000180025095e-35 1.0000000180025095e-35
decision_type=2 2 2 2 2 2 2 2 2 2 2 2 2 2 2
left_child=1 2 3 -1 5 -3 -6 8 10 -10 -2 12 -9 -4 -13
right_child=7 4 13 -5 6 -7 -8 11 9 -11 -12 14 -14 -15 -16
leaf_value=-0.00078823987748219307 0.0010705618224718498 2.3524996307882061e-05 0.0017085909864153967 0.00027712366101310644 -0.0017330840680129414 0.00064218851872299611 0.00016432234496846005 -0.0011345804001168546 -0.0016939314055058529 0.0027819126483046215 0.0035803524609458086 0.00067523269173176128 0.00047090498711350087 0.00067876365869661557 0.0018375854609511599
leaf_weight=2616.0325683951378 239.82962749153376 6286.7215777337551 158.89087809622288 505.02231867611408 168.79673832654953 1407.9896835759282 35.097513929009438 48.474191352725029 40.709338486194611 21.517508059740067 38.094340942800045 131.60937385261059 514.84854297339916 136.73931573331356 72.267573803663254
leaf_count=12453 1110 27159 917 2203 844 7813 152 223 217 201 296 687 2397 798 452
internal_value=0 -7.00376e-05 -0.000455943 -0.000615852 9.68928e-05 0.000136729 -0.00140647 0.000716265 0.00112904 -0.000146223 0.00141457 0.000533253 0.000332752 0.00123226 0.00108725
internal_weight=0 11315.3 3416.69 3121.05 7898.61 7694.71 203.894 1107.35 340.151 62.2268 277.924 767.2 563.323 295.63 203.877
internal_count=57922 52339 16371 14656 35968 34972 996 5583 1824 418 1406 3759 2620 1715 1139
is_linear=0
shrinkage=0.01


Tree=436
num_leaves=15
num_cat=0
split_feature=8 1 7 6 4 5 1 3 1 2 6 6 1 4
split_gain=6.20705 5.55073 7.7718 7.34624 7.25048 3.88951 3.83348 2.38058 2.3671 2.3447 2.30067 1.38912 0.972794 0.1982
threshold=1.0000000180025095e-35 1.5000000000000002 1.0000000180025095e-35 1.0000000180025095e-35 1.0000000180025095e-35 1.0000000180025095e-35 1.0000000180025095e-35 1.0000000180025095e-35 1.0000000180025095e-35 1.0000000180025095e-35 1.0000000180025095e-35 1.0000000180025095e-35 2.5000000000000004 1.0000000180025095e-35
decision_type=2 2 2 2 2 2 2 2 2 2 2 2 2 2
left_child=1 2 6 4 -3 -5 -1 8 9 -2 -10 -4 13 -9
right_child=7 3 11 5 -6 -7 -8 12 10 -11 -12 -13 -14 -15
leaf_value=-0.00058498995701580076 -0.0020113167280439645 -0.00037147837685226766 0.0011100064914051067 0.00094723651879897119 0.00094172798507138119 -0.00010815967489244497 0.00032818117400500369 6.548588062029137e-05 -0.00072575452392230442 0.00039072113101313861 0.0002748757967543796 0.00050091218455023171 -0.0035970484803968896 0.0008183589587709417
leaf_weight=733.79026480764151 211.24865135550499 4607.0497490987182 1143.3533724099398 923.39438246190548 462.65917486697435 561.54654278606176 1230.813563503325 534.44932201504707 1068.3866638839245 50.316937759518623 292.7361958026886 556.75805474072695 7.1490606367588034 37.415039956569672
leaf_count=3343 1093 20795 5318 3977 2187 3193 5649 2302 5195 208 1341 3109 33 179
internal_value=0 0.000103813 0.000415499 -7.04514e-05 -0.000251636 0.000548127 -1.28932e-05 -0.000481558 -0.000677979 -0.00154924 -0.000510549 0.000910538 6.89143e-05 0.000114744
internal_weight=0 10219.4 3664.72 6554.65 5069.71 1484.94 1964.6 2201.7 1622.69 261.566 1361.12 1700.11 579.013 571.864
internal_count=57922 47571 17419 30152 22982 7170 8992 10351 7837 1301 6536 8427 2514 2481
is_linear=0
shrinkage=0.01


Tree=437
num_leaves=16
num_cat=0
split_feature=2 8 1 7 6 1 6 5 8 1 4 1 1 6 1
split_gain=6.10445 4.99767 5.09508 8.40598 5.25936 3.28392 2.61651 1.59221 1.42717 0.772892 3.48073 0.792073 0.645023 1.95352 0.656727
threshold=1.0000000180025095e-35 1.0000000180025095e-35 1.5000000000000002 1.0000000180025095e-35 1.0000000180025095e-35 1.0000000180025095e-35 1.0000000180025095e-35 1.0000000180025095e-35 1.0000000180025095e-35 1.0000000180025095e-35 1.0000000180025095e-35 1.5000000000000002 2.5000000000000004 1.0000000180025095e-35 1.0000000180025095e-35
decision_type=2 2 2 2 2 2 2 2 2 2 2 2 2 2 2
left_child=1 2 3 -1 -4 7 -7 -3 12 10 -10 -11 14 -14 -2
right_child=8 5 4 -5 -6 6 -8 -9 9 11 -12 -13 13 -15 -16
leaf_value=-0.00017077861289479171 0.00013099670290286469 -0.001381383264208713 -0.0003453531516986215 0.00090444784214446035 0.00040158720385674281 -0.00067042113223307869 0.00025466308037703464 -0.0047724677047490567 0.0002826735046963735 -0.00092495408981637056 0.008440424308223381 8.2944447183161741e-05 -0.001693633132722541 0.0037838019275672941 0.00070382878548736177
leaf_weight=1545.366860345006 230.5081410780549 282.41813372075558 4301.7366300672293 1373.157154917717 1207.220728084445 1023.3334714472294 436.01471890509129 14.559819772839544 74.293505221605301 112.87909840047359 5.6264458000659934 252.12470355629921 33.561766184866428 8.0785284191369993 1519.0543812662363
leaf_count=6783 1333 1394 18885 6055 5265 5019 1934 60 320 493 29 1102 144 42 9064
internal_value=0 -0.000103834 -2.70312e-06 0.000335112 -0.00018167 -0.000589094 -0.00039403 -0.00154764 0.000473171 -3.37254e-05 0.000856987 -0.000228753 0.000599081 -0.00063097 0.000628357
internal_weight=0 10183.8 8427.48 2918.52 5508.96 1756.33 1459.35 296.978 2236.13 444.924 79.92 365.004 1791.2 41.6403 1749.56
internal_count=57922 45395 36988 12838 24150 8407 6953 1454 12527 1944 349 1595 10583 186 10397
is_linear=0
shrinkage=0.01


Tree=438
num_leaves=16
num_cat=0
split_feature=1 7 1 1 3 4 5 5 3 7 0 5 7 0 2
split_gain=6.01749 6.0164 8.84869 4.47451 5.5257 3.49196 3.45844 1.37 1.01582 1.41546 3.03819 2.03301 0.392445 0.516891 0.313904
threshold=2.5000000000000004 1.0000000180025095e-35 1.5000000000000002 1.0000000180025095e-35 1.0000000180025095e-35 1.0000000180025095e-35 1.0000000180025095e-35 1.0000000180025095e-35 1.0000000180025095e-35 1.0000000180025095e-35 1.0000000180025095e-35 1.0000000180025095e-35 1.0000000180025095e-35 1.0000000180025095e-35 1.0000000180025095e-35
decision_type=2 2 2 2 2 2 2 2 2 2 2 2 2 2 2
left_child=1 3 7 4 -1 -4 -5 -3 12 10 -10 -11 14 -14 -2
right_child=8 2 5 6 -6 -7 -8 -9 9 11 -12 -13 13 -15 -16
leaf_value=-0.0011976903729381471 -0.00076051081315091091 0.0010748769116494302 -8.6481913930188935e-05 -0.00012735413610162675 0.0003348386757669957 0.0010734885752937868 0.00063233446303413438 0.00044925589350292304 -0.0075337488534830245 0.0053697124449900262 0.0009551326838555897 -0.0017027662004518412 -0.0010695138497355031 -0.0020056301215429112 -0.0019125435417204604
leaf_weight=772.07620204985142 179.0777466148138 1206.3810285106301 3122.9455958977342 5040.0451170057058 338.38712216168642 283.04446046054363 680.11660134792328 493.09376445412636 5.6707566827535656 10.41702674329281 16.436350539326668 6.6647686958312979 125.56327407062054 111.24165889620781 27.251177839934826
leaf_count=3607 972 5334 14103 22711 1539 1474 3576 3093 27 43 72 34 688 535 114
internal_value=0 4.43018e-05 0.000303989 -0.000149798 -0.000730689 9.91391e-06 -3.70286e-05 0.000893356 -0.00109501 0.000448207 -0.00122237 0.00261026 -0.00123148 -0.00150926 -0.000912667
internal_weight=0 11936.1 5105.46 6830.63 1110.46 3405.99 5720.16 1699.47 482.323 39.1889 22.1071 17.0818 443.134 236.805 206.329
internal_count=57922 55437 24004 31433 5146 15577 26287 8427 2485 176 99 77 2309 1223 1086
is_linear=0
shrinkage=0.01


Tree=439
num_leaves=16
num_cat=0
split_feature=2 4 0 3 1 8 1 4 1 5 3 3 1 8 0
split_gain=5.9771 4.86136 5.09297 5.32535 4.07798 1.38724 0.76522 3.4269 0.777693 0.634465 1.92222 1.55623 0.219097 0.961245 0.258614
threshold=1.0000000180025095e-35 1.0000000180025095e-35 1.0000000180025095e-35 1.0000000180025095e-35 1.0000000180025095e-35 1.0000000180025095e-35 1.0000000180025095e-35 1.0000000180025095e-35 1.5000000000000002 1.0000000180025095e-35 1.0000000180025095e-35 1.0000000180025095e-35 2.5000000000000004 1.0000000180025095e-35 1.0000000180025095e-35
decision_type=2 2 2 2 2 2 2 2 2 2 2 2 2 2 2
left_child=1 2 3 -1 -4 9 7 -7 -8 11 -11 -2 14 -14 -3
right_child=5 12 4 -5 -6 6 8 -9 -10 10 -12 -13 13 -15 -16
leaf_value=-0.00065528701911984444 0.00032590984895370989 0.00093459406517001052 -0.00068331147809929608 0.00082813659852408125 8.1656979876864469e-05 0.00028604355706553821 -0.00091525428194518563 0.0083938552975422725 8.3404225343953366e-05 0.0016351235416254837 0.00030748138907298435 0.0012076393945431017 -0.00088275111386776578 0.0039110342372874951 0.00054343293268150467
leaf_weight=2612.4592210948467 1107.5918489769101 242.41795685887337 794.44194142520428 266.70729483664036 5674.6679729968309 74.287810936570168 112.89692710340023 5.6065087914466849 252.11628220975399 203.31185878068209 235.22630565613508 244.32944978028536 28.106511652469635 4.9142460972070685 558.24662671983242
leaf_count=12507 5466 1082 3510 1188 24560 320 493 29 1102 1764 1981 1372 125 20 2403
internal_value=0 -0.000102748 -0.000168001 -0.000517872 -1.22853e-05 0.000468296 -3.14494e-05 0.000855002 -0.000225476 0.000592476 0.000922993 0.000485263 0.000628943 -0.000169326 0.000661865
internal_weight=0 10182 9348.28 2879.17 6469.11 2235.37 444.908 79.8943 365.013 1790.46 438.538 1351.92 833.685 33.0208 800.665
internal_count=57922 45395 41765 13695 28070 12527 1944 349 1595 10583 3745 6838 3630 145 3485
is_linear=0
shrinkage=0.01


Tree=440
num_leaves=16
num_cat=0
split_feature=8 1 7 6 5 5 1 0 6 1 4 5 6 1 3
split_gain=5.88498 5.27594 7.28277 7.02256 7.01173 3.84678 3.65071 2.30824 4.11519 4.61512 2.08403 1.93165 1.35595 1.16867 1.12861
threshold=1.0000000180025095e-35 1.5000000000000002 1.0000000180025095e-35 1.0000000180025095e-35 1.0000000180025095e-35 1.0000000180025095e-35 1.0000000180025095e-35 1.0000000180025095e-35 1.0000000180025095e-35 2.5000000000000004 1.0000000180025095e-35 1.0000000180025095e-35 1.0000000180025095e-35 1.5000000000000002 1.0000000180025095e-35
decision_type=2 2 2 2 2 2 2 2 2 2 2 2 2 2 2
left_child=1 2 6 4 -3 -5 -1 8 13 -10 14 -12 -4 -2 -9
right_child=7 3 12 5 -6 -7 -8 10 9 -11 11 -13 -14 -15 -16
leaf_value=-0.00056808516379717685 -0.0020795192413612228 -0.00035959777967052852 0.0010815435307387226 0.0009329955445454962 0.00097189250299995692 -0.00011678885177770094 0.0003231985257319125 -0.00055734096262394163 0.00069575286139401547 -0.0095699561126202926 0.00054172682418394068 0.0044211626027081067 0.00047952419104598871 -0.0010565830927015182 3.4977729483005991e-05
leaf_weight=733.50991661846638 180.91450233757496 4635.666197322309 1142.7779402658343 923.18928029388189 432.39310965687037 561.27634815871716 1230.5074125677347 979.75413727760315 155.61059120297432 4.5061201006174079 94.022731155157089 14.863866746425627 556.23241797834635 291.86226679384708 478.94155624508858
leaf_count=3343 928 20690 5318 3977 2292 3193 5649 4634 723 23 401 77 3109 1497 2068
internal_value=0 0.000101095 0.000405046 -6.88216e-05 -0.000245999 0.000536072 -9.67299e-06 -0.000469036 -0.000978757 0.000406848 -0.000263243 0.0010713 0.000884451 -0.00144802 -0.000362862
internal_weight=0 10215.6 3663.03 6552.52 5068.06 1484.47 1964.02 2200.48 632.893 160.117 1567.58 108.887 1699.01 472.777 1458.7
internal_count=57922 47571 17419 30152 22982 7170 8992 10351 3171 746 7180 478 8427 2425 6702
is_linear=0
shrinkage=0.01


Tree=441
num_leaves=16
num_cat=0
split_feature=2 8 1 7 6 1 6 5 7 0 4 4 1 1 6
split_gain=5.84952 4.75729 4.84659 7.91378 5.00436 3.15593 2.52169 1.57134 1.35047 1.56621 1.84158 0.899978 0.618958 0.508341 0.475752
threshold=1.0000000180025095e-35 1.0000000180025095e-35 1.5000000000000002 1.0000000180025095e-35 1.0000000180025095e-35 1.0000000180025095e-35 1.0000000180025095e-35 1.0000000180025095e-35 1.0000000180025095e-35 1.0000000180025095e-35 1.0000000180025095e-35 1.0000000180025095e-35 1.0000000180025095e-35 2.5000000000000004 1.0000000180025095e-35
decision_type=2 2 2 2 2 2 2 2 2 2 2 2 2 2 2
left_child=1 2 3 -1 -4 7 -7 -3 9 10 -2 14 -13 -11 -10
right_child=8 5 4 -5 -6 6 -8 -9 11 13 -12 12 -14 -15 -16
leaf_value=-0.00016435766381937047 -0.00057117832853220436 -0.001350261764688529 -0.00033725268091509185 0.00087907403738194409 0.00039141734889531414 -0.00065555813526226719 0.00025273837205627264 -0.0047187993675776724 0.00050593504617929921 0.00050827785880480452 0.0013499767952925795 -0.0011303859450600947 0.0019470524792491724 -0.0011966795334742309 0.0010636726090247934
leaf_weight=1544.9849437922239 322.48894558846951 281.99540843069553 4300.3943579047918 1372.6678412854671 1207.0621463358402 1022.598247051239 435.97145587205887 14.563188970088957 537.84525810182095 991.40248773992062 59.029008530080318 7.0785527750849715 85.197778940200806 17.801535189151764 213.70983316749334
leaf_count=6783 1413 1394 18885 6055 5265 5019 1934 60 3145 4957 409 64 757 76 1706
internal_value=0 -0.000101646 -2.98013e-06 0.000326546 -0.000177551 -0.000575271 -0.000384065 -0.00151568 0.000463363 0.000271869 -0.000273934 0.000778965 0.00171098 0.000478204 0.000664532
internal_weight=0 10180.2 8425.11 2917.65 5507.46 1755.13 1458.57 296.559 2234.55 1390.72 381.518 843.831 92.2763 1009.2 751.555
internal_count=57922 45395 36988 12838 24150 8407 6953 1454 12527 6855 1822 5672 821 5033 4851
is_linear=0
shrinkage=0.01


Tree=442
num_leaves=15
num_cat=0
split_feature=1 7 1 3 5 4 5 3 8 6 6 7 0 2
split_gain=5.81333 5.67824 8.31365 4.27676 7.7165 3.36572 1.3433 0.98355 1.39205 0.91116 0.848618 0.390203 0.514452 0.308817
threshold=2.5000000000000004 1.0000000180025095e-35 1.5000000000000002 1.0000000180025095e-35 1.0000000180025095e-35 1.0000000180025095e-35 1.0000000180025095e-35 1.0000000180025095e-35 1.0000000180025095e-35 1.0000000180025095e-35 1.0000000180025095e-35 1.0000000180025095e-35 1.0000000180025095e-35 1.0000000180025095e-35
decision_type=2 2 2 2 2 2 2 2 2 2 2 2 2 2
left_child=1 3 6 4 -1 -4 -3 11 10 -5 -9 13 -13 -2
right_child=7 2 5 9 -6 -7 -8 8 -10 -11 -12 12 -14 -15
leaf_value=-0.00039652002458774512 -0.0007421010953441049 0.0010471011593682932 -8.379816773024442e-05 0.00053471249897203092 0.001201237276481923 0.0010554565771852431 0.00042728830648866518 -0.00034810536592625558 -0.0035527603517698076 7.8825603587255526e-05 0.0029078621437174271 -0.0010493545846661442 -0.0019837464044593781 -0.0018849484928152905
leaf_weight=4716.9259549826384 178.89367391169071 1205.879847638309 3122.1499198675156 769.87792405486107 322.96907480806112 282.80947433412075 492.46062163263559 15.521957889199255 7.1357136517763129 1018.2644660994411 16.528988592326641 125.42147113382816 111.13425596058369 27.24521542340517
leaf_count=21602 972 5334 14103 3465 1647 1474 3093 66 33 4719 77 688 535 114
internal_value=0 4.35407e-05 0.00029588 -0.000145058 -0.000294132 1.08262e-05 0.000867377 -0.00107677 0.000441713 0.000275106 0.00133103 -0.00121119 -0.00148833 -0.00089315
internal_weight=0 11931.3 5103.3 6828.04 5039.9 3404.96 1698.34 481.881 39.1867 1788.14 32.0509 442.695 236.556 206.139
internal_count=57922 55437 24004 31433 23249 15577 8427 2485 176 8184 143 2309 1223 1086
is_linear=0
shrinkage=0.01


Tree=443
num_leaves=16
num_cat=0
split_feature=4 0 5 3 1 2 7 0 3 2 1 3 1 3 7
split_gain=5.74893 6.8398 8.75813 4.56283 4.41963 4.06931 1.00499 0.819506 1.23551 2.75481 2.01968 0.813373 1.09678 0.77432 0.598001
threshold=1.0000000180025095e-35 1.0000000180025095e-35 1.0000000180025095e-35 1.0000000180025095e-35 2.5000000000000004 1.0000000180025095e-35 1.0000000180025095e-35 1.0000000180025095e-35 1.0000000180025095e-35 1.0000000180025095e-35 1.0000000180025095e-35 1.0000000180025095e-35 1.5000000000000002 1.0000000180025095e-35 1.0000000180025095e-35
decision_type=2 2 2 2 2 2 2 2 2 2 2 2 2 2 2
left_child=1 2 3 -1 5 -3 -6 8 10 -10 -2 12 -9 -4 -13
right_child=7 4 13 -5 6 -7 -8 11 9 -11 -12 14 -14 -15 -16
leaf_value=-0.00069994633639006241 0.0039359313827244903 2.4149314790101367e-05 0.0016803834971907295 0.00082674463056990849 -0.00062537328085214919 0.00061927461145051008 -0.0020323954516185752 -0.00033156574193182129 -0.0017058322804286835 0.0027258737533731822 0.001097417856339762 0.00064750288194167691 0.00061432491567954258 0.00065310477825353448 0.0017811385311700195
leaf_weight=2907.8903885185719 27.865181595087051 6283.7075050920248 158.60328855365515 209.89395035803318 97.196018114686012 1406.0504991784692 106.26637061685324 180.42898786813021 40.685941502451897 21.406369134783745 249.61938434094191 131.44440950453281 382.36697242408991 136.54260969161987 72.032299384474754
leaf_count=13761 144 27159 917 895 485 7813 511 868 217 201 1262 687 1752 798 452
internal_value=0 -6.72579e-05 -0.000441306 -0.000597167 9.4476e-05 0.000132966 -0.00136025 0.000688198 0.00109713 -0.000177998 0.00138246 0.000506978 0.000311078 0.00120514 0.00104882
internal_weight=0 11306.2 3412.93 3117.78 7893.22 7689.76 203.462 1105.85 339.577 62.0923 277.485 766.273 562.796 295.146 203.477
internal_count=57922 52339 16371 14656 35968 34972 996 5583 1824 418 1406 3759 2620 1715 1139
is_linear=0
shrinkage=0.01


Tree=444
num_leaves=16
num_cat=0
split_feature=4 0 5 3 1 2 7 0 3 2 5 3 1 3 7
split_gain=5.63571 6.70515 8.58694 4.47281 4.33341 3.98972 0.986246 0.803783 1.21149 2.70224 2.00482 0.797963 1.08674 0.760156 0.587225
threshold=1.0000000180025095e-35 1.0000000180025095e-35 1.0000000180025095e-35 1.0000000180025095e-35 2.5000000000000004 1.0000000180025095e-35 1.0000000180025095e-35 1.0000000180025095e-35 1.0000000180025095e-35 1.0000000180025095e-35 1.0000000180025095e-35 1.0000000180025095e-35 1.0000000180025095e-35 1.0000000180025095e-35 1.0000000180025095e-35
decision_type=2 2 2 2 2 2 2 2 2 2 2 2 2 2 2
left_child=1 2 3 -1 5 -3 -6 8 10 -10 -2 12 -9 -4 -13
right_child=7 4 13 -5 6 -7 -8 11 9 -11 -12 14 -14 -15 -16
leaf_value=-0.00069309011494767285 0.0010311849110581461 2.3907830524713306e-05 0.0016649055615269746 0.0008184684962892516 -0.00061926336667606657 0.0006132495878986788 -0.0020134060302017033 -0.0011239287500006284 -0.0016874824048831694 0.0027040231444333596 0.0035077192051503427 0.0006411839152865728 0.00044283667983410633 0.00064678870658920352 0.0017649373388401604
leaf_weight=2907.2921648174524 239.52737586200237 6283.7182608991861 158.47762306779623 209.89619232714176 97.173590093851089 1405.6682174727321 106.19628617167473 48.440107136964798 40.716919705271721 21.363770268857479 37.853685513138771 131.41258598864079 514.33467238396406 136.4974859058857 71.966919779777527
leaf_count=13761 1110 27159 917 895 485 7813 511 223 217 201 296 687 2397 798 452
internal_value=0 -6.65926e-05 -0.000436992 -0.000591309 9.35368e-05 0.000131643 -0.00134726 0.000681463 0.00108653 -0.000176238 0.00136915 0.000501987 0.000307979 0.00119378 0.00103883
internal_weight=0 11304.9 3412.16 3117.19 7892.76 7689.39 203.37 1105.62 339.462 62.0807 277.381 766.154 562.775 294.975 203.38
internal_count=57922 52339 16371 14656 35968 34972 996 5583 1824 418 1406 3759 2620 1715 1139
is_linear=0
shrinkage=0.01


Tree=445
num_leaves=16
num_cat=0
split_feature=8 1 7 6 5 5 1 0 6 1 4 5 5 1 3
split_gain=5.61907 4.92649 6.83972 6.65098 6.7001 3.8483 3.56936 2.17808 3.98365 4.53183 2.03139 1.89088 1.35457 1.15097 1.07376
threshold=1.0000000180025095e-35 1.5000000000000002 1.0000000180025095e-35 1.0000000180025095e-35 1.0000000180025095e-35 1.0000000180025095e-35 1.0000000180025095e-35 1.0000000180025095e-35 1.0000000180025095e-35 2.5000000000000004 1.0000000180025095e-35 1.0000000180025095e-35 1.0000000180025095e-35 1.5000000000000002 1.0000000180025095e-35
decision_type=2 2 2 2 2 2 2 2 2 2 2 2 2 2 2
left_child=1 2 6 4 -3 -5 -1 8 13 -10 14 -12 -4 -2 -9
right_child=7 3 12 5 -6 -7 -8 10 9 -11 11 -13 -14 -15 -16
leaf_value=-0.00056160303325460484 -0.0020436445264810678 -0.00034894633706487459 0.0010379008169823603 0.00092038630646668941 0.00095323595872038626 -0.00012991277275906102 0.0003198665083639052 -0.00054673849122652783 0.00069508844144688671 -0.0095028267969414198 0.00053585683662192953 0.0043784493336623473 0.00041530127529916722 -0.0010276079200721108 3.1102895588869756e-05
leaf_weight=733.21634855121374 180.56904631853104 4633.491220317781 1205.5532368570566 922.9129132181406 431.96448008716106 560.84913294762373 1230.0520910546184 979.20102719962597 155.55339877307415 4.4832233041524878 94.003593757748604 14.825731471180914 492.08759232610464 291.44377951323986 478.83384823799133
leaf_count=3343 928 20690 5334 3977 2292 3193 5649 4634 723 23 401 77 3093 1497 2068
internal_value=0 9.88023e-05 0.000392603 -6.54278e-05 -0.000237901 0.000523382 -9.33344e-06 -0.000458488 -0.000954022 0.000409407 -0.000258598 0.00105933 0.000857431 -0.00141629 -0.000356969
internal_weight=0 10210.1 3660.91 6549.22 5065.46 1483.76 1963.27 2198.91 632.049 160.037 1566.86 108.829 1697.64 472.013 1458.03
internal_count=57922 47571 17419 30152 22982 7170 8992 10351 3171 746 7180 478 8427 2425 6702
is_linear=0
shrinkage=0.01


Tree=446
num_leaves=16
num_cat=0
split_feature=2 8 1 7 6 1 6 5 8 1 4 1 1 0 1
split_gain=5.51065 4.52782 4.53582 7.47384 4.71943 3.09824 2.42209 1.5616 1.29172 0.753608 3.36167 0.766312 0.569857 1.91577 0.622543
threshold=1.0000000180025095e-35 1.0000000180025095e-35 1.5000000000000002 1.0000000180025095e-35 1.0000000180025095e-35 1.0000000180025095e-35 1.0000000180025095e-35 1.0000000180025095e-35 1.0000000180025095e-35 1.0000000180025095e-35 1.0000000180025095e-35 1.5000000000000002 2.5000000000000004 1.0000000180025095e-35 1.0000000180025095e-35
decision_type=2 2 2 2 2 2 2 2 2 2 2 2 2 2 2
left_child=1 2 3 -1 -4 7 -7 -3 12 10 -10 -11 14 -14 -2
right_child=8 5 4 -5 -6 6 -8 -9 9 11 -12 -13 13 -15 -16
leaf_value=-0.00016066443536187064 0.00011294795750933393 -0.0013281130401011521 -0.00032646032748717062 0.00085353342303424258 0.0003812605848451954 -0.00063768835190438874 0.00025267267101801639 -0.0046860794819788259 0.00028519438866786727 -0.00090974170491572393 0.0083332927737976743 8.180429127676e-05 0.0015305489913481987 -0.0027603558237877398 0.00067110425480123941
leaf_weight=1544.5686933249235 230.17079222947359 281.67859783768654 4298.3280307501554 1372.0544274747372 1206.7922006249428 1021.6644169688225 435.88584786653519 14.565067604184149 74.251205146312714 112.85091781616211 5.5800393074750891 251.98100464046001 21.090816810727119 20.536899112164974 1515.8669497594237
leaf_count=6783 1333 1394 18885 6055 5265 5019 1934 60 320 493 29 1102 95 91 9064
internal_value=0 -9.86597e-05 -2.39787e-06 0.00031644 -0.000171319 -0.00056091 -0.000371423 -0.00149321 0.000449986 -3.23299e-05 0.00084774 -0.000224904 0.000569958 -0.000586355 0.000597526
internal_weight=0 10175.5 8421.74 2916.62 5505.12 1753.79 1457.55 296.244 2232.33 444.663 79.8312 364.832 1787.67 41.6277 1746.04
internal_count=57922 45395 36988 12838 24150 8407 6953 1454 12527 1944 349 1595 10583 186 10397
is_linear=0
shrinkage=0.01


Tree=447
num_leaves=16
num_cat=0
split_feature=4 0 5 3 1 8 7 0 3 2 1 3 1 3 7
split_gain=5.48954 6.51532 8.34354 4.35726 4.20988 3.84477 0.969012 0.794483 1.19641 2.64635 1.98393 0.773519 1.08711 0.745873 0.575445
threshold=1.0000000180025095e-35 1.0000000180025095e-35 1.0000000180025095e-35 1.0000000180025095e-35 2.5000000000000004 1.0000000180025095e-35 1.0000000180025095e-35 1.0000000180025095e-35 1.0000000180025095e-35 1.0000000180025095e-35 1.0000000180025095e-35 1.0000000180025095e-35 1.5000000000000002 1.0000000180025095e-35 1.0000000180025095e-35
decision_type=2 2 2 2 2 2 2 2 2 2 2 2 2 2 2
left_child=1 2 3 -1 5 -3 -6 8 10 -10 -2 12 -9 -4 -13
right_child=7 4 13 -5 6 -7 -8 11 9 -11 -12 14 -14 -15 -16
leaf_value=-0.00068355651257612584 0.0038900153531552378 0.00023640357355324425 0.0016443248619975228 0.00080846223223716279 -0.00060675070380372632 -0.00033894167016144526 -0.0019891205030430539 -0.00033662787780019558 -0.0016731775430839067 0.0026759533044560784 0.0010740536770348552 0.00062944168916096561 0.00060522121366616644 0.00063537540673762024 0.0017424469402991267
leaf_weight=2905.9758961498737 27.809004828333855 6261.5393171384931 158.29598789662123 209.86947984993458 97.12470605969429 1426.000859618187 106.10627805441618 180.37447378784418 40.739825531840324 21.308531008660793 249.38809559494257 131.34098768234253 382.26957350969315 136.40935842692852 71.872158497571945
leaf_count=13761 144 28436 917 895 485 6536 511 868 217 201 1262 687 1752 798 452
internal_value=0 -6.573e-05 -0.000430947 -0.000583061 9.21241e-05 0.00012968 -0.00132848 0.000672727 0.00107559 -0.000179607 0.00135656 0.000494274 0.00030328 0.00117732 0.00102309
internal_weight=0 11301.3 3410.55 3115.85 7890.77 7687.54 203.231 1105.1 339.245 62.0484 277.197 765.857 562.644 294.705 203.213
internal_count=57922 52339 16371 14656 35968 34972 996 5583 1824 418 1406 3759 2620 1715 1139
is_linear=0
shrinkage=0.01


Tree=448
num_leaves=16
num_cat=0
split_feature=1 7 1 1 3 4 0 5 3 7 0 5 7 0 2
split_gain=5.39204 5.34703 7.77729 4.15534 5.26541 3.14398 3.13769 1.34344 0.939825 1.38298 2.98812 1.99575 0.36533 0.467679 0.305305
threshold=2.5000000000000004 1.0000000180025095e-35 1.5000000000000002 1.0000000180025095e-35 1.0000000180025095e-35 1.0000000180025095e-35 1.0000000180025095e-35 1.0000000180025095e-35 1.0000000180025095e-35 1.0000000180025095e-35 1.0000000180025095e-35 1.0000000180025095e-35 1.0000000180025095e-35 1.0000000180025095e-35 1.0000000180025095e-35
decision_type=2 2 2 2 2 2 2 2 2 2 2 2 2 2 2
left_child=1 3 7 4 -1 -4 -5 -3 12 10 -10 -11 14 -14 -2
right_child=8 2 5 6 -6 -7 -8 -9 9 11 -12 -13 13 -15 -16
leaf_value=-0.0011578022880112202 -0.00071127179377280386 0.0010196038129559662 -8.0307633869635032e-05 -0.00040090837571129281 0.00033883375039095177 0.0010214898495038512 0.00011655761790512973 0.00039934723286994065 -0.0074685566885771973 0.005319220522557809 0.00095436812054269901 -0.0016888111259577177 -0.0010193101808020192 -0.0019112495955521322 -0.0018479615299805705
leaf_weight=770.73799702525139 178.58106799423695 1205.2312775626779 3120.82930752635 1645.6457390859723 338.22998412698507 282.42280323803425 4069.3900031298399 491.64833513647318 5.6643613576889065 10.4111834615469 16.424809128046036 6.6651183888316146 125.19691985100508 110.82421725988388 27.232535019516945
leaf_count=3607 972 5334 14103 7996 1539 1474 18291 3093 27 43 72 34 688 535 114
internal_value=0 4.19208e-05 0.000286868 -0.000141148 -0.000701335 1.11263e-05 -3.24468e-05 0.000839893 -0.001038 0.000446668 -0.00120554 0.00258389 -0.0011696 -0.00143812 -0.000861675
internal_weight=0 11924.1 5100.13 6824 1108.97 3403.25 5715.04 1696.88 481 39.1655 22.0892 17.0763 441.835 236.021 205.814
internal_count=57922 55437 24004 31433 5146 15577 26287 8427 2485 176 99 77 2309 1223 1086
is_linear=0
shrinkage=0.01


Tree=449
num_leaves=16
num_cat=0
split_feature=2 4 8 1 1 7 0 4 4 1 1 6 1 8 0
split_gain=5.3769 4.39152 4.55923 4.50944 2.58943 1.2421 1.45482 1.67984 0.833631 0.610117 0.456745 0.449181 0.198733 0.93767 0.25226
threshold=1.0000000180025095e-35 1.0000000180025095e-35 1.0000000180025095e-35 1.5000000000000002 1.0000000180025095e-35 1.0000000180025095e-35 1.0000000180025095e-35 1.0000000180025095e-35 1.0000000180025095e-35 1.0000000180025095e-35 2.5000000000000004 1.0000000180025095e-35 2.5000000000000004 1.0000000180025095e-35 1.0000000180025095e-35
decision_type=2 2 2 2 2 2 2 2 2 2 2 2 2 2 2
left_child=1 2 3 -1 -4 6 7 -2 11 -10 -8 -7 14 -14 -3
right_child=5 12 4 -5 -6 8 10 -9 9 -11 -12 -13 13 -15 -16
leaf_value=0.0002744634215341977 -0.00054885261019664404 0.00089912478644694842 -0.0015175922587298068 -0.00023391589739871506 -0.0004588268254115707 0.00048347765833746853 0.00048840894903925806 0.0012893778806898771 -0.0011782322388275673 0.0018825675901179896 -0.001127953768449159 0.0010260753871450328 -0.00086745914701273803 0.0038669997732170198 0.00051263037950758001
leaf_weight=2670.3583827018738 322.36143483221531 242.21234971284866 278.37537160515785 5034.0254471600056 1357.196575537324 537.05313356220722 990.48736338317394 58.77697741985321 7.0547064617276183 84.72348615527153 17.79632106423378 213.10982243716717 28.083434253931046 4.9153867959976187 557.73140051960945
leaf_count=11720 1413 1082 1381 22126 6538 3145 4957 409 64 757 76 1706 125 20 2403
internal_value=0 -9.74615e-05 -0.000159508 -5.77104e-05 -0.000639029 0.000444594 0.000260933 -0.000265371 0.000747684 0.00164729 0.00045988 0.000637621 0.000598283 -0.000162231 0.000629656
internal_weight=0 10172.9 9339.96 7704.38 1635.57 2231.36 1389.42 381.138 841.941 91.7782 1008.28 750.163 832.943 32.9988 799.944
internal_count=57922 45395 41765 33846 7919 12527 6855 1822 5672 821 5033 4851 3630 145 3485
is_linear=0
shrinkage=0.01


Tree=450
num_leaves=16
num_cat=0
split_feature=2 4 0 3 1 8 1 4 1 5 3 3 1 8 0
split_gain=5.27115 4.30453 4.5327 4.82284 3.9089 1.23077 0.745983 3.29676 0.754521 0.545832 1.87268 1.44456 0.194798 0.918803 0.247369
threshold=1.0000000180025095e-35 1.0000000180025095e-35 1.0000000180025095e-35 1.0000000180025095e-35 1.0000000180025095e-35 1.0000000180025095e-35 1.0000000180025095e-35 1.0000000180025095e-35 1.5000000000000002 1.0000000180025095e-35 1.0000000180025095e-35 1.0000000180025095e-35 2.5000000000000004 1.0000000180025095e-35 1.0000000180025095e-35
decision_type=2 2 2 2 2 2 2 2 2 2 2 2 2 2 2
left_child=1 2 3 -1 -4 9 7 -7 -8 11 -11 -2 14 -14 -3
right_child=5 12 4 -5 -6 6 8 -9 -10 10 -12 -13 13 -15 -16
leaf_value=-0.00061931889427384041 0.0003045062225082325 0.00089029907120027299 -0.00066839845648154197 0.00079289121330982748 8.0931423046494091e-05 0.00028927177936448274 -0.00090163745802077837 0.0082758139444034078 8.2263044052220362e-05 0.001569897121833617 0.00025639242592935606 0.0011551811809278213 -0.00085896141943664535 0.0038270109628486264 0.00050754117860276227
leaf_weight=2607.4830901920795 1106.0568911358714 242.16756136715412 793.55991168320179 266.54744139313698 5671.8178064674139 74.2404695302248 112.8542735427618 5.5553208887577048 251.94300457835197 202.20967964082956 234.32412032037973 243.58379121124744 28.077686205506325 4.9170718640089026 557.69075137376785
leaf_count=12507 5466 1082 3510 1188 24560 320 493 29 1102 1764 1981 1372 125 20 2403
internal_value=0 -9.64932e-05 -0.000157923 -0.000488346 -1.10413e-05 0.000440267 -3.05393e-05 0.000845289 -0.000222118 0.000557455 0.00086483 0.000458036 0.000592365 -0.00016063 0.000623426
internal_weight=0 10172.3 9339.41 2874.03 6465.38 2230.77 444.593 79.7958 364.797 1786.17 436.534 1349.64 832.853 32.9948 799.858
internal_count=57922 45395 41765 13695 28070 12527 1944 349 1595 10583 3745 6838 3630 145 3485
is_linear=0
shrinkage=0.01


Tree=451
num_leaves=15
num_cat=0
split_feature=1 7 1 1 3 6 0 6 3 8 6 7 0 8
split_gain=5.24305 5.19323 7.55036 4.02233 5.14536 3.06454 3.01617 1.33743 0.916764 1.35858 0.846282 0.358889 0.464005 0.302027
threshold=2.5000000000000004 1.0000000180025095e-35 1.5000000000000002 1.0000000180025095e-35 1.0000000180025095e-35 1.0000000180025095e-35 1.0000000180025095e-35 1.0000000180025095e-35 1.0000000180025095e-35 1.0000000180025095e-35 1.0000000180025095e-35 1.0000000180025095e-35 1.0000000180025095e-35 1.0000000180025095e-35
decision_type=2 2 2 2 2 2 2 2 2 2 2 2 2 2
left_child=1 3 7 4 -1 -4 -5 -3 11 10 -10 13 -13 -2
right_child=8 2 5 6 -6 -7 -8 -9 9 -11 -12 12 -14 -15
leaf_value=-0.0011418498316993801 -0.00059636197988730444 0.0010235588078539861 -0.0001443738399039411 -0.00039350277184718659 0.00033792406693768659 0.0005904935684801554 0.00011392096955739549 0.00042503083078750418 -0.00035643587903325775 -0.0035089391406410144 0.0028951391122192783 -0.0010028968561576271 -0.0018917034498510466 -0.0014305806946965109
leaf_weight=770.24081878364086 143.47261992096901 1141.4025923013687 2682.8325683251023 1645.0049855411053 338.12983042001724 719.71043794602156 4068.9849401786923 554.81043446063995 15.523740485310553 7.1200567036867133 16.525054238736629 125.08566284179688 110.73402567207813 62.22104349732399
leaf_count=3607 745 5318 11883 7996 1539 3694 18291 3109 66 33 77 688 535 341
internal_value=0 4.13342e-05 0.000282767 -0.000139103 -0.000690416 1.10663e-05 -3.21616e-05 0.000827788 -0.0010239 0.000442323 0.00132015 -0.00115398 -0.00142025 -0.000848708
internal_weight=0 11921.1 5098.76 6822.36 1108.37 3402.54 5713.99 1696.21 480.682 39.1689 32.0488 441.513 235.82 205.694
internal_count=57922 55437 24004 31433 5146 15577 26287 8427 2485 176 143 2309 1223 1086
is_linear=0
shrinkage=0.01


Tree=452
num_leaves=16
num_cat=0
split_feature=2 8 1 7 6 1 6 5 8 1 4 1 5 3 3
split_gain=5.16066 4.22382 4.24269 6.99239 4.50292 2.89802 2.36253 1.54015 1.19774 0.738834 3.24586 0.740474 0.530466 1.84176 1.41023
threshold=1.0000000180025095e-35 1.0000000180025095e-35 1.5000000000000002 1.0000000180025095e-35 1.0000000180025095e-35 1.0000000180025095e-35 1.0000000180025095e-35 1.0000000180025095e-35 1.0000000180025095e-35 1.0000000180025095e-35 1.0000000180025095e-35 1.5000000000000002 1.0000000180025095e-35 1.0000000180025095e-35 1.0000000180025095e-35
decision_type=2 2 2 2 2 2 2 2 2 2 2 2 2 2 2
left_child=1 2 3 -1 -4 7 -7 -3 12 10 -10 -11 14 -14 -2
right_child=8 5 4 -5 -6 6 -8 -9 9 11 -12 -13 13 -15 -16
leaf_value=-0.00015561194171436816 0.00030167439928801957 -0.0012805656126936643 -0.00031748450655042366 0.00082557418745352951 0.00037391987474871596 -0.00062207739464120292 0.0002574458562975457 -0.0046150293102417764 0.00029222235664295342 -0.00089245457935999421 0.0082300518456181731 8.2198773943210207e-05 0.0015543303739584146 0.00025114547855403752 0.0011424380406382126
leaf_weight=1544.0851026773453 1105.8731014281511 281.0348304361105 4296.5850639939308 1371.3891525864601 1206.4478306621313 1020.8671420812607 435.78060382604599 14.570078641176222 74.23454587161541 112.8714010566473 5.5355407744646064 251.93377983570099 201.94825687259436 234.23259004950523 243.4101774469018
leaf_count=6783 5466 1394 18885 6055 5265 5019 1934 60 320 493 29 1102 1764 1981 1372
internal_value=0 -9.54769e-05 -2.50388e-06 0.000305921 -0.000165906 -0.000542155 -0.000358953 -0.00144492 0.000435706 -2.87312e-05 0.000843058 -0.000219361 0.00055135 0.00085451 0.000453348
internal_weight=0 10170.8 8418.51 2915.47 5503.03 1752.25 1456.65 295.605 2230.04 444.575 79.7701 364.805 1785.46 436.181 1349.28
internal_count=57922 45395 36988 12838 24150 8407 6953 1454 12527 1944 349 1595 10583 3745 6838
is_linear=0
shrinkage=0.01


Tree=453
num_leaves=16
num_cat=0
split_feature=4 0 5 6 1 2 6 0 3 2 1 3 1 3 7
split_gain=5.12679 6.08875 8.02494 4.22234 3.96097 3.6307 0.936883 0.775144 1.17979 2.59361 1.95668 0.748769 1.07781 0.740873 0.55166
threshold=1.0000000180025095e-35 1.0000000180025095e-35 1.0000000180025095e-35 1.0000000180025095e-35 2.5000000000000004 1.0000000180025095e-35 1.0000000180025095e-35 1.0000000180025095e-35 1.0000000180025095e-35 1.0000000180025095e-35 1.0000000180025095e-35 1.0000000180025095e-35 1.5000000000000002 1.0000000180025095e-35 1.0000000180025095e-35
decision_type=2 2 2 2 2 2 2 2 2 2 2 2 2 2 2
left_child=1 2 3 -1 5 -3 -6 8 10 -10 -2 12 -9 -4 -13
right_child=7 4 13 -5 6 -7 -8 11 9 -11 -12 14 -14 -15 -16
leaf_value=-0.00072794105969348146 0.0038462246482752816 2.2747622698695756e-05 0.0016271741357706047 0.00027142071369554182 -0.0016006788576698639 0.00058533478312246864 0.00019651071427568222 -0.00035118748316342218 -0.0016757833894193272 0.0026352203901293214 0.0010471453022603194 0.00060943252517999544 0.00058691851577880418 0.00062108413219318179 0.0017002265158984548
leaf_weight=2608.7454836666584 27.756304711103439 6281.2670906335115 158.09030126780272 504.53896449506283 167.82648551464081 1403.4263882264495 35.067656837403774 180.25656397640705 40.732315987348557 21.228995904326439 249.14238499104977 131.23008392751217 382.0517491325736 136.29547024518251 71.694953992962837
leaf_count=12453 144 27159 917 2203 844 7813 152 868 217 201 1262 687 1752 798 452
internal_value=0 -6.35281e-05 -0.00041676 -0.000565984 8.90783e-05 0.000125491 -0.00129006 0.000650428 0.0010486 -0.00019876 0.00132772 0.000474108 0.000286194 0.00116137 0.000994818
internal_weight=0 11295.3 3407.67 3113.28 7887.59 7684.69 202.894 1104.09 338.86 61.9613 276.899 765.233 562.308 294.386 202.925
internal_count=57922 52339 16371 14656 35968 34972 996 5583 1824 418 1406 3759 2620 1715 1139
is_linear=0
shrinkage=0.01


Tree=454
num_leaves=16
num_cat=0
split_feature=1 7 1 1 3 5 4 5 3 7 0 5 7 0 2
split_gain=5.0456 5.00819 7.23587 3.92197 5.03227 2.95258 2.94179 1.33907 0.889753 1.34679 2.93551 1.97448 0.35155 0.449814 0.302631
threshold=2.5000000000000004 1.0000000180025095e-35 1.5000000000000002 1.0000000180025095e-35 1.0000000180025095e-35 1.0000000180025095e-35 1.0000000180025095e-35 1.0000000180025095e-35 1.0000000180025095e-35 1.0000000180025095e-35 1.0000000180025095e-35 1.0000000180025095e-35 1.0000000180025095e-35 1.0000000180025095e-35 1.0000000180025095e-35
decision_type=2 2 2 2 2 2 2 2 2 2 2 2 2 2 2
left_child=1 3 7 4 -1 -5 -4 -3 12 10 -10 -11 14 -14 -2
right_child=8 2 6 5 -6 -7 -8 -9 9 11 -12 -13 13 -15 -16
leaf_value=-0.0011278369317237796 -0.00068096584018705064 0.00099075961430169775 -7.6745336366149111e-05 -0.00011453939676830851 0.00033584924945638224 0.00058815818535721165 0.00098968084292713277 0.00037108920908296211 -0.0074002844057688959 0.005270735238784169 0.00095062628761731331 -0.0017017079717513159 -0.0009857992408847775 -0.0018614030020473122 -0.0018129633170097174
leaf_weight=769.78799882531166 178.27869163453579 1204.6024974808097 3119.653068549931 5034.2380749434233 338.04136205464602 678.54573564976454 282.05976442247629 490.80924052745104 5.6612785160541561 10.40648300945759 16.41302327811718 6.6612485349178305 124.966956846416 110.59147779643536 27.223178587853909
leaf_count=3607 972 5334 14103 22711 1539 3576 1474 3093 27 43 72 34 688 535 114
internal_value=0 4.054e-05 0.000277673 -0.000136673 -0.00068121 -3.10753e-05 1.16795e-05 0.00081137 -0.00100496 0.000439985 -0.00119109 0.00254951 -0.00113319 -0.00139688 -0.000830923
internal_weight=0 11917.7 5097.12 6820.61 1107.83 5712.78 3401.71 1695.41 480.202 39.142 22.0743 17.0677 441.06 235.558 205.502
internal_count=57922 55437 24004 31433 5146 26287 15577 8427 2485 176 99 77 2309 1223 1086
is_linear=0
shrinkage=0.01


Tree=455
num_leaves=16
num_cat=0
split_feature=8 1 6 5 7 5 1 0 6 1 4 5 6 1 3
split_gain=4.98308 4.35146 6.053 6.34583 5.95254 3.86215 3.29717 2.01437 3.80558 4.4314 1.90391 1.86116 1.31418 1.10826 1.00782
threshold=1.0000000180025095e-35 1.5000000000000002 1.0000000180025095e-35 1.0000000180025095e-35 1.0000000180025095e-35 1.0000000180025095e-35 1.0000000180025095e-35 1.0000000180025095e-35 1.0000000180025095e-35 2.5000000000000004 1.0000000180025095e-35 1.0000000180025095e-35 1.0000000180025095e-35 1.5000000000000002 1.0000000180025095e-35
decision_type=2 2 2 2 2 2 2 2 2 2 2 2 2 2 2
left_child=1 4 3 -3 6 -4 -1 8 13 -10 14 -12 -6 -2 -9
right_child=7 2 5 -5 12 -7 -8 10 9 -11 11 -13 -14 -15 -16
leaf_value=-0.00053674378850464093 -0.0019788917269752894 -0.0003340260665029928 0.00089833362019886749 0.00093403038636609014 0.00099745631894379138 -0.00015441318595310445 0.00031077915638331408 -0.00051912981909343924 0.00070537951377217824 -0.009411010988621956 0.00051756231118997727 0.0043342453742117966 0.0004039241639830015 -0.00098033290707447108 4.0851480790034168e-05
leaf_weight=732.54093651473522 179.92853474617004 4629.845381051302 922.44049434363842 431.42385434359312 1140.8584121093154 560.06550520658493 1229.3985323086381 978.06706444919109 155.44570684432983 4.4540925472974768 93.950829416513443 14.787410765886305 554.29732032865286 290.7487681210041 478.68933083117008
leaf_count=3343 928 20690 3977 2292 5318 3193 5649 4634 723 23 401 77 3109 1497 2068
internal_value=0 9.30692e-05 -6.13328e-05 -0.000225937 0.000369346 0.000500624 -5.6655e-06 -0.000432058 -0.000909261 0.000423582 -0.000239842 0.0010366 0.000803378 -0.00136206 -0.00033512
internal_weight=0 10200.9 6543.78 5061.27 3657.1 1482.51 1961.94 2196.07 630.577 159.9 1565.49 108.738 1695.16 470.677 1456.76
internal_count=57922 47571 30152 22982 17419 7170 8992 10351 3171 746 7180 478 8427 2425 6702
is_linear=0
shrinkage=0.01


Tree=456
num_leaves=16
num_cat=0
split_feature=4 0 5 3 1 2 7 0 3 2 1 3 3 1 5
split_gain=4.95868 5.90773 7.79723 4.11525 3.80985 3.55498 0.916091 0.768405 1.16474 2.54457 1.93844 0.725724 0.723696 1.06321 0.548137
threshold=1.0000000180025095e-35 1.0000000180025095e-35 1.0000000180025095e-35 1.0000000180025095e-35 2.5000000000000004 1.0000000180025095e-35 1.0000000180025095e-35 1.0000000180025095e-35 1.0000000180025095e-35 1.0000000180025095e-35 1.0000000180025095e-35 1.0000000180025095e-35 1.0000000180025095e-35 1.5000000000000002 1.0000000180025095e-35
decision_type=2 2 2 2 2 2 2 2 2 2 2 2 2 2 2
left_child=1 2 3 -1 5 -3 -6 8 10 -10 -2 -4 13 -9 -14
right_child=7 4 11 -5 6 -7 -8 12 9 -11 -12 -13 14 -15 -16
leaf_value=-0.00065536840456072566 0.0038218622588929614 2.1880133521390617e-05 0.0016070576417654015 0.0007949259634307264 -0.00056325326370249408 0.00057867059518336927 -0.0019091595917128429 -0.00035357837376071412 -0.0016646445322263709 0.0026085647529963912 0.0010345117017952123 0.00061091996339614663 0.0015150283749925035 0.00057824916955896211 0.00047446423266452877
leaf_weight=2902.2895637154579 27.72805467993021 6280.4426039606333 157.9237118512392 209.79482737183571 96.926216408610344 1402.8469978049397 105.74489730596542 180.22340277582407 40.749743327498436 21.176614865660667 249.02586873620749 136.22248800843954 97.803902365267277 381.95672553777695 104.94098555296659
leaf_count=13761 144 27159 917 895 485 7813 511 868 217 201 1262 798 467 1752 672
internal_value=0 -6.2482e-05 -0.000410508 -0.0005576 8.78429e-05 0.000123541 -0.00126549 0.00063982 0.00103637 -0.000203359 0.00131378 0.00114573 0.000464241 0.000279524 0.000976431
internal_weight=0 11292.2 3406.23 3112.08 7885.96 7683.29 202.671 1103.61 338.68 61.9264 276.754 294.146 764.925 562.18 202.745
internal_count=57922 52339 16371 14656 35968 34972 996 5583 1824 418 1406 1715 3759 2620 1139
is_linear=0
shrinkage=0.01


Tree=457
num_leaves=16
num_cat=0
split_feature=8 2 1 7 6 0 6 1 4 5 1 3 1 3 4
split_gain=4.88771 4.26651 3.99612 6.58806 4.23345 1.9477 3.72199 4.35807 1.85636 1.8312 1.09157 0.986549 0.522569 4.23505 0.854745
threshold=1.0000000180025095e-35 1.0000000180025095e-35 1.5000000000000002 1.0000000180025095e-35 1.0000000180025095e-35 1.0000000180025095e-35 1.0000000180025095e-35 2.5000000000000004 1.0000000180025095e-35 1.0000000180025095e-35 1.5000000000000002 1.0000000180025095e-35 1.0000000180025095e-35 1.0000000180025095e-35 1.0000000180025095e-35
decision_type=2 2 2 2 2 2 2 2 2 2 2 2 2 2 2
left_child=1 2 3 -1 -4 6 10 -8 11 -10 -2 -7 13 -3 -14
right_child=5 12 4 -5 -6 8 7 -9 9 -11 -12 -13 14 -15 -16
leaf_value=-0.00015064042663302885 -0.0019580125141198381 -0.00090579828613338909 -0.00030761874773626392 0.00080192454963724075 0.00036285586746669768 -0.00051513781718344259 0.00069956328147467012 -0.0093547865778844923 0.00050725699070807318 0.0042966457554254522 -0.00096655993082886145 3.8929102422438741e-05 0.00051018835821565838 0.0019400573067998108 0.0011996920689686711
leaf_weight=1543.6535159945488 179.74148634076118 149.24867613613605 4294.6889407038689 1370.809236317873 1206.2422292083502 977.89453457295895 155.44319301843643 4.4340593665838233 93.941188216209412 14.755642130970953 290.55776984989643 478.66320784389973 1346.3770073279738 80.494121916592121 207.49730444699526
leaf_count=6783 928 797 18885 6055 5265 4634 723 23 401 77 1497 2068 7669 536 1581
internal_value=0 9.21782e-05 -1.98277e-06 0.000297396 -0.000160597 -0.00042797 -0.000897391 0.000420714 -0.00023898 0.00102167 -0.00134548 -0.000333057 0.000536445 9.12935e-05 0.000602262
internal_weight=0 10199 8415.39 2914.46 5500.93 2195.43 630.177 159.877 1565.25 108.697 470.299 1456.56 1783.62 229.743 1553.87
internal_count=57922 47571 36988 12838 24150 10351 3171 746 7180 478 2425 6702 10583 1333 9250
is_linear=0
shrinkage=0.01


Tree=458
num_leaves=16
num_cat=0
split_feature=4 0 5 3 1 2 6 0 3 2 5 3 3 1 5
split_gain=4.81915 5.7542 7.60402 4.01785 3.72455 3.44305 0.902584 0.760258 1.14881 2.48641 1.93198 0.71476 0.703495 1.04903 0.542557
threshold=1.0000000180025095e-35 1.0000000180025095e-35 1.0000000180025095e-35 1.0000000180025095e-35 2.5000000000000004 1.0000000180025095e-35 1.0000000180025095e-35 1.0000000180025095e-35 1.0000000180025095e-35 1.0000000180025095e-35 1.0000000180025095e-35 1.0000000180025095e-35 1.0000000180025095e-35 1.5000000000000002 1.0000000180025095e-35
decision_type=2 2 2 2 2 2 2 2 2 2 2 2 2 2 2
left_child=1 2 3 -1 5 -3 -6 8 10 -10 -2 -4 13 -9 -14
right_child=7 4 11 -5 6 -7 -8 12 9 -11 -12 -13 14 -15 -16
leaf_value=-0.00064702964606234276 0.0009698835847929924 2.2016791013754685e-05 0.0015903651706033772 0.00078606817365458963 -0.0015571288638528934 0.00057007606289972512 0.0002072253857494661 -0.000354774362230232 -0.0016485133939421889 0.0025789354890531045 0.0034103221566034788 0.0006014312655269723 0.0014974081861072977 0.00057088475724748598 0.00046179888339736023
leaf_weight=2901.3164906054735 239.08204380422831 6279.9797792285681 157.78087250888348 209.77787378430367 167.49573707580566 1402.2174534648657 35.064369298517704 180.20457515120506 40.776096642017365 21.118495732545853 37.531251631677151 136.14943696558475 97.744151160120964 381.86887886375189 104.86074742674828
leaf_count=13761 1110 27159 917 895 844 7813 152 868 217 201 296 798 467 1752 672
internal_value=0 -6.15986e-05 -0.000405144 -0.000550397 8.6761e-05 0.000122053 -0.00125171 0.000630879 0.00102544 -0.000206104 0.00130101 0.00113229 0.000456216 0.000274112 0.000961415
internal_weight=0 11289.8 3405.02 3111.09 7884.76 7682.2 202.56 1103.19 338.508 61.8946 276.613 293.93 764.678 562.073 202.605
internal_count=57922 52339 16371 14656 35968 34972 996 5583 1824 418 1406 1715 3759 2620 1139
is_linear=0
shrinkage=0.01


Tree=459
num_leaves=16
num_cat=0
split_feature=8 1 6 5 7 5 1 0 6 1 4 5 5 1 3
split_gain=4.79093 4.15888 5.76214 6.11521 5.72925 3.82695 3.22388 1.88276 3.63884 4.28597 1.80968 1.8017 1.33367 1.07333 0.965161
threshold=1.0000000180025095e-35 1.5000000000000002 1.0000000180025095e-35 1.0000000180025095e-35 1.0000000180025095e-35 1.0000000180025095e-35 1.0000000180025095e-35 1.0000000180025095e-35 1.0000000180025095e-35 2.5000000000000004 1.0000000180025095e-35 1.0000000180025095e-35 1.0000000180025095e-35 1.5000000000000002 1.0000000180025095e-35
decision_type=2 2 2 2 2 2 2 2 2 2 2 2 2 2 2
left_child=1 4 3 -3 6 -4 -1 8 13 -10 14 -12 -6 -2 -9
right_child=7 2 5 -5 12 -7 -8 10 9 -11 11 -13 -14 -15 -16
leaf_value=-0.00053175428491828369 -0.0019365678825639455 -0.00032644843087658291 0.00088458419133737227 0.00091883843912265344 0.00096637477286048025 -0.00016357786754006166 0.00030642477083637272 -0.00051098499398980997 0.00069374537097826087 -0.0092989998168448371 0.00049713355683064157 0.0042593785960229396 0.00034761590566102237 -0.00095299999382822604 3.7069548285684988e-05
leaf_weight=732.30534473061562 179.55744403600693 4628.1467630118132 922.20862498879433 431.07109851390123 1204.1032942533493 559.76716791093349 1229.0533599033952 977.71435141563416 155.43849654495716 4.4140852242708197 93.931624263525009 14.724139288067816 490.137575738132 290.36840058863163 478.63687013089657
leaf_count=3343 928 20690 3977 2292 5334 3193 5649 4634 723 23 401 77 3093 1497 2068
internal_value=0 9.12679e-05 -5.97079e-05 -0.000220344 0.000361418 0.000488676 -6.52309e-06 -0.000423777 -0.000885483 0.000417811 -0.000237981 0.00100696 0.00078737 -0.00132882 -0.000330864
internal_weight=0 10196.8 6541.19 5059.22 3655.6 1481.98 1961.36 2194.79 629.778 159.853 1565.01 108.656 1694.24 469.926 1456.35
internal_count=57922 47571 30152 22982 17419 7170 8992 10351 3171 746 7180 478 8427 2425 6702
is_linear=0
shrinkage=0.01


Tree=460
num_leaves=16
num_cat=0
split_feature=1 7 1 1 3 4 5 5 3 7 0 5 7 0 2
split_gain=4.7188 4.67506 6.63332 3.7258 4.80989 2.78803 2.73587 1.30715 0.847355 1.32039 2.86035 1.93539 0.346788 0.426944 0.304563
threshold=2.5000000000000004 1.0000000180025095e-35 1.5000000000000002 1.0000000180025095e-35 1.0000000180025095e-35 1.0000000180025095e-35 1.0000000180025095e-35 1.0000000180025095e-35 1.0000000180025095e-35 1.0000000180025095e-35 1.0000000180025095e-35 1.0000000180025095e-35 1.0000000180025095e-35 1.0000000180025095e-35 1.0000000180025095e-35
decision_type=2 2 2 2 2 2 2 2 2 2 2 2 2 2 2
left_child=1 3 7 4 -1 -4 -5 -3 12 10 -10 -11 14 -14 -2
right_child=8 2 5 6 -6 -7 -8 -9 9 11 -12 -13 13 -15 -16
leaf_value=-0.001099956881040511 -0.00064688393756144396 0.00095683372679202308 -7.2401217963571522e-05 -0.00010946836238937562 0.00033135659867503694 0.00096627845373530215 0.00056728133301660614 0.0003442057789442375 -0.00731025166619894 0.0052216393168556209 0.00093601011698765993 -0.001680829497017821 -0.00095942175669039298 -0.0018132532729830369 -0.0017829062183538347
leaf_weight=769.08552667498589 177.93502223491669 1203.949891269207 3118.4861553683877 5031.9518930912018 337.95001199096441 281.77497351914644 677.8333560153842 490.04407779872417 5.6564707756042507 10.402068525552751 16.407516717910767 6.6649844422936431 124.7767072096467 110.36100862920284 27.208141013979912
leaf_count=3607 972 5334 14103 22711 1539 1474 3576 3093 27 43 72 34 688 535 114
internal_value=0 3.91947e-05 0.00026837 -0.00013207 -0.000663013 1.36727e-05 -2.91285e-05 0.000779611 -0.000972688 0.000437518 -0.00117806 0.0025261 -0.00109802 -0.00136016 -0.000797555
internal_weight=0 11911.1 5094.26 6816.82 1107.04 3400.26 5709.79 1693.99 479.412 39.131 22.064 17.0671 440.281 235.138 205.143
internal_count=57922 55437 24004 31433 5146 15577 26287 8427 2485 176 99 77 2309 1223 1086
is_linear=0
shrinkage=0.01


Tree=461
num_leaves=16
num_cat=0
split_feature=2 4 8 1 1 7 0 4 4 1 1 6 1 8 0
split_gain=4.68775 3.8606 4.04203 3.89522 2.38681 1.09141 1.3089 1.50958 0.771103 0.605732 0.411528 0.410504 0.173452 0.893583 0.244064
threshold=1.0000000180025095e-35 1.0000000180025095e-35 1.0000000180025095e-35 1.5000000000000002 1.0000000180025095e-35 1.0000000180025095e-35 1.0000000180025095e-35 1.0000000180025095e-35 1.0000000180025095e-35 1.0000000180025095e-35 2.5000000000000004 1.0000000180025095e-35 2.5000000000000004 1.0000000180025095e-35 1.0000000180025095e-35
decision_type=2 2 2 2 2 2 2 2 2 2 2 2 2 2 2
left_child=1 2 3 -1 -4 6 7 -2 11 -10 -8 -7 14 -14 -3
right_child=5 12 4 -5 -6 8 10 -9 9 -11 -12 -13 13 -15 -16
leaf_value=0.00025546550458238631 -0.00052442713545254409 0.00085617596675591516 -0.0014463114313992362 -0.00021720245706656374 -0.00042818171236646066 0.00044704265298475907 0.00045939775917858562 0.0012218954049393854 -0.0012540418336872774 0.001803959509902871 -0.0010755402431164209 0.00096674790230332288 -0.00083861120662913574 0.0037827756735439888 0.00047581673611479401
leaf_weight=2668.4463902115822 322.15204313397408 241.95642347633839 277.3891608864069 5029.8688120394945 1355.1198592483997 535.78454955667257 989.03415855020285 58.487176656723022 7.0176384523510924 84.151897482573986 17.781014740467072 212.17262099683285 28.04729089140892 4.9175725430250159 557.19612900912762
leaf_count=11720 1413 1082 1381 22126 6538 3145 4957 409 64 757 76 1706 125 20 2403
internal_value=0 -9.10042e-05 -0.000149208 -5.33628e-05 -0.000601178 0.000415614 0.000243436 -0.000256096 0.000700302 0.00156857 0.00043229 0.000594467 0.000561654 -0.00014921 0.000590977
internal_weight=0 10162.9 9330.82 7698.32 1632.51 2226.58 1387.45 380.639 839.127 91.1695 1006.82 747.957 832.117 32.9649 799.153
internal_count=57922 45395 41765 33846 7919 12527 6855 1822 5672 821 5033 4851 3630 145 3485
is_linear=0
shrinkage=0.01


Tree=462
num_leaves=15
num_cat=0
split_feature=1 7 1 1 3 6 0 6 3 8 6 7 0 2
split_gain=4.60457 4.54633 6.43708 3.63976 4.71333 2.73881 2.71328 1.28749 0.831491 1.30313 0.840794 0.341723 0.41861 0.295368
threshold=2.5000000000000004 1.0000000180025095e-35 1.5000000000000002 1.0000000180025095e-35 1.0000000180025095e-35 1.0000000180025095e-35 1.0000000180025095e-35 1.0000000180025095e-35 1.0000000180025095e-35 1.0000000180025095e-35 1.0000000180025095e-35 1.0000000180025095e-35 1.0000000180025095e-35 1.0000000180025095e-35
decision_type=2 2 2 2 2 2 2 2 2 2 2 2 2 2
left_child=1 3 7 4 -1 -4 -5 -3 11 10 -10 13 -13 -2
right_child=8 2 5 6 -6 -7 -8 -9 9 -11 -12 12 -14 -15
leaf_value=-0.0010877282622720576 -0.00063856435752567551 0.00096055652559826261 -0.00013313630196957484 -0.00037147084959913024 0.00032931475998606316 0.00056195014532762165 0.00011010237070947987 0.00037272551466306718 -0.0003766135509431986 -0.0034420407583177523 0.002864845287495445 -0.00094873068565345692 -0.0017944688973594418 -0.0017573968318210338
leaf_weight=768.76615622639656 177.85448142886162 1140.0327167212963 2681.0496362522244 1642.5049656257033 337.89566753804684 718.86561457812786 4066.5721530839801 553.49828188121319 15.52219198644161 7.0948570370674124 16.51746366918087 124.70743953436613 110.2765189409256 27.205025352537632
leaf_count=3607 972 5318 11883 7996 1539 3694 18291 3109 66 33 77 688 535 114
internal_value=0 3.8714e-05 0.00026473 -0.00013019 -0.000655064 1.38302e-05 -2.84465e-05 0.000768435 -0.000961083 0.000435762 0.00129446 -0.00108531 -0.00134563 -0.000786999
internal_weight=0 11909.2 5093.45 6815.74 1106.66 3399.92 5709.08 1693.53 479.178 39.1345 32.0397 440.043 234.984 205.06
internal_count=57922 55437 24004 31433 5146 15577 26287 8427 2485 176 143 2309 1223 1086
is_linear=0
shrinkage=0.01


Tree=463
num_leaves=16
num_cat=0
split_feature=2 4 0 3 1 8 1 4 1 1 3 4 0 3 3
split_gain=4.59225 3.78469 3.97597 4.37897 3.66728 1.06366 0.750428 3.17293 0.73093 0.493611 4.09318 0.80525 0.167078 2.84962 0.952897
threshold=1.0000000180025095e-35 1.0000000180025095e-35 1.0000000180025095e-35 1.0000000180025095e-35 1.0000000180025095e-35 1.0000000180025095e-35 1.0000000180025095e-35 1.0000000180025095e-35 1.5000000000000002 1.0000000180025095e-35 1.0000000180025095e-35 1.0000000180025095e-35 1.0000000180025095e-35 1.0000000180025095e-35 1.0000000180025095e-35
decision_type=2 2 2 2 2 2 2 2 2 2 2 2 2 2 2
left_child=1 2 3 -1 -4 9 7 -7 -8 10 -2 -11 13 -3 -14
right_child=5 12 4 -5 -6 6 8 -9 -10 11 -12 -13 14 -15 -16
leaf_value=-0.00058252799255930059 -0.00089172248336906262 0.0012431559099331357 -0.0006473662144507791 0.00076377826718903533 7.8920096185221216e-05 0.00030894138864695622 -0.00088741938138814662 0.0081745914776717391 8.1234280688098403e-05 0.00049526299702358847 0.0019080624506266873 0.0011653132991741534 0.00022523186348383161 -0.0016462705980256219 0.0011513943300124458
leaf_weight=2602.1367060542107 149.2528849542141 209.43983291089535 792.41341935098171 266.31892524659634 5668.7170346230268 74.184832751750946 112.80638261139393 5.5093758553266516 251.75039085745811 1345.0840779542923 80.315976120531559 206.95124194025993 432.26098868250847 40.777714237570763 149.51346905529499
leaf_count=12507 797 901 3510 1188 24560 320 493 29 1102 7669 536 1581 1806 217 706
internal_value=0 -9.00718e-05 -0.000147704 -0.000457532 -1.01539e-05 0.000411432 -2.63368e-05 0.000852705 -0.0002185 0.000520592 8.77983e-05 0.000584609 0.000556187 0.000772269 0.000463252
internal_weight=0 10161.6 9329.59 2868.46 6461.13 2225.86 444.251 79.6942 364.557 1781.6 229.569 1552.04 831.992 250.218 581.774
internal_count=57922 45395 41765 13695 28070 12527 1944 349 1595 10583 1333 9250 3630 1118 2512
is_linear=0
shrinkage=0.01


Tree=464
num_leaves=16
num_cat=0
split_feature=8 2 1 7 6 0 6 1 4 5 1 3 1 3 4
split_gain=4.51794 3.93315 3.67255 6.06323 3.94405 1.79397 3.56203 4.20222 1.73308 1.76677 1.03856 0.927145 0.483993 4.01461 0.790503
threshold=1.0000000180025095e-35 1.0000000180025095e-35 1.5000000000000002 1.0000000180025095e-35 1.0000000180025095e-35 1.0000000180025095e-35 1.0000000180025095e-35 2.5000000000000004 1.0000000180025095e-35 1.0000000180025095e-35 1.5000000000000002 1.0000000180025095e-35 1.0000000180025095e-35 1.0000000180025095e-35 1.0000000180025095e-35
decision_type=2 2 2 2 2 2 2 2 2 2 2 2 2 2 2
left_child=1 2 3 -1 -4 6 10 -8 11 -10 -2 -7 13 -3 -14
right_child=5 12 4 -5 -6 8 7 -9 9 -11 -12 -13 14 -15 -16
leaf_value=-0.00014457007963554911 -0.0019001714641378301 -0.00088250679320153822 -0.00029580091139184484 0.00076945938525569627 0.0003514493191974238 -0.00049782712142591539 0.00069955899616938849 -0.0092227269834541485 0.00048393160231838332 0.0042137508696164687 -0.00093192817303812154 3.9399793406433529e-05 0.00049042102619256884 0.0018911375004235218 0.0011545344012469305
leaf_weight=1543.1154055446386 179.23028476536274 149.30307502299547 4292.5733891874552 1370.13136087358 1205.9402461946011 977.19215051829815 155.38410723209381 4.3888589143753043 93.915266364812851 14.686002016067503 290.06925262510777 478.56521824002266 1344.7824369668961 80.224885977804661 206.7953312844038
leaf_count=6783 928 797 18885 6055 5265 4634 723 23 401 77 1497 2068 7669 536 1581
internal_value=0 8.86374e-05 -1.75327e-06 0.000285308 -0.000153845 -0.000411663 -0.000862649 0.000427 -0.000230309 0.00098831 -0.00130171 -0.000321219 0.000515532 8.69407e-05 0.000578935
internal_weight=0 10192.9 8411.76 2913.25 5498.51 2193.43 629.073 159.773 1564.36 108.601 469.3 1455.76 1781.11 229.528 1551.58
internal_count=57922 47571 36988 12838 24150 10351 3171 746 7180 478 2425 6702 10583 1333 9250
is_linear=0
shrinkage=0.01


Tree=465
num_leaves=16
num_cat=0
split_feature=1 7 1 1 3 4 5 5 3 7 0 5 7 0 2
split_gain=4.4799 4.37791 6.1914 3.51366 4.53908 2.64188 2.61919 1.28033 0.806877 1.28502 2.79885 1.91062 0.337944 0.416379 0.296726
threshold=2.5000000000000004 1.0000000180025095e-35 1.5000000000000002 1.0000000180025095e-35 1.0000000180025095e-35 1.0000000180025095e-35 1.0000000180025095e-35 1.0000000180025095e-35 1.0000000180025095e-35 1.0000000180025095e-35 1.0000000180025095e-35 1.0000000180025095e-35 1.0000000180025095e-35 1.0000000180025095e-35 1.0000000180025095e-35
decision_type=2 2 2 2 2 2 2 2 2 2 2 2 2 2 2
left_child=1 3 7 4 -1 -4 -5 -3 12 10 -10 -11 14 -14 -2
right_child=8 2 5 6 -6 -7 -8 -9 9 11 -12 -13 13 -15 -16
leaf_value=-0.00106812900031839 -0.00062514544704792398 0.00092949659142500948 -6.9839608712016414e-05 -0.00010622777117131197 0.00032279508628904857 0.00094177445511210071 0.00055612231054854102 0.00032288179940069176 -0.0072348926334254871 0.0051676060404444021 0.00092539335762478162 -0.0016921882715086134 -0.00093372752608007759 -0.0017775409786106333 -0.0017466739155795981
leaf_weight=768.3780011087656 177.72345350682735 1203.4329914674163 3117.6924055069685 5030.4738600999117 337.74527986347675 281.4626462906599 677.42281776666641 489.43575691431761 5.6517846733331707 10.397839576005937 16.397579461336136 6.6615076065063468 124.60180322080851 110.19573314487934 27.200910605490208
leaf_count=3607 972 5334 14103 22711 1539 1474 3576 3093 27 43 72 34 688 535 114
internal_value=0 3.81825e-05 0.000260005 -0.000127583 -0.000643422 1.39258e-05 -2.76189e-05 0.000754114 -0.000948336 0.000428129 -0.00116629 0.00248892 -0.00107076 -0.00132975 -0.000774013
internal_weight=0 11906 5092.02 6814.02 1106.12 3399.16 5707.9 1692.87 478.831 39.1087 22.0494 17.0593 439.722 234.798 204.924
internal_count=57922 55437 24004 31433 5146 15577 26287 8427 2485 176 99 77 2309 1223 1086
is_linear=0
shrinkage=0.01


Tree=466
num_leaves=16
num_cat=0
split_feature=2 4 0 3 1 7 0 4 4 6 6 1 0 3 3
split_gain=4.42243 3.66339 3.859 4.25996 3.57972 1.01309 1.25446 1.45332 0.732878 0.603374 0.397464 0.390107 0.167103 2.80304 0.924353
threshold=1.0000000180025095e-35 1.0000000180025095e-35 1.0000000180025095e-35 1.0000000180025095e-35 1.0000000180025095e-35 1.0000000180025095e-35 1.0000000180025095e-35 1.0000000180025095e-35 1.0000000180025095e-35 1.0000000180025095e-35 1.0000000180025095e-35 2.5000000000000004 1.0000000180025095e-35 1.0000000180025095e-35 1.0000000180025095e-35
decision_type=2 2 2 2 2 2 2 2 2 2 2 2 2 2 2
left_child=1 2 3 -1 -4 6 7 -2 10 -10 -7 -8 13 -3 -14
right_child=5 12 4 -5 -6 8 11 -9 9 -11 -12 -13 14 -15 -16
leaf_value=-0.00057373001031872845 -0.00051424427808686882 0.0012308596103207477 -0.00063926279655059201 0.00075430347763340581 7.8414002910832435e-05 0.00043017910368290801 0.00044935074078560798 0.0012003953251750413 0.0010214129225889867 0.0028414222765289787 0.00094196873052917671 -0.0010453285746307738 0.0002201554938449388 -0.0016343841577055047 0.0011326008187280982
leaf_weight=2601.0401032269001 322.11175513267517 209.37814344465733 792.1411364376545 266.26506015658379 5668.0578122437 535.26978088915348 988.4640314206481 58.39425978064537 65.64246579259634 25.211469292640686 211.7848235219717 17.775761306285858 432.19664499163628 40.795899972319603 149.40649496018887
leaf_count=12507 1413 901 3510 1188 24560 3145 4957 409 537 284 1706 76 1806 217 706
internal_value=0 -8.83895e-05 -0.000145096 -0.000450406 -9.58659e-06 0.000403873 0.000237994 -0.000251108 0.000678405 0.00152646 0.000575268 0.000422946 0.000547511 0.000763624 0.000454551
internal_weight=0 10159.3 9327.5 2867.31 6460.2 2224.65 1386.75 380.506 837.909 90.8539 747.055 1006.24 831.777 250.174 581.603
internal_count=57922 45395 41765 13695 28070 12527 6855 1822 5672 821 4851 5033 3630 1118 2512
is_linear=0
shrinkage=0.01


Tree=467
num_leaves=16
num_cat=0
split_feature=8 1 6 5 7 5 1 0 6 1 4 5 6 1 3
split_gain=4.38011 3.79527 5.39408 5.88033 5.06816 3.83151 2.93479 1.73082 3.48536 4.12303 1.68852 1.72919 1.26751 1.015 0.897878
threshold=1.0000000180025095e-35 1.5000000000000002 1.0000000180025095e-35 1.0000000180025095e-35 1.0000000180025095e-35 1.0000000180025095e-35 1.0000000180025095e-35 1.0000000180025095e-35 1.0000000180025095e-35 2.5000000000000004 1.0000000180025095e-35 1.0000000180025095e-35 1.0000000180025095e-35 1.5000000000000002 1.0000000180025095e-35
decision_type=2 2 2 2 2 2 2 2 2 2 2 2 2 2 2
left_child=1 4 3 -3 6 -4 -1 8 13 -10 14 -12 -6 -2 -9
right_child=7 2 5 -5 12 -7 -8 10 9 -11 11 -13 -14 -15 -16
leaf_value=-0.00050201350445834277 -0.0018752191196597832 -0.00031650213385681054 0.00086992984179688076 0.00090512452465396685 0.0009369909278189076 -0.00017924025013382064 0.00029796103118835243 -0.00049085908600493989 0.00069644983177559623 -0.0091563827135398741 0.00047731641823620954 0.0041711796655143534 0.00035351030657366188 -0.00091755013808137939 3.7856966450331647e-05
leaf_weight=731.71905656158924 179.02056364715099 4625.5816589146852 921.83076441287994 430.71618463099003 1139.4657222256064 559.25051944702864 1228.57856798172 976.91624642908573 155.37670128047466 4.3664677739143363 93.908420979976654 14.650113001465796 552.98379202187061 289.87108813226223 478.53331609070301
leaf_count=3343 928 20690 3977 2292 5318 3193 5649 4634 723 23 401 77 3109 1497 2068
internal_value=0 8.72829e-05 -5.69749e-05 -0.000212439 0.000345463 0.000473767 -6.44959e-07 -0.000405412 -0.000848574 0.00042713 -0.000227288 0.000975808 0.000746347 -0.00128318 -0.000317024
internal_weight=0 10190.1 6537.38 5056.3 3652.75 1481.08 1960.3 2192.64 628.635 159.743 1564.01 108.559 1692.45 468.892 1455.45
internal_count=57922 47571 30152 22982 17419 7170 8992 10351 3171 746 7180 478 8427 2425 6702
is_linear=0
shrinkage=0.01


Tree=468
num_leaves=15
num_cat=0
split_feature=1 7 1 1 3 6 0 5 3 8 6 7 0 2
split_gain=4.34792 4.20394 5.93749 3.35341 4.42475 2.56767 2.5258 1.25295 0.782733 1.26262 0.835077 0.336264 0.414339 0.288988
threshold=2.5000000000000004 1.0000000180025095e-35 1.5000000000000002 1.0000000180025095e-35 1.0000000180025095e-35 1.0000000180025095e-35 1.0000000180025095e-35 1.0000000180025095e-35 1.0000000180025095e-35 1.0000000180025095e-35 1.0000000180025095e-35 1.0000000180025095e-35 1.0000000180025095e-35 1.0000000180025095e-35
decision_type=2 2 2 2 2 2 2 2 2 2 2 2 2 2
left_child=1 3 7 4 -1 -4 -5 -3 11 10 -10 13 -13 -2
right_child=8 2 5 6 -6 -7 -8 -9 9 -11 -12 12 -14 -15
leaf_value=-0.0010484275030842782 -0.00061214655439081227 0.00091250094455191575 -0.0001282769017186416 -0.00035830218648515318 0.00032501640509022717 0.00054494928106732824 0.0001064811261142051 0.00031224272750104363 -0.00039914283891167381 -0.0034001746616435435 0.0028318864391334219 -0.00091846830721026642 -0.0017605398565076517 -0.0017191037448073337
leaf_weight=767.92200481891632 177.59496518969536 1203.0669579803944 2680.1686525344849 1641.225702688098 337.72888482362032 718.36873067170382 4065.5785494372249 489.12056547403336 15.521609455347059 7.0811501294374457 16.50528722256422 124.49696422368288 110.11651210486889 27.195492267608643
leaf_count=3607 972 5334 11883 7996 1539 3694 18291 3093 66 33 77 688 535 114
internal_value=0 3.76122e-05 0.000255012 -0.000124843 -0.000628899 1.40269e-05 -2.71864e-05 0.000738999 -0.000934581 0.000421105 0.00126599 -0.00105524 -0.0013137 -0.000759147
internal_weight=0 11903.2 5090.72 6812.46 1105.65 3398.54 5706.8 1692.19 478.512 39.108 32.0269 439.404 234.613 204.79
internal_count=57922 55437 24004 31433 5146 15577 26287 8427 2485 176 143 2309 1223 1086
is_linear=0
shrinkage=0.01


Tree=469
num_leaves=16
num_cat=0
split_feature=2 4 8 1 1 8 1 4 1 1 3 4 0 3 3
split_gain=4.32612 3.57674 3.72597 3.56619 2.21752 0.969962 0.753204 3.1147 0.717729 0.458442 3.89037 0.757914 0.168548 2.75671 0.897807
threshold=1.0000000180025095e-35 1.0000000180025095e-35 1.0000000180025095e-35 1.5000000000000002 1.0000000180025095e-35 1.0000000180025095e-35 1.0000000180025095e-35 1.0000000180025095e-35 1.5000000000000002 1.0000000180025095e-35 1.0000000180025095e-35 1.0000000180025095e-35 1.0000000180025095e-35 1.0000000180025095e-35 1.0000000180025095e-35
decision_type=2 2 2 2 2 2 2 2 2 2 2 2 2 2 2
left_child=1 2 3 -1 -4 9 7 -7 -8 10 -2 -11 13 -3 -14
right_child=5 12 4 -5 -6 6 8 -9 -10 11 -12 -13 14 -15 -16
leaf_value=0.00024411400593517276 -0.0008670089556426264 0.0012216042402042305 -0.0013935063266021419 -0.00020825187867346429 -0.00041098882526677835 0.00032440483928258108 -0.00087388959100850459 0.0081306712286028909 8.603604152981202e-05 0.00047895944745083761 0.0018649410895872224 0.0011298088149198737 0.00021661950336882864 -0.0016191984935449569 0.0011160844963467064
leaf_weight=2667.2570423483849 149.32366152107716 209.32694311439991 276.65037088096142 5027.5833469480276 1353.9601455181837 74.16665543615818 112.79798324406147 5.4896009415388098 251.69218878448009 1343.8093203529716 80.07808817923069 206.40095011144876 432.14847554266453 40.820694550871849 149.31528444588184
leaf_count=11720 797 901 1381 22126 6538 320 493 29 1102 7669 536 1581 1806 217 706
internal_value=0 -8.74256e-05 -0.000143464 -5.14486e-05 -0.000577683 0.000399538 -1.85169e-05 0.000862383 -0.00021103 0.000503874 8.66426e-05 0.000565616 0.000540972 0.000758024 0.000447595
internal_weight=0 10157.1 9325.45 7694.84 1630.61 2223.76 444.146 79.6563 364.49 1779.61 229.402 1550.21 831.611 250.148 581.464
internal_count=57922 45395 41765 33846 7919 12527 1944 349 1595 10583 1333 9250 3630 1118 2512
is_linear=0
shrinkage=0.01


Tree=470
num_leaves=16
num_cat=0
split_feature=1 7 1 1 3 6 5 6 3 7 0 5 7 0 2
split_gain=4.25372 4.09762 5.76523 3.27743 4.31127 2.5149 2.50503 1.23344 0.766704 1.25021 2.73786 1.88354 0.330204 0.406635 0.286518
threshold=2.5000000000000004 1.0000000180025095e-35 1.5000000000000002 1.0000000180025095e-35 1.0000000180025095e-35 1.0000000180025095e-35 1.0000000180025095e-35 1.0000000180025095e-35 1.0000000180025095e-35 1.0000000180025095e-35 1.0000000180025095e-35 1.0000000180025095e-35 1.0000000180025095e-35 1.0000000180025095e-35 1.0000000180025095e-35
decision_type=2 2 2 2 2 2 2 2 2 2 2 2 2 2 2
left_child=1 3 7 4 -1 -4 -5 -3 12 10 -10 -11 14 -14 -2
right_child=8 2 5 6 -6 -7 -8 -9 9 11 -12 -13 13 -15 -16
leaf_value=-0.0010358111014460668 -0.00060420907010524006 0.00091690817963622649 -0.00012644823487442891 -0.00010353719333094993 0.00032012913465012378 0.00053988848941132351 0.0005443895184389678 0.00034119094462180819 -0.0071604511780928009 0.0051108222482767873 0.00091341671797602565 -0.0017017012511808237 -0.00090867716644059317 -0.0017431403936239715 -0.0017064934220505543
leaf_weight=767.63652998209 177.52022118866444 1139.1028837710619 2679.9832703322172 5029.2081814706326 337.62366726994514 718.2045539021492 677.03538835048676 552.69569071382284 5.6473083347082165 10.392915442585947 16.388021275401115 6.6586190015077582 124.43257868289948 110.0387114584446 27.193368181586266
leaf_count=3607 972 5318 11883 22711 1539 3694 3576 3109 27 43 72 34 688 535 114
internal_value=0 3.71984e-05 0.000251847 -0.000123201 -0.000621612 1.43816e-05 -2.66619e-05 0.000728826 -0.00092464 0.000417459 -0.00115579 0.00245053 -0.00104409 -0.0013003 -0.000750632
internal_weight=0 11901.5 5089.99 6811.5 1105.26 3398.19 5706.24 1691.8 478.272 39.0869 22.0353 17.0515 439.185 234.471 204.714
internal_count=57922 55437 24004 31433 5146 15577 26287 8427 2485 176 99 77 2309 1223 1086
is_linear=0
shrinkage=0.01


Tree=471
num_leaves=16
num_cat=0
split_feature=2 4 0 3 1 8 1 4 1 1 3 4 0 3 3
split_gain=4.23594 3.50155 3.69 4.12264 3.42699 0.94266 0.744728 3.06674 0.704613 0.444884 3.79272 0.743582 0.165442 2.70732 0.872995
threshold=1.0000000180025095e-35 1.0000000180025095e-35 1.0000000180025095e-35 1.0000000180025095e-35 1.0000000180025095e-35 1.0000000180025095e-35 1.0000000180025095e-35 1.0000000180025095e-35 1.5000000000000002 1.0000000180025095e-35 1.0000000180025095e-35 1.0000000180025095e-35 1.0000000180025095e-35 1.0000000180025095e-35 1.0000000180025095e-35
decision_type=2 2 2 2 2 2 2 2 2 2 2 2 2 2 2
left_child=1 2 3 -1 -4 9 7 -7 -8 10 -2 -11 13 -3 -14
right_child=5 12 4 -5 -6 6 8 -9 -10 11 -12 -13 14 -15 -16
leaf_value=-0.00056198813286885928 -0.0008536713848528555 0.00120996229947323 -0.00062576818693546783 0.00074467974047337309 7.6644256590535325e-05 0.00032642170916320887 -0.00086481147279813208 0.0080853477504516519 8.6259453219073221e-05 0.00047331878485611513 0.001844801499088256 0.0011182383752359165 0.0002150402457970718 -0.0016046541978795242 0.0011021645674998285
leaf_weight=2599.4255808889866 149.37624470889568 209.27989663183689 791.61763541400433 266.18559885025024 5666.9682479053736 74.160283356904984 112.81459839642048 5.4699115753173819 251.68380238115788 1343.3795541152358 79.969471886754036 206.22410771995783 432.11595053970814 40.844120010733604 149.23968037962914
leaf_count=12507 797 901 3510 1188 24560 320 493 29 1102 7669 536 1581 1806 217 706
internal_value=0 -8.65095e-05 -0.000141959 -0.000440612 -9.44921e-06 0.000395418 -1.67059e-05 0.000859393 -0.000208103 0.000498308 8.72463e-05 0.000559146 0.000535298 0.000750348 0.000442774
internal_weight=0 10155.7 9324.2 2865.61 6458.59 2223.08 444.129 79.6302 364.498 1778.95 229.346 1549.6 831.48 250.124 581.356
internal_count=57922 45395 41765 13695 28070 12527 1944 349 1595 10583 1333 9250 3630 1118 2512
is_linear=0
shrinkage=0.01


Tree=472
num_leaves=15
num_cat=0
split_feature=1 8 2 1 6 1 0 3 8 6 1 7 0 2
split_gain=4.16145 4.01437 3.28841 2.53137 1.82815 3.42049 3.08023 0.746593 1.23016 0.833054 0.489748 0.323743 0.404064 0.284114
threshold=2.5000000000000004 1.0000000180025095e-35 1.0000000180025095e-35 1.5000000000000002 1.0000000180025095e-35 1.5000000000000002 1.0000000180025095e-35 1.0000000180025095e-35 1.0000000180025095e-35 1.0000000180025095e-35 1.0000000180025095e-35 1.0000000180025095e-35 1.0000000180025095e-35 1.0000000180025095e-35
decision_type=2 2 2 2 2 2 2 2 2 2 2 2 2 2
left_child=1 2 3 -1 6 -6 -3 11 9 -9 -4 13 -13 -2
right_child=7 4 10 -5 5 -7 -8 8 -10 -11 -12 12 -14 -15
leaf_value=0.00027260862016668632 -0.00059624285599203341 -0.0012555042081034728 8.6393498090864409e-05 -9.6571859198333799e-05 -0.00068243100262624519 0.00074398993925645378 -0.00025284746847370151 -0.00041965103122240118 -0.0033654466579808441 0.0028079112786993194 0.00058244264098071151 -0.00089598204554880141 -0.001728069784622541 -0.0016939627161954274
leaf_weight=2911.8283565044403 177.44382925331593 440.28765046596527 229.30558412522078 5128.3758362829685 317.64633378386497 357.10060632228851 1007.5150891691446 15.521626010537146 7.0708364546298972 16.49575812369585 1507.5563546568155 124.34828523546457 109.97212019562721 27.19124024361372
leaf_count=12838 972 2261 1333 22225 1446 1595 4675 66 33 77 9064 688 535 114
internal_value=0 3.67899e-05 0.000122369 3.713e-05 -0.000357411 7.24828e-05 -0.000557763 -0.000914781 0.000409546 0.00124323 0.000516953 -0.00103271 -0.0012865 -0.000742104
internal_weight=0 11899.6 9777.07 8040.2 2122.55 674.747 1447.8 478.044 39.0882 32.0174 1736.86 438.955 234.32 204.635
internal_count=57922 55437 45460 35063 9977 3041 6936 2485 176 143 10397 2309 1223 1086
is_linear=0
shrinkage=0.01


Tree=473
num_leaves=16
num_cat=0
split_feature=2 4 0 3 1 7 0 4 4 6 6 1 0 3 3
split_gain=4.08743 3.43153 3.59114 4.03011 3.3725 0.91627 1.19395 1.39179 0.705282 0.59214 0.378437 0.361192 0.162726 2.65642 0.854598
threshold=1.0000000180025095e-35 1.0000000180025095e-35 1.0000000180025095e-35 1.0000000180025095e-35 1.0000000180025095e-35 1.0000000180025095e-35 1.0000000180025095e-35 1.0000000180025095e-35 1.0000000180025095e-35 1.0000000180025095e-35 1.0000000180025095e-35 2.5000000000000004 1.0000000180025095e-35 1.0000000180025095e-35 1.0000000180025095e-35
decision_type=2 2 2 2 2 2 2 2 2 2 2 2 2 2 2
left_child=1 2 3 -1 -4 6 7 -2 10 -10 -7 -8 13 -3 -14
right_child=5 12 4 -5 -6 8 11 -9 9 -11 -12 -13 14 -15 -16
leaf_value=-0.00055458193748242682 -0.00050384977179544364 0.0011993877379937005 -0.00062058850980641718 0.00073742641036808393 7.6249340566160472e-05 0.00040712606971349898 0.00043670780584249114 0.0011754669678995435 0.00098278818199896371 0.0027899731824650937 0.00090706764505922013 -0.0010018281062111323 0.00021355188474036507 -0.0015878913730181736 0.0010914087056518344
leaf_weight=2598.6419814527035 322.03462532162666 209.23729893565178 791.53790983557701 266.15437264740467 5666.8242272436619 534.54140181839466 987.75137060135603 58.284790650010109 65.446624025702477 25.078475788235664 211.24598827958107 17.768056198954582 432.0990217924118 40.872068494558334 149.18232735991478
leaf_count=12507 1413 901 3510 1188 24560 3145 4957 409 537 284 1706 76 1806 217 706
internal_value=0 -8.49735e-05 -0.000139869 -0.000434548 -9.15522e-06 0.000388516 0.000230772 -0.000246491 0.000649911 0.00148344 0.000548736 0.000411288 0.000530618 0.0007439 0.000438849
internal_weight=0 10154.5 9323.16 2864.8 6458.36 2222.15 1385.84 380.319 836.312 90.5251 745.787 1005.52 831.391 250.109 581.281
internal_count=57922 45395 41765 13695 28070 12527 6855 1822 5672 821 4851 5033 3630 1118 2512
is_linear=0
shrinkage=0.01


Tree=474
num_leaves=16
num_cat=0
split_feature=1 7 1 1 3 4 5 5 3 7 0 5 7 0 2
split_gain=4.06477 3.97306 5.61243 3.13093 4.18299 2.44552 2.41317 1.2349 0.727196 1.21552 2.68861 1.85571 0.319274 0.401422 0.275708
threshold=2.5000000000000004 1.0000000180025095e-35 1.5000000000000002 1.0000000180025095e-35 1.0000000180025095e-35 1.0000000180025095e-35 1.0000000180025095e-35 1.0000000180025095e-35 1.0000000180025095e-35 1.0000000180025095e-35 1.0000000180025095e-35 1.0000000180025095e-35 1.0000000180025095e-35 1.0000000180025095e-35 1.0000000180025095e-35
decision_type=2 2 2 2 2 2 2 2 2 2 2 2 2 2 2
left_child=1 3 7 4 -1 -4 -5 -3 12 10 -10 -11 14 -14 -2
right_child=8 2 5 6 -6 -7 -8 -9 9 11 -12 -13 13 -15 -16
leaf_value=-0.0010170523732368401 -0.00058838335129891167 0.00089072912670742704 -6.7138329305240526e-05 -0.00010269995449428651 0.00031884973460654845 0.00090687716834487488 0.00053340066643160723 0.00029453651241331076 -0.0070996565964182891 0.0050492038801530758 0.00090257875147987129 -0.0017145213604819784 -0.00088350513294852744 -0.0017131311008732478 -0.0016698289890728305
leaf_weight=767.15829291939735 177.36847026646137 1202.5042425245047 3116.1927578151226 5028.1528176963329 337.50715297460556 281.02057120203972 676.65624307841063 488.58440936356783 5.6457454860210445 10.388427793979647 16.380028262734413 6.6549386382102957 124.26470514386892 109.90590643882751 27.188006266951561
leaf_count=3607 972 5334 14103 22711 1539 1474 3576 3093 27 43 72 34 688 535 114
internal_value=0 3.63562e-05 0.000247754 -0.000121608 -0.000608896 1.34331e-05 -2.72511e-05 0.000718479 -0.000904333 0.000402995 -0.00114859 0.00240817 -0.00102075 -0.00127288 -0.00073212
internal_weight=0 11897.8 5088.3 6809.47 1104.67 3397.21 5704.81 1691.09 477.796 39.0691 22.0258 17.0434 438.727 234.171 204.556
internal_count=57922 55437 24004 31433 5146 15577 26287 8427 2485 176 99 77 2309 1223 1086
is_linear=0
shrinkage=0.01


Tree=475
num_leaves=16
num_cat=0
split_feature=2 8 1 7 6 1 6 5 7 0 4 4 1 6 1
split_gain=4.00292 3.34745 3.25795 5.32842 3.59669 2.44152 2.06554 1.58357 0.882858 1.16684 1.36156 0.68528 0.58481 0.371339 0.347841
threshold=1.0000000180025095e-35 1.0000000180025095e-35 1.5000000000000002 1.0000000180025095e-35 1.0000000180025095e-35 1.0000000180025095e-35 1.0000000180025095e-35 1.0000000180025095e-35 1.0000000180025095e-35 1.0000000180025095e-35 1.0000000180025095e-35 1.0000000180025095e-35 1.0000000180025095e-35 1.0000000180025095e-35 2.5000000000000004
decision_type=2 2 2 2 2 2 2 2 2 2 2 2 2 2 2
left_child=1 2 3 -1 -4 7 -7 -3 9 10 -2 13 -13 -10 -11
right_child=8 5 4 -5 -6 6 -8 -9 11 14 -12 12 -14 -15 -16
leaf_value=-0.00013397001507899859 -0.00049657991881232118 -0.00114635244435263 -0.00028023857532496327 0.00072315392695786423 0.00033799372815519177 -0.00056098502741527552 0.00026205037373506129 -0.0045291055360999841 0.00040124961987125362 0.00043313904750226826 0.0011649049236365384 -0.0013151723464006782 0.0016964573951020513 0.00089663956654565443 -0.00097860614423501057
leaf_weight=1542.1931984275579 322.04274056851864 279.09716990590096 4289.6883032023907 1369.237745642662 1205.4617995917797 1017.5886140912771 435.39682932198048 14.560741797089575 534.36054160445929 987.5774988681078 58.242322206497192 6.9881537705659857 83.386736482381821 211.08494241535664 17.766912043094635
leaf_count=6783 1413 1394 18885 6055 5265 5019 1934 60 3145 4957 409 64 757 1706 76
internal_value=0 -8.40898e-05 -1.32463e-06 0.000269133 -0.000144618 -0.000482438 -0.000314357 -0.00131408 0.000384546 0.000229714 -0.000242116 0.000641227 0.00146359 0.000541527 0.00040819
internal_weight=0 10153.2 8406.58 2911.43 5495.15 1746.64 1452.99 293.658 2221.45 1385.63 380.285 835.82 90.3749 745.445 1005.34
internal_count=57922 45395 36988 12838 24150 8407 6953 1454 12527 6855 1822 5672 821 4851 5033
is_linear=0
shrinkage=0.01


Tree=476
num_leaves=15
num_cat=0
split_feature=1 7 1 4 6 6 6 6 3 8 6 7 0 2
split_gain=3.9651 3.82041 5.38659 3.07427 4.40414 2.38975 1.21655 1.11835 0.71144 1.19747 0.828357 0.31542 0.39424 0.267924
threshold=2.5000000000000004 1.0000000180025095e-35 1.5000000000000002 1.0000000180025095e-35 1.0000000180025095e-35 1.0000000180025095e-35 1.0000000180025095e-35 1.0000000180025095e-35 1.0000000180025095e-35 1.0000000180025095e-35 1.0000000180025095e-35 1.0000000180025095e-35 1.0000000180025095e-35 1.0000000180025095e-35
decision_type=2 2 2 2 2 2 2 2 2 2 2 2 2 2
left_child=1 3 6 4 -1 -4 -3 -5 11 10 -10 13 -13 -2
right_child=8 2 5 7 -6 -7 -8 -9 9 -11 -12 12 -14 -15
leaf_value=-0.00036250922700985103 -0.00057993629627448322 0.00089127261033076219 -0.00012361572523081292 0.00081255449001399211 0.00022033919604264127 0.00052613620332421333 0.00031925213745739558 -0.00010291169589426981 -0.00043600912382203114 -0.0033277870947365194 0.0027828161036845072 -0.00087334193532541686 -0.001695777835188535 -0.0016460935085375621
leaf_weight=4315.7776528149843 177.28986948728561 1138.4680665954947 2679.1354818493128 449.79565847665071 1853.0895411670208 717.68806950747967 552.09867805242538 189.72959772497416 15.522498115897177 7.0611252635717383 16.486880019307137 124.1970371901989 109.82543610036373 27.184747375547886
leaf_count=20025 972 5318 11883 2078 8324 3694 3109 1006 66 33 77 688 535 114
internal_value=0 3.59051e-05 0.000243221 -0.000119006 -0.000187425 1.36652e-05 0.000704464 0.000540961 -0.000893397 0.000399639 0.00122189 -0.00100861 -0.00125931 -0.000721681
internal_weight=0 11895.8 5087.39 6808.39 6168.87 3396.82 1690.57 639.525 477.568 39.0705 32.0094 438.497 234.022 204.475
internal_count=57922 55437 24004 31433 28349 15577 8427 3084 2485 176 143 2309 1223 1086
is_linear=0
shrinkage=0.01


Tree=477
num_leaves=16
num_cat=0
split_feature=2 4 0 3 1 8 1 4 1 1 3 4 0 3 3
split_gain=3.91902 3.29299 3.48767 3.91158 3.27677 0.866548 0.739377 3.00829 0.690111 0.421229 3.69256 0.689274 0.159562 2.6082 0.832229
threshold=1.0000000180025095e-35 1.0000000180025095e-35 1.0000000180025095e-35 1.0000000180025095e-35 1.0000000180025095e-35 1.0000000180025095e-35 1.0000000180025095e-35 1.0000000180025095e-35 1.5000000000000002 1.0000000180025095e-35 1.0000000180025095e-35 1.0000000180025095e-35 1.0000000180025095e-35 1.0000000180025095e-35 1.0000000180025095e-35
decision_type=2 2 2 2 2 2 2 2 2 2 2 2 2 2 2
left_child=1 2 3 -1 -4 9 7 -7 -8 10 -2 -11 13 -3 -14
right_child=5 12 4 -5 -6 6 8 -9 -10 11 -12 -13 14 -15 -16
leaf_value=-0.00054575882219208539 -0.00084873853549444558 0.0011826808080081421 -0.00061101330689655969 0.00072728974759108344 7.6013018154991527e-05 0.00033165820286708666 -0.00085517661114773715 0.0080314931900151293 8.609666824988148e-05 0.00045595353779691458 0.0018156932252231903 0.0010777396115584624 0.00020672503927919781 -0.0015788932335630221 0.0010732619582308792
leaf_weight=2597.4495386630297 149.35336571186781 209.16413681209087 791.16364553570747 266.08318480849266 5665.7660745531321 74.146367564797401 112.8153954744339 5.4468121081590644 251.60944478213787 1341.9828486144543 79.807493321597576 205.59671752899885 432.02425199747086 40.885237514972687 149.07779884338379
leaf_count=12507 797 901 3510 1188 24560 320 493 29 1102 7669 536 1581 1806 217 706
internal_value=0 -8.32055e-05 -0.000136989 -0.000427465 -8.1679e-06 0.000380558 -1.45874e-05 0.000858582 -0.000205294 0.000479308 7.91757e-05 0.000538558 0.000519918 0.00073114 0.000429029
internal_weight=0 10151.6 9320.46 2863.53 6456.93 2220.76 444.018 79.5932 364.425 1776.74 229.161 1547.58 831.151 250.049 581.102
internal_count=57922 45395 41765 13695 28070 12527 1944 349 1595 10583 1333 9250 3630 1118 2512
is_linear=0
shrinkage=0.01


Tree=478
num_leaves=16
num_cat=0
split_feature=1 8 2 1 6 1 0 3 7 0 5 1 7 0 2
split_gain=3.87922 3.77056 3.0207 2.37937 1.72599 3.3032 2.96961 0.692582 1.18291 2.63972 1.83116 0.462394 0.309235 0.391683 0.26568
threshold=2.5000000000000004 1.0000000180025095e-35 1.0000000180025095e-35 1.5000000000000002 1.0000000180025095e-35 1.5000000000000002 1.0000000180025095e-35 1.0000000180025095e-35 1.0000000180025095e-35 1.0000000180025095e-35 1.0000000180025095e-35 1.0000000180025095e-35 1.0000000180025095e-35 1.0000000180025095e-35 1.0000000180025095e-35
decision_type=2 2 2 2 2 2 2 2 2 2 2 2 2 2 2
left_child=1 2 3 -1 6 -6 -3 12 9 -9 -10 -4 14 -14 -2
right_child=7 4 11 -5 5 -7 -8 8 10 -11 -12 -13 13 -15 -16
leaf_value=0.00026512930618841839 -0.00057226554585849997 -0.0012271281176722947 7.8401609381716417e-05 -9.2848324933017832e-05 -0.00067102909427180116 0.00073086146317511954 -0.00024207413079336456 -0.0070368867935977509 0.0049948264228977272 0.00089418814310478125 -0.0017255485899721318 0.00056060887928214393 -0.00086108032209384028 -0.0016810991769030878 -0.001634013322735238
leaf_weight=2910.8946478366852 177.21631492674351 439.65290279686451 229.12182046473026 5127.0980500727892 317.5152131319046 357.11404699087143 1007.0356865376234 5.643091261386874 10.383738219738008 16.371392324566841 6.6518396213650695 1505.5533662810922 124.1156690120697 109.7605040371418 27.182605840265751
leaf_count=12838 972 2261 1333 22225 1446 1595 4675 27 43 72 34 9064 688 535 114
internal_value=0 3.55106e-05 0.000118464 3.67904e-05 -0.000346647 7.10597e-05 -0.000541435 -0.000883899 0.00039222 -0.00113883 0.00237074 0.000496917 -0.0009976 -0.00124592 -0.000713465
internal_weight=0 11894 9772.67 8037.99 2121.32 674.629 1446.69 477.325 39.0501 22.0145 17.0356 1734.68 438.275 233.876 204.399
internal_count=57922 55437 45460 35063 9977 3041 6936 2485 176 99 77 10397 2309 1223 1086
is_linear=0
shrinkage=0.01


Tree=479
num_leaves=15
num_cat=0
split_feature=8 1 6 5 7 5 1 3 1 2 6 5 1 2
split_gain=3.80681 3.29251 4.87299 5.61872 4.37432 3.86187 2.62077 1.55999 1.63345 1.85098 1.81449 1.20773 0.807203 0.125169
threshold=1.0000000180025095e-35 1.5000000000000002 1.0000000180025095e-35 1.0000000180025095e-35 1.0000000180025095e-35 1.0000000180025095e-35 1.0000000180025095e-35 1.0000000180025095e-35 1.0000000180025095e-35 1.0000000180025095e-35 1.0000000180025095e-35 1.0000000180025095e-35 2.5000000000000004 1.0000000180025095e-35
decision_type=2 2 2 2 2 2 2 2 2 2 2 2 2 2
left_child=1 4 3 -3 6 -4 -1 8 9 -2 -10 -6 13 -9
right_child=7 2 5 -5 11 -7 -8 12 10 -11 -12 -13 -14 -15
leaf_value=-0.00047362645444213019 -0.0016840704586993716 -0.00030260229220958657 0.00084943490151821147 0.00089210414981991267 0.00086509340453564342 -0.00020449733488141865 0.00028263109753621796 2.3783211756652637e-05 -0.0005912026384230812 0.00045654372004368094 0.00029867598529371184 0.00027522780474030501 -0.0032951301525139275 0.00036626784125065755
leaf_weight=731.0598581880331 207.64278492331505 4621.6914555281401 921.23795168846846 430.30584574490786 1202.0136042386293 558.42248294502497 1227.8870065882802 428.97070626914501 1061.6847208440304 50.151167809963226 292.19824655354023 488.03826618939638 7.0518918484449378 142.0487846583128
leaf_count=3343 1093 20690 3977 2292 5334 3193 5649 1790 5195 208 1341 3093 33 691
internal_value=0 8.1394e-05 -5.30219e-05 -0.000200843 0.000321997 0.000451682 4.03157e-07 -0.000378214 -0.000538065 -0.00126764 -0.000399147 0.000694757 6.74541e-05 0.000108981
internal_weight=0 10180.7 6531.66 5052 3649 1479.66 1958.95 2189.75 1611.68 257.794 1353.88 1690.05 578.071 571.019
internal_count=57922 47571 30152 22982 17419 7170 8992 10351 7837 1301 6536 8427 2514 2481
is_linear=0
shrinkage=0.01


Tree=480
num_leaves=16
num_cat=0
split_feature=4 0 5 6 1 2 7 3 0 3 1 1 1 3 7
split_gain=3.79955 4.71069 6.8331 3.52035 3.06978 2.80118 0.8108 0.780791 0.724592 1.01359 2.22516 1.99189 0.695374 0.859433 0.647981
threshold=1.0000000180025095e-35 1.0000000180025095e-35 1.0000000180025095e-35 1.0000000180025095e-35 2.5000000000000004 1.0000000180025095e-35 1.0000000180025095e-35 1.0000000180025095e-35 1.0000000180025095e-35 1.0000000180025095e-35 1.0000000180025095e-35 1.0000000180025095e-35 1.5000000000000002 1.0000000180025095e-35 1.0000000180025095e-35
decision_type=2 2 2 2 2 2 2 2 2 2 2 2 2 2 2
left_child=1 2 3 -1 5 -3 -6 -4 9 11 -11 -2 13 -10 -14
right_child=8 4 7 -5 6 -7 -8 -9 12 10 -12 -13 14 -15 -16
leaf_value=-0.00065220014487336029 0.0037527315687976986 2.1378037849603874e-05 0.0015722174266882677 0.00026107420797937697 -0.00047733776243419416 0.00051641617397702193 -0.0017470948004204762 0.00053720310833027193 -0.00041523771296548363 -0.0051026184563043369 0.00052560761556435511 0.00092260648687987645 0.00029026688023465113 0.00080902874303582356 0.0010166066664443847
leaf_weight=2599.0478735864162 27.640961237251759 6274.4515880942345 157.51186989247799 503.89859230816364 96.535569354891777 1397.6673001274467 104.97342754155397 135.65956269949675 179.73977936804295 8.0821875259280187 53.679114565253258 247.95417429506779 278.90117578208447 84.20250141620636 219.47919105738401
leaf_count=12453 144 27159 917 2203 485 7813 511 798 868 52 366 1262 1290 493 1108
internal_value=0 -5.4712e-05 -0.000366013 -0.00050389 7.95611e-05 0.000111562 -0.0011388 0.00109328 0.000561104 0.000946972 -0.000210911 0.00120646 0.000390343 -2.46739e-05 0.000610136
internal_weight=0 11269.7 3396.12 3102.95 7873.63 7672.12 201.509 293.171 1099.68 337.356 61.7613 275.595 762.323 263.942 498.38
internal_count=57922 52339 16371 14656 35968 34972 996 1715 5583 1824 418 1406 3759 1361 2398
is_linear=0
shrinkage=0.01


Tree=481
num_leaves=15
num_cat=0
split_feature=8 1 6 5 7 5 1 3 1 2 6 6 1 2
split_gain=3.73334 3.21394 4.72997 5.46286 4.28822 3.79504 2.56782 1.52058 1.6054 1.81022 1.76674 1.19903 0.789806 0.119727
threshold=1.0000000180025095e-35 1.5000000000000002 1.0000000180025095e-35 1.0000000180025095e-35 1.0000000180025095e-35 1.0000000180025095e-35 1.0000000180025095e-35 1.0000000180025095e-35 1.0000000180025095e-35 1.0000000180025095e-35 1.0000000180025095e-35 1.0000000180025095e-35 2.5000000000000004 1.0000000180025095e-35
decision_type=2 2 2 2 2 2 2 2 2 2 2 2 2 2
left_child=1 4 3 -3 6 -4 -1 8 9 -2 -10 -6 13 -9
right_child=7 2 5 -5 11 -7 -8 12 10 -11 -12 -13 -14 -15
leaf_value=-0.00046932347878935913 -0.0016681448823887347 -0.00029818814312079767 0.00083937771794720688 0.00088012950815362975 0.00087295193713075511 -0.00020544486394112715 0.00027929582136254546 2.3160153414905744e-05 -0.00058431368456687003 0.00044904502713573341 0.00029377702047878171 0.00030489179331552152 -0.0032626211455593413 0.00035815943274296693
leaf_weight=730.97639181464911 207.46410427987576 4620.9829625934362 921.13649119436741 430.07428024709225 1137.9547959119081 558.37464174628258 1227.7772809639573 428.96913608908653 1061.356917321682 50.145431607961655 292.22366489470005 551.72123670578003 7.043987274169921 142.00057838857174
leaf_count=3343 1093 20690 3977 2292 5318 3193 5649 1790 5195 208 1341 3109 33 691
internal_value=0 8.0608e-05 -5.2206e-05 -0.00019786 0.000318341 0.000445057 -7.72527e-08 -0.000374596 -0.000532451 -0.00125602 -0.000394743 0.000687466 6.54171e-05 0.000106475
internal_weight=0 10179 6530.57 5051.06 3648.43 1479.51 1958.75 2189.2 1611.19 257.61 1353.58 1689.68 578.014 570.97
internal_count=57922 47571 30152 22982 17419 7170 8992 10351 7837 1301 6536 8427 2514 2481
is_linear=0
shrinkage=0.01


Tree=482
num_leaves=16
num_cat=0
split_feature=4 0 5 3 1 2 7 3 0 3 2 1 1 3 7
split_gain=3.72201 4.59809 6.66887 3.45592 2.99666 2.73592 0.797749 0.764452 0.710228 0.997117 2.21499 1.96052 0.68768 0.842467 0.634822
threshold=1.0000000180025095e-35 1.0000000180025095e-35 1.0000000180025095e-35 1.0000000180025095e-35 2.5000000000000004 1.0000000180025095e-35 1.0000000180025095e-35 1.0000000180025095e-35 1.0000000180025095e-35 1.0000000180025095e-35 1.0000000180025095e-35 1.0000000180025095e-35 1.5000000000000002 1.0000000180025095e-35 1.0000000180025095e-35
decision_type=2 2 2 2 2 2 2 2 2 2 2 2 2 2 2
left_child=1 2 3 -1 5 -3 -6 -4 9 11 -11 -2 13 -10 -14
right_child=8 4 7 -5 6 -7 -8 -9 12 10 -12 -13 14 -15 -16
leaf_value=-0.00058781919033833977 0.0037227017894091619 2.0996671721956199e-05 0.0015545763409983643 0.00074185935173246747 -0.00046939914990485384 0.00051030080186290603 -0.0017292156871668376 0.00053012921302495028 -0.00041304416271209878 -0.0015628066132926932 0.0024419867536642154 0.00091342143354580547 0.00028833948729895746 0.0007992840954157951 0.0010073369034167118
leaf_weight=2892.5419447869062 27.608589202165604 6273.9890523701906 157.36761863529682 209.63184237480164 96.501750484108925 1397.224288418889 104.90208547562361 135.60914661735296 179.73372028023005 40.911551997065544 20.848377294838428 247.87937520444393 278.88048417121172 84.161789819598198 219.41470225155354
leaf_count=13761 144 27159 917 895 485 7813 511 798 868 217 201 1262 1290 493 1108
internal_value=0 -5.41547e-05 -0.000361764 -0.000497965 7.85052e-05 0.000110118 -0.00112558 0.00108039 0.00055541 0.000937505 -0.000210903 0.00119496 0.000386344 -2.64074e-05 0.000604936
internal_weight=0 11267.8 3395.15 3102.17 7872.62 7671.21 201.404 292.977 1099.44 337.248 61.7599 275.488 762.191 263.896 498.295
internal_count=57922 52339 16371 14656 35968 34972 996 1715 5583 1824 418 1406 3759 1361 2398
is_linear=0
shrinkage=0.01


Tree=483
num_leaves=15
num_cat=0
split_feature=8 1 6 5 7 5 1 3 1 2 6 5 1 2
split_gain=3.65954 3.137 4.60873 5.31478 4.20525 3.73864 2.51869 1.47635 1.5777 1.77028 1.73073 1.20191 0.773251 0.114136
threshold=1.0000000180025095e-35 1.5000000000000002 1.0000000180025095e-35 1.0000000180025095e-35 1.0000000180025095e-35 1.0000000180025095e-35 1.0000000180025095e-35 1.0000000180025095e-35 1.0000000180025095e-35 1.0000000180025095e-35 1.0000000180025095e-35 1.0000000180025095e-35 2.5000000000000004 1.0000000180025095e-35
decision_type=2 2 2 2 2 2 2 2 2 2 2 2 2 2
left_child=1 4 3 -3 6 -4 -1 8 9 -2 -10 -6 13 -9
right_child=7 2 5 -5 11 -7 -8 12 10 -11 -12 -13 -14 -15
leaf_value=-0.0004653978638307027 -0.0016519481994906762 -0.00029415463289780326 0.00083086677647858475 0.00086837209824879599 0.00085021224131890413 -0.00020621238438934492 0.00027606842121810827 2.1921347295867268e-05 -0.00057768126767873522 0.00044203181730609797 0.00029144792887910955 0.00026157156880449693 -0.0032320366368442277 0.00034905032187189096
leaf_weight=730.87807101756334 207.28239424526691 4620.3138336241245 921.01987292617559 429.8458544537425 1201.6393270045519 558.33042652904987 1227.6660136729479 428.97807756066322 1061.0417321026325 50.139492958784103 292.22092981636524 487.63769730180502 7.0367652028799048 141.94747853279114
leaf_count=3343 1093 20690 3977 2292 5334 3193 5649 1790 5195 208 1341 3093 33 691
internal_value=0 7.98108e-05 -5.14143e-05 -0.000195206 0.000314701 0.000439457 -6.27647e-07 -0.000370926 -0.000526505 -0.00124409 -0.000390003 0.000680291 6.26468e-05 0.000103254
internal_weight=0 10177.3 6529.51 5050.16 3647.82 1479.35 1958.54 2188.65 1610.68 257.422 1353.26 1689.28 577.962 570.926
internal_count=57922 47571 30152 22982 17419 7170 8992 10351 7837 1301 6536 8427 2514 2481
is_linear=0
shrinkage=0.01


Tree=484
num_leaves=16
num_cat=0
split_feature=4 0 5 3 1 8 6 3 0 8 5 1 3 2 7
split_gain=3.64676 4.48913 6.51443 3.37259 2.92532 2.6852 0.785229 0.748839 0.696394 0.98627 1.11803 0.679855 0.825895 0.679574 0.621926
threshold=1.0000000180025095e-35 1.0000000180025095e-35 1.0000000180025095e-35 1.0000000180025095e-35 2.5000000000000004 1.0000000180025095e-35 1.0000000180025095e-35 1.0000000180025095e-35 1.0000000180025095e-35 1.0000000180025095e-35 1.0000000180025095e-35 1.5000000000000002 1.0000000180025095e-35 1.0000000180025095e-35 1.0000000180025095e-35
decision_type=2 2 2 2 2 2 2 2 2 2 2 2 2 2 2
left_child=1 2 3 -1 5 -3 -6 -4 9 13 -11 12 -10 -2 -13
right_child=8 4 7 -5 6 -7 -8 -9 11 10 -12 14 -14 -15 -16
leaf_value=-0.00058099450578253525 0.00086321389348519104 0.00019796663145965263 0.0015378112575879818 0.00073259270443133467 -0.0013990649816810234 -0.00028347440188028424 0.00024875737504558682 0.00052358413881954235 -0.0004107765759665008 0.0002268492191073328 -0.0041252990861610963 0.00028642224663226614 0.00078976307876115598 0.0019688459959577732 0.00099814861802413179
leaf_weight=2891.7779584825039 212.24762956798077 6248.1605382785201 157.23174878954887 209.62301973998547 166.29379962384701 1422.175811290741 35.006008222699165 135.56300110369921 179.72929155826569 42.71046744287014 6.8492151647806159 278.86000784486532 84.122664652764797 75.320469856262207 219.35080584138632
leaf_count=13761 961 28436 917 895 844 6536 152 798 868 179 37 1290 493 647 1108
internal_value=0 -5.3608e-05 -0.000357601 -0.000492209 7.74717e-05 0.000108701 -0.00111251 0.00106823 0.00054983 0.000928263 -0.000374624 0.000382416 -2.80142e-05 0.0011528 0.000599779
internal_weight=0 11265.8 3394.2 3101.4 7871.64 7670.34 201.3 292.795 1099.19 337.128 49.5597 762.063 263.852 287.568 498.211
internal_count=57922 52339 16371 14656 35968 34972 996 1715 5583 1824 216 3759 1361 1608 2398
is_linear=0
shrinkage=0.01


Tree=485
num_leaves=16
num_cat=0
split_feature=2 4 0 3 1 7 0 4 4 6 6 1 0 3 3
split_gain=3.5892 3.03829 3.15843 3.61172 3.12814 0.795304 1.08911 1.23016 0.640702 0.584434 0.342998 0.314148 0.145584 2.48742 0.782452
threshold=1.0000000180025095e-35 1.0000000180025095e-35 1.0000000180025095e-35 1.0000000180025095e-35 1.0000000180025095e-35 1.0000000180025095e-35 1.0000000180025095e-35 1.0000000180025095e-35 1.0000000180025095e-35 1.0000000180025095e-35 1.0000000180025095e-35 2.5000000000000004 1.0000000180025095e-35 1.0000000180025095e-35 1.0000000180025095e-35
decision_type=2 2 2 2 2 2 2 2 2 2 2 2 2 2 2
left_child=1 2 3 -1 -4 6 7 -2 10 -10 -7 -8 13 -3 -14
right_child=5 12 4 -5 -6 8 11 -9 9 -11 -12 -13 14 -15 -16
leaf_value=-0.00052173105923569349 -0.00048015293744842246 0.0011431502552430391 -0.00059796734756273773 0.00070186087788863701 7.3505135242553561e-05 0.00037715503986699052 0.00041368784374433762 0.0011020976107505151 0.00090719943841986934 0.0027093786189981571 0.00085390478138262522 -0.0009282767158001904 0.00019751177151463702 -0.0015527179790538399 0.0010381750230399505
leaf_weight=2594.0835807770491 321.89939323067665 208.99135315418243 790.6344301700592 265.96891686320305 5664.2931313812733 533.49998641014099 986.66079580038786 57.989118814468384 65.068689472973347 24.873042047023773 210.43084415048361 17.75822326540947 431.91206011176109 40.928363382816315 148.8812560737133
leaf_count=12507 1413 901 3510 1188 24560 3145 4957 409 537 284 1706 76 1806 217 706
internal_value=0 -7.96327e-05 -0.000131311 -0.000407944 -8.74045e-06 0.000364422 0.000217462 -0.000238626 0.000608391 0.00140559 0.00051201 0.000389962 0.000499849 0.000701659 0.000413008
internal_weight=0 10145.7 9314.98 2860.05 6454.93 2218.18 1384.31 379.889 833.873 89.9417 743.931 1004.42 830.713 249.92 580.793
internal_count=57922 45395 41765 13695 28070 12527 6855 1822 5672 821 4851 5033 3630 1118 2512
is_linear=0
shrinkage=0.01


Tree=486
num_leaves=16
num_cat=0
split_feature=1 7 1 1 3 4 5 5 3 7 0 5 7 0 2
split_gain=3.56236 3.49007 4.89653 2.79618 3.93455 2.1737 2.16051 1.20041 0.669287 1.14409 2.61127 1.79191 0.295444 0.369748 0.260975
threshold=2.5000000000000004 1.0000000180025095e-35 1.5000000000000002 1.0000000180025095e-35 1.0000000180025095e-35 1.0000000180025095e-35 1.0000000180025095e-35 1.0000000180025095e-35 1.0000000180025095e-35 1.0000000180025095e-35 1.0000000180025095e-35 1.0000000180025095e-35 1.0000000180025095e-35 1.0000000180025095e-35 1.0000000180025095e-35
decision_type=2 2 2 2 2 2 2 2 2 2 2 2 2 2 2
left_child=1 3 7 4 -1 -4 -5 -3 12 10 -10 -11 14 -14 -2
right_child=8 2 5 6 -6 -7 -8 -9 9 11 -12 -13 13 -15 -16
leaf_value=-0.00097140599394234569 -0.00054169902824812495 0.00084210109220790217 -6.2599092546981758e-05 -9.630967158532483e-05 0.00032481216262582921 0.00085662439827634349 0.00050596513384232582 0.00025370187851164467 -0.0069684380728325538 0.0049498224673095543 0.00092339526411216739 -0.0016974056929156987 -0.00082855107577416642 -0.0016261485497533199 -0.0015943788268216817
leaf_weight=765.66594858467579 176.90233255922794 1201.3538446426392 3113.9633739292622 5024.4813836961985 337.35055144876242 280.41653598845005 675.71671130508184 487.3920681104064 5.6383027881383923 10.378396987915041 16.353236868977547 6.6564700454473487 123.87652993202209 109.49650610983372 27.167671598494053
leaf_count=3607 972 5334 14103 22711 1539 1474 3576 3093 27 43 72 34 688 535 114
internal_value=0 3.40206e-05 0.000232257 -0.000114095 -0.000574966 1.33398e-05 -2.49144e-05 0.000672282 -0.000847811 0.000406976 -0.00109995 0.00235238 -0.000959757 -0.00120278 -0.000681841
internal_weight=0 11886.3 5083.13 6803.21 1103.02 3394.38 5700.2 1688.75 476.469 39.0264 21.9915 17.0349 437.443 233.373 204.07
internal_count=57922 55437 24004 31433 5146 15577 26287 8427 2485 176 99 77 2309 1223 1086
is_linear=0
shrinkage=0.01


Tree=487
num_leaves=16
num_cat=0
split_feature=2 4 8 1 1 8 1 4 1 1 3 4 0 3 3
split_gain=3.51514 2.95117 3.12818 2.95384 1.87225 0.776679 0.709512 2.95415 0.677931 0.388321 3.59363 0.630913 0.14341 2.44073 0.76313
threshold=1.0000000180025095e-35 1.0000000180025095e-35 1.0000000180025095e-35 1.5000000000000002 1.0000000180025095e-35 1.0000000180025095e-35 1.0000000180025095e-35 1.0000000180025095e-35 1.5000000000000002 1.0000000180025095e-35 1.0000000180025095e-35 1.0000000180025095e-35 1.0000000180025095e-35 1.0000000180025095e-35 1.0000000180025095e-35
decision_type=2 2 2 2 2 2 2 2 2 2 2 2 2 2 2
left_child=1 2 3 -1 -4 9 7 -7 -8 10 -2 -11 13 -3 -14
right_child=5 12 4 -5 -6 6 8 -9 -10 11 -12 -13 14 -15 -16
leaf_value=0.00022365019623486783 -0.0008452447700715832 0.0011301902093194267 -0.0012800731220556358 -0.00018823538697610166 -0.00037506994635994154 0.00032109908479203866 -0.00084441000616466034 0.0079692681040204102 8.8652098107390258e-05 0.00043226204050130618 0.0017853537511885922 0.0010281729256742405 0.00019336369725786906 -0.0015397401385361673 0.0010237577465225449
leaf_weight=2665.1161252707243 149.26976086944342 208.93960218131542 275.12895216047764 5022.1549311876297 1351.4845436215401 74.111316025257111 112.7940593957901 5.4196315705776206 251.48509226739407 1339.9802857041359 79.635758191347122 204.82467713952065 431.86622866988182 40.949315175414085 148.80212211608887
leaf_count=11720 797 901 1381 22126 6538 320 493 29 1102 7669 536 1581 1806 217 706
internal_value=0 -7.88062e-05 -0.00012974 -4.54379e-05 -0.000528144 0.000360702 -1.34341e-05 0.000842283 -0.000200258 0.000454317 6.9935e-05 0.000511273 0.000492362 0.000692669 0.000406161
internal_weight=0 10144.4 9313.88 7687.27 1626.61 2217.52 443.81 79.5309 364.279 1773.71 228.906 1544.8 830.557 249.889 580.668
internal_count=57922 45395 41765 33846 7919 12527 1944 349 1595 10583 1333 9250 3630 1118 2512
is_linear=0
shrinkage=0.01


Tree=488
num_leaves=16
num_cat=0
split_feature=1 7 1 1 3 6 0 6 3 7 0 5 7 0 2
split_gain=3.48497 3.40176 4.75439 2.73305 3.83323 2.15311 2.10895 1.1804 0.655692 1.1209 2.55705 1.75654 0.290086 0.362842 0.258637
threshold=2.5000000000000004 1.0000000180025095e-35 1.5000000000000002 1.0000000180025095e-35 1.0000000180025095e-35 1.0000000180025095e-35 1.0000000180025095e-35 1.0000000180025095e-35 1.0000000180025095e-35 1.0000000180025095e-35 1.0000000180025095e-35 1.0000000180025095e-35 1.0000000180025095e-35 1.0000000180025095e-35 1.0000000180025095e-35
decision_type=2 2 2 2 2 2 2 2 2 2 2 2 2 2 2
left_child=1 3 7 4 -1 -4 -5 -3 12 10 -10 -11 14 -14 -2
right_child=8 2 5 6 -6 -7 -8 -9 9 11 -12 -13 13 -15 -16
leaf_value=-0.00095969471205742667 -0.00053460986530642603 0.000847082448313371 -0.00011668293037466978 -0.00032742061887984459 0.00031992576490071182 0.00050036421007749164 9.7692326555286365e-05 0.00028319468121092666 -0.0068951690816545386 0.0049015382565984755 0.00091401737895579636 -0.001678939760131796 -0.00081968830506359185 -0.001610027021900365 -0.0015826245639209752
leaf_weight=765.40041096508503 176.83562862873077 1137.2613825649023 2677.1885412633419 1637.3162575885653 337.24994365870953 716.9322159960866 4062.2413472905755 551.13449396938086 5.6389578133821514 10.375140234827997 16.352287277579308 6.6605303585529319 123.81838244199753 109.42417623102665 27.165517367422581
leaf_count=3607 972 5318 11883 7996 1539 3694 18291 3109 27 43 72 34 688 535 114
internal_value=0 3.36466e-05 0.00022937 -0.000112595 -0.000568318 1.36545e-05 -2.44302e-05 0.000663015 -0.000838731 0.000403215 -0.0010884 0.00232873 -0.000949583 -0.00119047 -0.000674167
internal_weight=0 11884.7 5082.52 6802.21 1102.65 3394.12 5699.56 1688.4 476.271 39.0269 21.9912 17.0357 437.244 233.243 204.001
internal_count=57922 55437 24004 31433 5146 15577 26287 8427 2485 176 99 77 2309 1223 1086
is_linear=0
shrinkage=0.01


Tree=489
num_leaves=16
num_cat=0
split_feature=2 4 8 1 1 8 1 4 1 1 3 4 0 3 3
split_gain=3.44442 2.8922 3.04629 2.85914 1.81594 0.756132 0.701531 2.90869 0.665298 0.377254 3.50364 0.620198 0.142826 2.39375 0.743775
threshold=1.0000000180025095e-35 1.0000000180025095e-35 1.0000000180025095e-35 1.5000000000000002 1.0000000180025095e-35 1.0000000180025095e-35 1.0000000180025095e-35 1.0000000180025095e-35 1.5000000000000002 1.0000000180025095e-35 1.0000000180025095e-35 1.0000000180025095e-35 1.0000000180025095e-35 1.0000000180025095e-35 1.0000000180025095e-35
decision_type=2 2 2 2 2 2 2 2 2 2 2 2 2 2 2
left_child=1 2 3 -1 -4 9 7 -7 -8 10 -2 -11 13 -3 -14
right_child=5 12 4 -5 -6 6 8 -9 -10 11 -12 -13 14 -15 -16
leaf_value=0.00021950172530554423 -0.00083241640555129588 0.0011208456101087152 -0.001262538598979863 -0.00018574284558390137 -0.00037092608979844797 0.00032267958133301236 -0.00083584652827258497 0.0079245711036909326 8.8441585414178304e-05 0.00042731828632910343 0.001765988176562903 0.0010183407875005229 0.0001913639088090076 -0.0015225388742430529 0.0010112986188123424
leaf_weight=2664.9208347648382 149.32068391889334 208.90093453228474 274.89969350397587 5021.7360570728779 1351.2517181932926 74.10489796102047 112.80992393195629 5.4000966548919669 251.47540554404259 1339.6097171381116 79.532100200653076 204.67860259860754 431.84141696989536 40.977645754814148 148.73733754456043
leaf_count=11720 797 901 1381 22126 6538 320 493 29 1102 7669 536 1581 1806 217 706
internal_value=0 -7.80094e-05 -0.000128434 -4.52468e-05 -0.000521653 0.000357107 -1.20447e-05 0.000839011 -0.000197787 0.000449501 7.05946e-05 0.000505652 0.000487457 0.000687356 0.000401421
internal_weight=0 10143.3 9312.81 7686.66 1626.15 2216.93 443.79 79.505 364.285 1773.14 228.853 1544.29 830.457 249.879 580.579
internal_count=57922 45395 41765 33846 7919 12527 1944 349 1595 10583 1333 9250 3630 1118 2512
is_linear=0
shrinkage=0.01


Tree=490
num_leaves=15
num_cat=0
split_feature=1 7 1 1 3 6 5 5 3 8 6 7 0 2
split_gain=3.40928 3.31574 4.61651 2.67144 3.73452 2.10893 2.09181 1.16972 0.642371 1.10302 0.847722 0.284821 0.356061 0.256302
threshold=2.5000000000000004 1.0000000180025095e-35 1.5000000000000002 1.0000000180025095e-35 1.0000000180025095e-35 1.0000000180025095e-35 1.0000000180025095e-35 1.0000000180025095e-35 1.0000000180025095e-35 1.0000000180025095e-35 1.0000000180025095e-35 1.0000000180025095e-35 1.0000000180025095e-35 1.0000000180025095e-35
decision_type=2 2 2 2 2 2 2 2 2 2 2 2 2 2
left_child=1 3 7 4 -1 -4 -5 -3 11 10 -10 13 -13 -2
right_child=8 2 5 6 -6 -7 -8 -9 9 -11 -12 12 -14 -15
leaf_value=-0.00094813048437655811 -0.00052761130886123519 0.00082152082639084536 -0.00011503229061530979 -9.4202266474239257e-05 0.00031510259895033192 0.00049570607263742716 0.00049853228049689827 0.00024051013122823085 -0.00049051343558942167 -0.0031895021037488713 0.0027659633980428428 -0.00081092099066507127 -0.001594061025314407 -0.0015709462188577394
leaf_weight=765.13759259879589 176.76977927982807 1201.0013694912195 2677.0218364298344 5023.6092578172684 337.15039296448231 716.78210789710283 675.44207185506821 487.02156446874142 15.518361151218413 7.0224083960056296 16.486434511840343 123.76088209450245 109.35251332819462 27.163362003862858
leaf_count=3607 972 5334 11883 22711 1539 3694 3576 3093 66 33 77 688 535 114
internal_value=0 3.32766e-05 0.000226523 -0.000111113 -0.000561753 1.39576e-05 -2.39524e-05 0.00065389 -0.000829749 0.000399489 0.00118698 -0.000939517 -0.00117829 -0.000666581
internal_weight=0 11883.2 5081.83 6801.34 1102.29 3393.8 5699.05 1688.02 476.074 39.0272 32.0048 437.047 233.113 203.933
internal_count=57922 55437 24004 31433 5146 15577 26287 8427 2485 176 143 2309 1223 1086
is_linear=0
shrinkage=0.01


Tree=491
num_leaves=16
num_cat=0
split_feature=2 4 0 3 1 8 1 4 1 1 3 4 0 3 3
split_gain=3.37274 2.83281 3.03034 3.50136 2.98852 0.734504 0.69315 2.86393 0.653212 0.365761 3.4158 0.608562 0.139932 2.35207 0.724627
threshold=1.0000000180025095e-35 1.0000000180025095e-35 1.0000000180025095e-35 1.0000000180025095e-35 1.0000000180025095e-35 1.0000000180025095e-35 1.0000000180025095e-35 1.0000000180025095e-35 1.5000000000000002 1.0000000180025095e-35 1.0000000180025095e-35 1.0000000180025095e-35 1.0000000180025095e-35 1.0000000180025095e-35 1.0000000180025095e-35
decision_type=2 2 2 2 2 2 2 2 2 2 2 2 2 2 2
left_child=1 2 3 -1 -4 9 7 -7 -8 10 -2 -11 13 -3 -14
right_child=5 12 4 -5 -6 6 8 -9 -10 11 -12 -13 14 -15 -16
leaf_value=-0.00051023754002684971 -0.00081960300832628955 0.0011102183183317915 -0.00058321398317569208 0.0006947030076153134 7.3338053881547371e-05 0.00032419096417546324 -0.00082718392289722153 0.0078800959468246085 8.8631148016594179e-05 0.00042222532012422967 0.0017469342423994717 0.0010078843947512778 0.00018999549714757686 -0.0015095289229075382 0.0009994501623883593
leaf_weight=2592.5565166026354 149.37294425815344 208.85821302235126 790.0074374973774 265.89360056817532 5663.2127790153027 74.098495557904243 112.8257082849741 5.3806294053792945 251.46755713224411 1339.2238051220775 79.430626913905144 204.52085565775633 431.81247583031654 40.998729661107063 148.67008170485497
leaf_count=12507 797 901 3510 1188 24560 320 493 29 1102 7669 536 1581 1806 217 706
internal_value=0 -7.71935e-05 -0.0001271 -0.000398154 -7.03748e-06 0.000353425 -1.04058e-05 0.000835716 -0.000195007 0.000444513 7.13869e-05 0.000499816 0.000482478 0.000680347 0.000397309
internal_weight=0 10142 9311.67 2858.45 6453.22 2216.32 443.772 79.4791 364.293 1772.55 228.804 1543.74 830.34 249.857 580.483
internal_count=57922 45395 41765 13695 28070 12527 1944 349 1595 10583 1333 9250 3630 1118 2512
is_linear=0
shrinkage=0.01


Tree=492
num_leaves=16
num_cat=0
split_feature=1 7 1 4 6 6 6 6 3 7 0 5 7 0 2
split_gain=3.33538 3.24618 4.53194 2.59858 3.89101 2.05858 1.15355 1.13277 0.625376 1.09195 2.5086 1.73124 0.279213 0.353681 0.254033
threshold=2.5000000000000004 1.0000000180025095e-35 1.5000000000000002 1.0000000180025095e-35 1.0000000180025095e-35 1.0000000180025095e-35 1.0000000180025095e-35 1.0000000180025095e-35 1.0000000180025095e-35 1.0000000180025095e-35 1.0000000180025095e-35 1.0000000180025095e-35 1.0000000180025095e-35 1.0000000180025095e-35 1.0000000180025095e-35
decision_type=2 2 2 2 2 2 2 2 2 2 2 2 2 2 2
left_child=1 3 6 4 -1 -4 -3 -5 12 10 -10 -11 14 -14 -2
right_child=8 2 5 7 -6 -7 -8 -9 9 11 -12 -13 13 -15 -16
leaf_value=-0.00033760825329279162 -0.00052057367059776675 0.00082959358284365409 -0.00011392200847905852 0.00077074338430284991 0.00021047689038247689 0.0004895494584790949 0.00027202781336996078 -0.00015145150777508555 -0.0068332886975591622 0.0048480535802554311 0.00090359383888636863 -0.0016861204210125086 -0.00079947682464922057 -0.0015802240278528096 -0.0015593428248772709
leaf_weight=4310.0449591726065 176.7023158967495 1136.8653582334518 2676.7972201704979 449.18413165211678 1851.8096808791161 716.59316200017929 550.85074616968632 189.34450978785753 5.6361478120088604 10.370099708437921 16.34247662127018 6.6583878174424163 123.68508906662464 109.29114559292793 27.161205053329468
leaf_count=20025 972 5318 11883 2078 8324 3694 3109 1006 27 43 72 34 688 535 114
internal_value=0 3.29109e-05 0.000224133 -0.000109967 -0.000172893 1.3515e-05 0.000647611 0.000497283 -0.000820908 0.000392274 -0.00108043 0.0022931 -0.000929238 -0.00116573 -0.000658971
internal_weight=0 11881.5 5081.11 6800.38 6161.85 3393.39 1687.72 638.529 475.847 39.0071 21.9786 17.0285 436.84 232.976 203.864
internal_count=57922 55437 24004 31433 28349 15577 8427 3084 2485 176 99 77 2309 1223 1086
is_linear=0
shrinkage=0.01


Tree=493
num_leaves=16
num_cat=0
split_feature=2 4 0 3 1 8 1 4 1 1 3 4 0 3 3
split_gain=3.30288 2.74177 2.96018 3.42172 2.9369 0.714528 0.679045 2.81481 0.641283 0.360146 3.35057 0.590809 0.136891 2.30048 0.710855
threshold=1.0000000180025095e-35 1.0000000180025095e-35 1.0000000180025095e-35 1.0000000180025095e-35 1.0000000180025095e-35 1.0000000180025095e-35 1.0000000180025095e-35 1.0000000180025095e-35 1.5000000000000002 1.0000000180025095e-35 1.0000000180025095e-35 1.0000000180025095e-35 1.0000000180025095e-35 1.0000000180025095e-35 1.0000000180025095e-35
decision_type=2 2 2 2 2 2 2 2 2 2 2 2 2 2 2
left_child=1 2 3 -1 -4 9 7 -7 -8 10 -2 -11 13 -3 -14
right_child=5 12 4 -5 -6 6 8 -9 -10 11 -12 -13 14 -15 -16
leaf_value=-0.00050425224605371262 -0.00081262813571806659 0.0010952937330967903 -0.00057804958195436205 0.00068699076464729064 7.2848618097815936e-05 0.00032242074372416918 -0.00081805294529210901 0.0078277903086968088 8.9322398814731954e-05 0.00041811058987766491 0.0017301624799620611 0.00099539319678426229 0.00018469560805678986 -0.0014949687209089471 0.00098655465911419741
leaf_weight=2591.8812048882246 149.3983491063118 208.80940310657024 789.90178923308849 265.85894906520844 5662.8487867414951 74.094831272959709 112.84133958816528 5.3583034574985495 251.4592355042696 1338.8945838585496 79.339583083987236 204.34118577092886 431.79612877964973 41.023338541388512 148.60537983477116
leaf_count=12507 797 901 3510 1188 24560 320 493 29 1102 7669 536 1581 1806 217 706
internal_value=0 -7.63904e-05 -0.000125492 -0.000393429 -6.82991e-06 0.000349797 -9.04975e-06 0.000828581 -0.000191735 0.000439663 6.93591e-05 0.000494549 0.000474248 0.000669964 0.000390003
internal_weight=0 10140.7 9310.49 2857.74 6452.75 2215.73 443.754 79.4531 364.301 1771.97 228.738 1543.24 830.234 249.833 580.402
internal_count=57922 45395 41765 13695 28070 12527 1944 349 1595 10583 1333 9250 3630 1118 2512
is_linear=0
shrinkage=0.01


Tree=494
num_leaves=15
num_cat=0
split_feature=1 7 1 1 3 4 5 5 3 8 6 7 0 2
split_gain=3.26294 3.17809 4.44906 2.5556 3.59495 2.01574 2.01405 1.14898 0.608926 1.07519 0.845213 0.273712 0.351279 0.25177
threshold=2.5000000000000004 1.0000000180025095e-35 1.5000000000000002 1.0000000180025095e-35 1.0000000180025095e-35 1.0000000180025095e-35 1.0000000180025095e-35 1.0000000180025095e-35 1.0000000180025095e-35 1.0000000180025095e-35 1.0000000180025095e-35 1.0000000180025095e-35 1.0000000180025095e-35 1.0000000180025095e-35
decision_type=2 2 2 2 2 2 2 2 2 2 2 2 2 2
left_child=1 3 7 4 -1 -4 -5 -3 11 10 -10 13 -13 -2
right_child=8 2 5 6 -6 -7 -8 -9 9 -11 -12 12 -14 -15
leaf_value=-0.00092893502909198239 -0.00051362418577055222 0.00080755174773649782 -6.0028974889967373e-05 -9.2512758056017031e-05 0.00031078065037854147 0.00082569867572054347 0.00048922751985126887 0.00023157639264527363 -0.00051243665744296846 -0.0031608787269039097 0.0027397464598029452 -0.00078818066078579488 -0.0015664975042884372 -0.0015478171245970486
leaf_weight=764.69610930979252 176.63571345806122 1200.6338304355741 3112.9247347936034 5022.6468294113874 336.99088868498802 280.05683822184801 675.12562571465969 486.75146482884884 15.518215969204904 7.0139034241437903 16.475523598492146 123.61027596145868 109.2302507609129 27.159050367772579
leaf_count=3607 972 5334 14103 22711 1539 1474 3576 3093 66 33 77 688 535 114
internal_value=0 3.25492e-05 0.00022177 -0.000108831 -0.000549723 1.3079e-05 -2.35827e-05 0.000641403 -0.000812124 0.000384964 0.00116231 -0.000919069 -0.00115331 -0.000651448
internal_weight=0 11879.8 5080.37 6799.46 1101.69 3392.98 5697.77 1687.39 475.643 39.0076 31.9937 436.635 232.841 203.795
internal_count=57922 55437 24004 31433 5146 15577 26287 8427 2485 176 143 2309 1223 1086
is_linear=0
shrinkage=0.01


Tree=495
num_leaves=16
num_cat=0
split_feature=2 8 1 7 6 1 6 5 8 1 4 1 1 3 4
split_gain=3.2341 2.70543 2.61641 4.35865 2.93452 2.03501 1.80806 1.58802 0.694019 0.670896 2.77149 0.629641 0.349153 3.26647 0.575158
threshold=1.0000000180025095e-35 1.0000000180025095e-35 1.5000000000000002 1.0000000180025095e-35 1.0000000180025095e-35 1.0000000180025095e-35 1.0000000180025095e-35 1.0000000180025095e-35 1.0000000180025095e-35 1.0000000180025095e-35 1.0000000180025095e-35 1.5000000000000002 1.0000000180025095e-35 1.0000000180025095e-35 1.0000000180025095e-35
decision_type=2 2 2 2 2 2 2 2 2 2 2 2 2 2 2
left_child=1 2 3 -1 -4 7 -7 -3 12 10 -10 -11 13 -2 -14
right_child=8 5 4 -5 -6 6 -8 -9 9 11 -12 -13 14 -15 -16
leaf_value=-0.00012342207317744998 -0.00080011266713970585 -0.0010268901518574504 -0.0002522956490944906 0.00065218547080802885 0.00030636153891566866 -0.00051205971410086333 0.00025830372155775076 -0.0044145065970818036 0.0003238324575939093 -0.00080957641381067269 0.0077838059824034446 8.9486907626122592e-05 0.00041342432794000221 0.0017114439870177889 0.00098324159627605299
leaf_weight=1540.7986161261797 149.4492020457983 277.42284996807575 4283.9504365772009 1367.7007458359003 1204.6575540006161 1015.0917176157236 435.31960687041283 14.564239650964735 74.088452935218811 112.85671092569828 5.3389895260334006 251.45140586793423 1338.5479235947132 79.240172572433949 204.15726222097874
leaf_count=6783 797 1394 18885 6055 5265 5019 1934 60 320 493 29 1102 7669 536 1581
internal_value=0 -7.5591e-05 -1.18318e-06 0.000241302 -0.00012968 -0.000434183 -0.000280846 -0.00119586 0.000346187 -7.46981e-06 0.00082528 -0.000189028 0.000434778 7.01341e-05 0.000488832
internal_weight=0 10139.5 8397.11 2908.5 5488.61 1742.4 1450.41 291.987 2215.13 443.736 79.4274 364.308 1771.39 228.689 1542.71
internal_count=57922 45395 36988 12838 24150 8407 6953 1454 12527 1944 349 1595 10583 1333 9250
is_linear=0
shrinkage=0.01


Tree=496
num_leaves=16
num_cat=0
split_feature=1 7 1 5 3 3 6 6 3 7 0 5 7 0 2
split_gain=3.18804 3.06228 4.27167 2.48806 3.84104 2.54148 1.97661 1.12696 0.595293 1.06424 2.46302 1.70859 0.268779 0.34491 0.249808
threshold=2.5000000000000004 1.0000000180025095e-35 1.5000000000000002 1.0000000180025095e-35 1.0000000180025095e-35 1.0000000180025095e-35 1.0000000180025095e-35 1.0000000180025095e-35 1.0000000180025095e-35 1.0000000180025095e-35 1.0000000180025095e-35 1.0000000180025095e-35 1.0000000180025095e-35 1.0000000180025095e-35 1.0000000180025095e-35
decision_type=2 2 2 2 2 2 2 2 2 2 2 2 2 2 2
left_child=1 3 7 4 -1 -5 -4 -3 12 10 -10 -11 14 -14 -2
right_child=8 2 6 5 -6 -7 -8 -9 9 11 -12 -13 13 -15 -16
leaf_value=-0.00030981380686294786 -0.00050614397030726284 0.00080906053530428539 -0.00011143367410994803 0.0011056248971061454 0.00030370840381936263 -4.4425011261884223e-05 0.00048000640299709462 0.00025780973843847829 -0.0067753703723774216 0.0047967628712271282 0.00089312661409076202 -0.0016959244156536663 -0.00077903375280434408 -0.0015504892204461882 -0.0015363635906115048
leaf_weight=4694.9685873538256 176.56622205674648 1136.4524472132325 2676.3679195642471 321.07941900938749 1303.8238173276186 478.55735875666142 716.30200608819723 550.50664455443621 5.6329111605882671 10.365111589431764 16.332742646336555 6.6557100489735594 123.54997323453426 109.15656395256519 27.156896710395813
leaf_count=21602 972 5318 11883 1647 5609 2575 3694 3109 27 43 72 34 688 535 114
internal_value=0 3.21708e-05 0.000217925 -0.00010662 -0.000176466 0.000417356 1.34384e-05 0.00062917 -0.000802945 0.000380992 -0.0010734 0.00225791 -0.000908707 -0.0011409 -0.000643475
internal_weight=0 11878.1 5079.63 6798.43 5998.79 799.637 3392.67 1686.96 475.416 38.9865 21.9657 17.0208 436.43 232.707 203.723
internal_count=57922 55437 24004 31433 27211 4222 15577 8427 2485 176 99 77 2309 1223 1086
is_linear=0
shrinkage=0.01


Tree=497
num_leaves=16
num_cat=0
split_feature=2 4 0 3 1 8 1 4 1 1 3 4 0 3 3
split_gain=3.16532 2.6627 2.86791 3.31404 2.85637 0.675083 0.657131 2.72878 0.618472 0.344122 3.19975 0.564856 0.134873 2.26534 0.686513
threshold=1.0000000180025095e-35 1.0000000180025095e-35 1.0000000180025095e-35 1.0000000180025095e-35 1.0000000180025095e-35 1.0000000180025095e-35 1.0000000180025095e-35 1.0000000180025095e-35 1.5000000000000002 1.0000000180025095e-35 1.0000000180025095e-35 1.0000000180025095e-35 1.0000000180025095e-35 1.0000000180025095e-35 1.0000000180025095e-35
decision_type=2 2 2 2 2 2 2 2 2 2 2 2 2 2 2
left_child=1 2 3 -1 -4 9 7 -7 -8 10 -2 -11 13 -3 -14
right_child=5 12 4 -5 -6 6 8 -9 -10 11 -12 -13 14 -15 -16
leaf_value=-0.00049607020215186733 -0.00079298929785525372 0.0010844707709590385 -0.00056984452331146254 0.00067641669775999962 7.2198893274676222e-05 0.000321342430714191 -0.00080089602156811551 0.0077368901054336303 9.0131859451822734e-05 0.00040888263698904214 0.0016936766723591515 0.000973758031503828 0.00018254327265354456 -0.0014856297978998714 0.00097075502487804809
leaf_weight=2590.7609023451805 149.47342547774315 208.7423469722271 789.55438008904457 265.80234169960022 5661.8609034866095 74.081791818141937 112.86874954402447 5.318551927804946 251.43817880749702 1338.1769613176584 79.146249122917652 204.01235768944025 431.70803777873516 41.037382543087006 148.51375211775303
leaf_count=12507 797 901 3510 1188 24560 320 493 29 1102 7669 536 1581 1806 217 706
internal_value=0 -7.47846e-05 -0.000123179 -0.000386971 -6.37738e-06 0.000342537 -6.26284e-06 0.000818065 -0.000185924 0.000429935 6.7874e-05 0.000483609 0.000467932 0.000662218 0.000384294
internal_weight=0 10138 9307.98 2856.56 6451.42 2214.52 443.707 79.4003 364.307 1770.81 228.62 1542.19 830.002 249.78 580.222
internal_count=57922 45395 41765 13695 28070 12527 1944 349 1595 10583 1333 9250 3630 1118 2512
is_linear=0
shrinkage=0.01


Tree=498
num_leaves=15
num_cat=0
split_feature=1 7 1 1 3 0 4 5 3 8 6 7 0 8
split_gain=3.11876 2.99805 4.19365 2.45621 3.45118 1.95948 1.94465 1.1229 0.579599 1.04726 0.839205 0.263475 0.342551 0.248723
threshold=2.5000000000000004 1.0000000180025095e-35 1.5000000000000002 1.0000000180025095e-35 1.0000000180025095e-35 1.0000000180025095e-35 1.0000000180025095e-35 1.0000000180025095e-35 1.0000000180025095e-35 1.0000000180025095e-35 1.0000000180025095e-35 1.0000000180025095e-35 1.0000000180025095e-35 1.0000000180025095e-35
decision_type=2 2 2 2 2 2 2 2 2 2 2 2 2 2
left_child=1 3 7 4 -1 -5 -4 -3 11 10 -10 13 -13 -2
right_child=8 2 6 5 -6 -7 -8 -9 9 -11 -12 12 -14 -15
leaf_value=-0.00090956818796172217 -0.00040652041597030817 0.00078739140468288336 -5.8789291407973573e-05 -0.00031418235795929115 0.00030541301516027905 9.5762906682230877e-05 0.00081144400792558513 0.00021780623772279067 -0.00052768352933162566 -0.0031283054873947553 0.0027134637127194812 -0.00076798220139949708 -0.0015370135092520015 -0.0011680430445183546
leaf_weight=764.23617793619633 142.25389497727156 1200.2679429873824 3112.3928407654166 1635.6238867044449 336.83361577242613 4060.7146791443229 279.87579828500748 486.36925502866507 15.51781038939953 7.0044825226068488 16.464595444500446 123.476791895926 109.09673327207565 61.40208126604557
leaf_count=3607 745 5334 14103 7996 1539 18291 1474 3093 66 33 77 688 535 341
internal_value=0 3.18174e-05 0.000215626 -0.000105521 -0.000537887 -2.19471e-05 1.30085e-05 0.000623142 -0.000794344 0.000373855 0.00114086 -0.000898748 -0.00112872 -0.000636119
internal_weight=0 11876.3 5078.91 6797.41 1101.07 5696.34 3392.27 1686.64 475.216 38.9869 31.9824 436.23 232.574 203.656
internal_count=57922 55437 24004 31433 5146 26287 15577 8427 2485 176 143 2309 1223 1086
is_linear=0
shrinkage=0.01


Tree=499
num_leaves=16
num_cat=0
split_feature=2 8 1 7 6 1 6 5 7 0 4 6 1 5 4
split_gain=3.0997 2.60588 2.49475 4.0964 2.81021 1.96023 1.75757 1.56436 0.657879 1.02597 1.12588 0.606237 1.41971 0.655062 0.329223
threshold=1.0000000180025095e-35 1.0000000180025095e-35 1.5000000000000002 1.0000000180025095e-35 1.0000000180025095e-35 1.0000000180025095e-35 1.0000000180025095e-35 1.0000000180025095e-35 1.0000000180025095e-35 1.0000000180025095e-35 1.0000000180025095e-35 1.0000000180025095e-35 2.5000000000000004 1.0000000180025095e-35 1.0000000180025095e-35
decision_type=2 2 2 2 2 2 2 2 2 2 2 2 2 2 2
left_child=1 2 3 -1 -4 7 -7 -3 9 10 -2 13 -13 -10 -11
right_child=8 5 4 -5 -6 6 -8 -9 11 14 -12 12 -14 -15 -16
leaf_value=-0.00011778789687845742 -0.00046827677916080673 -0.0010060724741706452 -0.00024646906318058498 0.00063421709915720465 0.00030028292962654607 -0.00050358332000501732 0.000256004028570286 -0.0043680175732750282 0.00024053479034225666 0.00043965014276000714 0.0010479523862816588 0.00090300273911403069 0.0077678599183329455 0.0011157987378299893 -0.00011878850540844178
leaf_weight=1540.4356524050236 321.76543539762497 277.13948728144169 4282.9766269177198 1367.353175804019 1204.4214212447405 1014.662323564291 435.30655755102634 14.568201363086699 493.56432599574327 883.2793433368206 57.765901409089565 231.20882815867662 3.0523448511958113 103.42549898475409 119.90033589303493
leaf_count=6783 1413 1394 18885 6055 5265 5019 1934 60 2733 4310 409 1972 18 949 723
internal_value=0 -7.40055e-05 -9.76745e-07 0.000235834 -0.000126463 -0.000426017 -0.000275542 -0.00117397 0.000339015 0.000205359 -0.000237502 0.000561339 0.00099245 0.00039217 0.000372905
internal_weight=0 10136.9 8395.19 2907.79 5487.4 1741.68 1449.97 291.708 2213.96 1382.71 379.531 831.251 234.261 596.99 1003.18
internal_count=57922 45395 36988 12838 24150 8407 6953 1454 12527 6855 1822 5672 1990 3682 5033
is_linear=0
shrinkage=0.01


end of trees

feature_importances:
cs_escol_n=1347
Adult=956
hiv=916
agravalcoo=849
Older=827
cs_sexo=772
agravtabac=608
tratamento=577
agravdroga=570

parameters:
[boosting: gbdt]
[objective: binary]
[metric: binary_logloss]
[tree_learner: serial]
[device_type: cpu]
[data_sample_strategy: bagging]
[data: ]
[valid: ]
[num_iterations: 500]
[learning_rate: 0.01]
[num_leaves: 16]
[num_threads: 14]
[seed: 42]
[deterministic: 0]
[force_col_wise: 0]
[force_row_wise: 0]
[histogram_pool_size: -1]
[max_depth: 4]
[min_data_in_leaf: 20]
[min_sum_hessian_in_leaf: 0.001]
[bagging_fraction: 1]
[pos_bagging_fraction: 1]
[neg_bagging_fraction: 1]
[bagging_freq: 0]
[bagging_seed: 400]
[feature_fraction: 1]
[feature_fraction_bynode: 1]
[feature_fraction_seed: 30056]
[extra_trees: 0]
[extra_seed: 12879]
[early_stopping_round: 0]
[first_metric_only: 0]
[max_delta_step: 0]
[lambda_l1: 0]
[lambda_l2: 0]
[linear_lambda: 0]
[min_gain_to_split: 0]
[drop_rate: 0.1]
[max_drop: 50]
[skip_drop: 0.5]
[xgboost_dart_mode: 0]
[uniform_drop: 0]
[drop_seed: 17869]
[top_rate: 0.2]
[other_rate: 0.1]
[min_data_per_group: 100]
[max_cat_threshold: 32]
[cat_l2: 10]
[cat_smooth: 10]
[max_cat_to_onehot: 4]
[top_k: 20]
[monotone_constraints: ]
[monotone_constraints_method: basic]
[monotone_penalty: 0]
[feature_contri: ]
[forcedsplits_filename: ]
[refit_decay_rate: 0.9]
[cegb_tradeoff: 1]
[cegb_penalty_split: 0]
[cegb_penalty_feature_lazy: ]
[cegb_penalty_feature_coupled: ]
[path_smooth: 0]
[interaction_constraints: ]
[verbosity: 1]
[saved_feature_importance_type: 0]
[use_quantized_grad: 0]
[num_grad_quant_bins: 4]
[quant_train_renew_leaf: 0]
[stochastic_rounding: 1]
[linear_tree: 0]
[max_bin: 255]
[max_bin_by_feature: ]
[min_data_in_bin: 3]
[bin_construct_sample_cnt: 200000]
[data_random_seed: 175]
[is_enable_sparse: 1]
[enable_bundle: 1]
[use_missing: 1]
[zero_as_missing: 0]
[feature_pre_filter: 1]
[pre_partition: 0]
[two_round: 0]
[header: 0]
[label_column: ]
[weight_column: ]
[group_column: ]
[ignore_column: ]
[categorical_feature: ]
[forcedbins_filename: ]
[precise_float_parser: 0]
[parser_config_file: ]
[objective_seed: 16083]
[num_class: 1]
[is_unbalance: 0]
[scale_pos_weight: 1]
[sigmoid: 1]
[boost_from_average: 1]
[reg_sqrt: 0]
[alpha: 0.9]
[fair_c: 1]
[poisson_max_delta_step: 0.7]
[tweedie_variance_power: 1.5]
[lambdarank_truncation_level: 30]
[lambdarank_norm: 1]
[label_gain: ]
[lambdarank_position_bias_regularization: 0]
[eval_at: ]
[multi_error_top_k: 1]
[auc_mu_weights: ]
[num_machines: 1]
[local_listen_port: 12400]
[time_out: 120]
[machine_list_filename: ]
[machines: ]
[gpu_platform_id: -1]
[gpu_device_id: -1]
[gpu_use_dp: 0]
[num_gpu: 1]

end of parameters

pandas_categorical:[]
